2026-08-16 00:03:47.441 [http-nio-8080-exec-1] INFO  o.a.c.c.C.[Tomcat].[localhost].[/] [] - Initializing Spring DispatcherServlet 'dispatcherServlet'
2026-08-16 00:03:47.472 [http-nio-8080-exec-1] INFO  o.s.web.servlet.DispatcherServlet [] - Initializing Servlet 'dispatcherServlet'
2026-08-16 00:03:47.477 [http-nio-8080-exec-1] INFO  o.s.web.servlet.DispatcherServlet [] - Completed initialization in 4 ms
2026-08-16 00:03:47.778 [http-nio-8080-exec-1] INFO  c.e.config.RequestAuditLoggingFilter [5309687a-a026-42b1-bf77-ebb55e97815c] - http_request method=OPTIONS uri=/api/auth/login status=200 durationMs=254 remoteAddr=0:0:0:0:0:0:0:1
2026-08-16 00:03:48.181 [http-nio-8080-exec-2] WARN  com.zaxxer.hikari.pool.PoolBase [d3ffdbb5-7f3f-4235-8cd0-01bbcb5f6261] - HikariPool-1 - Failed to validate connection org.postgresql.jdbc.PgConnection@62a81453 (This connection has been closed.). Possibly consider using a shorter maxLifetime value.
2026-08-16 00:03:48.186 [http-nio-8080-exec-2] WARN  com.zaxxer.hikari.pool.PoolBase [d3ffdbb5-7f3f-4235-8cd0-01bbcb5f6261] - HikariPool-1 - Failed to validate connection org.postgresql.jdbc.PgConnection@18f7cbb5 (This connection has been closed.). Possibly consider using a shorter maxLifetime value.
2026-08-16 00:03:48.191 [http-nio-8080-exec-2] WARN  com.zaxxer.hikari.pool.PoolBase [d3ffdbb5-7f3f-4235-8cd0-01bbcb5f6261] - HikariPool-1 - Failed to validate connection org.postgresql.jdbc.PgConnection@36eb820 (This connection has been closed.). Possibly consider using a shorter maxLifetime value.
2026-08-16 00:03:48.194 [http-nio-8080-exec-2] WARN  com.zaxxer.hikari.pool.PoolBase [d3ffdbb5-7f3f-4235-8cd0-01bbcb5f6261] - HikariPool-1 - Failed to validate connection org.postgresql.jdbc.PgConnection@63c6912b (This connection has been closed.). Possibly consider using a shorter maxLifetime value.
2026-08-16 00:03:48.198 [http-nio-8080-exec-2] WARN  com.zaxxer.hikari.pool.PoolBase [d3ffdbb5-7f3f-4235-8cd0-01bbcb5f6261] - HikariPool-1 - Failed to validate connection org.postgresql.jdbc.PgConnection@750e9651 (This connection has been closed.). Possibly consider using a shorter maxLifetime value.
2026-08-16 00:03:49.996 [http-nio-8080-exec-2] INFO  c.e.s.impl.AuthenticationServiceImpl [d3ffdbb5-7f3f-4235-8cd0-01bbcb5f6261] - Login success for userId=Aaru@123, email=aaru@gmail.com
2026-08-16 00:03:50.775 [http-nio-8080-exec-2] INFO  c.e.config.RequestAuditLoggingFilter [d3ffdbb5-7f3f-4235-8cd0-01bbcb5f6261] - http_request method=POST uri=/api/auth/login status=200 durationMs=2975 remoteAddr=0:0:0:0:0:0:0:1
2026-08-16 00:03:51.621 [http-nio-8080-exec-3] INFO  c.e.config.RequestAuditLoggingFilter [6f6bc94d-0211-4ea9-837f-efc370494fa0] - http_request method=OPTIONS uri=/api/dashboard/me status=200 durationMs=4 remoteAddr=0:0:0:0:0:0:0:1
2026-08-16 00:03:51.629 [http-nio-8080-exec-4] INFO  c.e.config.RequestAuditLoggingFilter [87cc0212-14ca-4890-bf7f-52153059d0cd] - http_request method=OPTIONS uri=/api/dashboard/me status=200 durationMs=4 remoteAddr=0:0:0:0:0:0:0:1
2026-08-16 00:03:54.383 [http-nio-8080-exec-5] INFO  c.e.config.RequestAuditLoggingFilter [bce331c2-7426-4d5f-9267-aaa615045a30] - http_request method=GET uri=/api/dashboard/me status=200 durationMs=2753 remoteAddr=0:0:0:0:0:0:0:1
2026-08-16 00:03:54.383 [http-nio-8080-exec-6] INFO  c.e.config.RequestAuditLoggingFilter [ae2f48e8-7ca1-4226-9b00-9d63c181491f] - http_request method=GET uri=/api/dashboard/me status=200 durationMs=2748 remoteAddr=0:0:0:0:0:0:0:1
2026-08-16 00:03:58.093 [http-nio-8080-exec-7] INFO  c.e.config.RequestAuditLoggingFilter [7012310e-45d9-41af-8047-17a9bc133a06] - http_request method=OPTIONS uri=/api/dashboard/me status=200 durationMs=3 remoteAddr=0:0:0:0:0:0:0:1
2026-08-16 00:03:58.109 [http-nio-8080-exec-8] INFO  c.e.config.RequestAuditLoggingFilter [d3fae7bc-c95f-4638-bf49-de23471a0209] - http_request method=OPTIONS uri=/api/dashboard/me status=200 durationMs=14 remoteAddr=0:0:0:0:0:0:0:1
2026-08-16 00:03:58.282 [http-nio-8080-exec-9] INFO  c.e.config.RequestAuditLoggingFilter [c79454a8-5f8d-416e-a98f-58d3ac8357d1] - http_request method=GET uri=/api/dashboard/me status=200 durationMs=178 remoteAddr=0:0:0:0:0:0:0:1
2026-08-16 00:03:58.291 [http-nio-8080-exec-10] INFO  c.e.config.RequestAuditLoggingFilter [c3c8534b-ffc3-40c5-8f3b-a1c5d83208e4] - http_request method=GET uri=/api/dashboard/me status=200 durationMs=170 remoteAddr=0:0:0:0:0:0:0:1
2026-08-16 00:04:04.968 [http-nio-8080-exec-11] INFO  c.e.config.RequestAuditLoggingFilter [e7dc4216-c35b-4b46-81e0-f89da225679a] - http_request method=OPTIONS uri=/api/exam-workflow/applications/37/schedule status=200 durationMs=10 remoteAddr=0:0:0:0:0:0:0:1
2026-08-16 00:04:05.558 [http-nio-8080-exec-12] INFO  c.e.config.RequestAuditLoggingFilter [8802922f-90b2-46ce-b140-5ad993d686dd] - http_request method=POST uri=/api/exam-workflow/applications/37/schedule status=400 durationMs=584 remoteAddr=0:0:0:0:0:0:0:1
2026-08-16 00:04:12.622 [http-nio-8080-exec-14] INFO  c.e.config.RequestAuditLoggingFilter [25710b1f-550b-4d82-91e3-3b0aae9c0b9f] - http_request method=OPTIONS uri=/api/exam-workflow/re-applyable status=200 durationMs=6 remoteAddr=0:0:0:0:0:0:0:1
2026-08-16 00:04:12.625 [http-nio-8080-exec-13] INFO  c.e.config.RequestAuditLoggingFilter [ca65e616-170e-4c4b-a2e9-6f8d18e1eb68] - http_request method=OPTIONS uri=/api/dashboard/me status=200 durationMs=22 remoteAddr=0:0:0:0:0:0:0:1
2026-08-16 00:04:12.692 [http-nio-8080-exec-17] INFO  c.e.config.RequestAuditLoggingFilter [6f728483-6bc5-4aeb-8e7c-e9686fbaf704] - http_request method=OPTIONS uri=/api/dashboard/me status=200 durationMs=13 remoteAddr=0:0:0:0:0:0:0:1
2026-08-16 00:04:12.695 [http-nio-8080-exec-18] INFO  c.e.config.RequestAuditLoggingFilter [d4a06119-eb84-4393-8ccf-e5319d226d52] - http_request method=OPTIONS uri=/api/exam-workflow/re-applyable status=200 durationMs=3 remoteAddr=0:0:0:0:0:0:0:1
2026-08-16 00:04:12.815 [http-nio-8080-exec-15] INFO  c.e.config.RequestAuditLoggingFilter [671be0b1-b52b-4639-bc59-dfce1b9c14b4] - http_request method=GET uri=/api/dashboard/me status=200 durationMs=172 remoteAddr=0:0:0:0:0:0:0:1
2026-08-16 00:04:12.869 [http-nio-8080-exec-19] INFO  c.e.config.RequestAuditLoggingFilter [019ec938-fdf0-4ab0-8679-f35078a1a8a6] - http_request method=GET uri=/api/dashboard/me status=200 durationMs=163 remoteAddr=0:0:0:0:0:0:0:1
2026-08-16 00:04:13.155 [http-nio-8080-exec-16] INFO  c.e.config.RequestAuditLoggingFilter [3003003e-d00e-4138-a8a3-ad4edd8dc32a] - http_request method=GET uri=/api/exam-workflow/re-applyable status=200 durationMs=511 remoteAddr=0:0:0:0:0:0:0:1
2026-08-16 00:04:13.155 [http-nio-8080-exec-18] INFO  c.e.config.RequestAuditLoggingFilter [ae080d74-80d0-4290-8c1a-f73dc4281fd8] - http_request method=GET uri=/api/exam-workflow/re-applyable status=200 durationMs=443 remoteAddr=0:0:0:0:0:0:0:1
2026-08-16 00:04:15.240 [http-nio-8080-exec-20] INFO  c.e.config.RequestAuditLoggingFilter [8309d96e-9797-413e-88b0-181e96336ff8] - http_request method=OPTIONS uri=/api/dashboard/me status=200 durationMs=5 remoteAddr=0:0:0:0:0:0:0:1
2026-08-16 00:04:15.259 [http-nio-8080-exec-2] INFO  c.e.config.RequestAuditLoggingFilter [08dfa045-c161-4c55-8dfa-d8f3e0a514ee] - http_request method=OPTIONS uri=/api/dashboard/me status=200 durationMs=2 remoteAddr=0:0:0:0:0:0:0:1
2026-08-16 00:04:15.407 [http-nio-8080-exec-1] INFO  c.e.config.RequestAuditLoggingFilter [08b711a5-f6b6-40ee-b690-af02e33d66ef] - http_request method=GET uri=/api/dashboard/me status=200 durationMs=159 remoteAddr=0:0:0:0:0:0:0:1
2026-08-16 00:04:15.420 [http-nio-8080-exec-3] INFO  c.e.config.RequestAuditLoggingFilter [cff2a8b3-e664-4b11-808c-708853bec061] - http_request method=GET uri=/api/dashboard/me status=200 durationMs=156 remoteAddr=0:0:0:0:0:0:0:1
2026-08-16 00:05:09.335 [http-nio-8080-exec-4] INFO  c.e.config.RequestAuditLoggingFilter [cfe3cfe0-75e8-4cf9-b59a-e16631b34a8f] - http_request method=OPTIONS uri=/api/exam-workflow/applications/37/start status=200 durationMs=4 remoteAddr=0:0:0:0:0:0:0:1
2026-08-16 00:05:10.674 [http-nio-8080-exec-5] INFO  c.e.s.impl.ExamWorkflowServiceImpl [0434f084-814d-4e99-b1e5-d98153647f48] - Exam resume applicationId=37 sessionToken=babada30-b9fa-405a-8c36-b91eb0360f2d questionCount=30 remainingSeconds=4637
2026-08-16 00:05:10.752 [http-nio-8080-exec-5] INFO  c.e.config.RequestAuditLoggingFilter [0434f084-814d-4e99-b1e5-d98153647f48] - http_request method=POST uri=/api/exam-workflow/applications/37/start status=200 durationMs=1407 remoteAddr=0:0:0:0:0:0:0:1
2026-08-16 00:05:31.740 [http-nio-8080-exec-9] INFO  c.e.config.RequestAuditLoggingFilter [1dc7bf6c-7753-4c16-865d-149710309f0e] - http_request method=OPTIONS uri=/api/proctor/log-violation status=200 durationMs=5 remoteAddr=0:0:0:0:0:0:0:1
2026-08-16 00:05:32.415 [http-nio-8080-exec-10] INFO  c.e.config.RequestAuditLoggingFilter [603978d7-fdfd-40c8-903e-e1380fb43f2b] - http_request method=POST uri=/api/proctor/log-violation status=200 durationMs=665 remoteAddr=0:0:0:0:0:0:0:1
2026-08-16 00:05:33.219 [proctor-async-1] INFO  c.e.s.impl.ViolationStrikeRecorder [] - AI proctoring violation recorded: sessionId=24 type=SOUND_DETECTED strike=2/3 action=FLAGGED_FOR_REVIEW evidence=true
2026-08-16 00:05:37.648 [http-nio-8080-exec-12] INFO  c.e.config.RequestAuditLoggingFilter [a5835aed-3e02-4d3a-81bb-c76fe7ab17bc] - http_request method=OPTIONS uri=/api/proctor/log-violation status=200 durationMs=5 remoteAddr=0:0:0:0:0:0:0:1
2026-08-16 00:05:39.277 [http-nio-8080-exec-12] INFO  c.e.config.RequestAuditLoggingFilter [94da122e-70a0-4db6-9718-24b5dd4e7a4b] - http_request method=POST uri=/api/proctor/log-violation status=200 durationMs=1607 remoteAddr=0:0:0:0:0:0:0:1
2026-08-16 00:05:39.846 [proctor-async-2] INFO  c.e.s.impl.ExamInvalidationHandler [] - Certification application marked TERMINATED after proctoring invalidation: sessionId=24 applicationId=37
2026-08-16 00:05:39.847 [proctor-async-2] INFO  c.e.s.impl.ViolationStrikeRecorder [] - AI proctoring violation recorded: sessionId=24 type=FACE_NOT_VISIBLE strike=3/3 action=EXAM_TERMINATED evidence=true
2026-08-16 00:05:58.154 [http-nio-8080-exec-13] INFO  c.e.config.RequestAuditLoggingFilter [555e566e-e090-4260-aa95-9a0c4e2cad9f] - http_request method=OPTIONS uri=/api/dashboard/me status=200 durationMs=7 remoteAddr=0:0:0:0:0:0:0:1
2026-08-16 00:05:58.205 [http-nio-8080-exec-15] INFO  c.e.config.RequestAuditLoggingFilter [6054c6c8-08a6-471c-bec1-c0132a040533] - http_request method=OPTIONS uri=/api/exam-workflow/re-applyable status=200 durationMs=5 remoteAddr=0:0:0:0:0:0:0:1
2026-08-16 00:05:58.223 [http-nio-8080-exec-19] INFO  c.e.config.RequestAuditLoggingFilter [f81e2486-4fb0-4b9c-981f-cad1e5277c4c] - http_request method=OPTIONS uri=/api/dashboard/me status=200 durationMs=4 remoteAddr=0:0:0:0:0:0:0:1
2026-08-16 00:05:58.240 [http-nio-8080-exec-18] INFO  c.e.config.RequestAuditLoggingFilter [5946fad8-2040-4d13-ac4c-107701888f12] - http_request method=OPTIONS uri=/api/exam-workflow/re-applyable status=200 durationMs=6 remoteAddr=0:0:0:0:0:0:0:1
2026-08-16 00:05:58.682 [http-nio-8080-exec-16] INFO  c.e.config.RequestAuditLoggingFilter [6b679d81-00b5-4146-9c92-55b1ff496167] - http_request method=GET uri=/api/exam-workflow/re-applyable status=200 durationMs=464 remoteAddr=0:0:0:0:0:0:0:1
2026-08-16 00:05:58.693 [http-nio-8080-exec-18] INFO  c.e.config.RequestAuditLoggingFilter [0a4b5327-6c8b-49f5-b447-3d0bf02b556b] - http_request method=GET uri=/api/exam-workflow/re-applyable status=200 durationMs=438 remoteAddr=0:0:0:0:0:0:0:1
2026-08-16 00:06:00.685 [http-nio-8080-exec-20] INFO  c.e.config.RequestAuditLoggingFilter [b748246f-0a5b-4c30-8f94-9613fdff48c2] - http_request method=GET uri=/api/dashboard/me status=200 durationMs=2446 remoteAddr=0:0:0:0:0:0:0:1
2026-08-16 00:06:00.726 [http-nio-8080-exec-17] INFO  c.e.config.RequestAuditLoggingFilter [df47da96-5cea-41f0-9f43-c8b2aab1c726] - http_request method=GET uri=/api/dashboard/me status=200 durationMs=2555 remoteAddr=0:0:0:0:0:0:0:1
2026-08-16 00:06:04.552 [http-nio-8080-exec-2] INFO  c.e.config.RequestAuditLoggingFilter [17e02d89-6b67-474d-b934-99f9c28eb46e] - http_request method=OPTIONS uri=/api/exam-workflow/applications/37/re-apply status=200 durationMs=5 remoteAddr=0:0:0:0:0:0:0:1
2026-08-16 00:06:05.221 [http-nio-8080-exec-1] INFO  c.e.s.impl.ExamWorkflowServiceImpl [5f050d3f-0908-437d-91a2-d100765f6fbe] - re-apply userId=aaru@gmail.com level=L3 sourceApplicationId=37 newApplicationId=38
2026-08-16 00:06:05.270 [http-nio-8080-exec-1] INFO  c.e.config.RequestAuditLoggingFilter [5f050d3f-0908-437d-91a2-d100765f6fbe] - http_request method=POST uri=/api/exam-workflow/applications/37/re-apply status=200 durationMs=712 remoteAddr=0:0:0:0:0:0:0:1
2026-08-16 00:06:05.891 [http-nio-8080-exec-3] INFO  c.e.config.RequestAuditLoggingFilter [ec2e5d6d-469e-441a-9ab6-ade8d5e0e34c] - http_request method=OPTIONS uri=/api/dashboard/me status=200 durationMs=7 remoteAddr=0:0:0:0:0:0:0:1
2026-08-16 00:06:05.898 [http-nio-8080-exec-4] INFO  c.e.config.RequestAuditLoggingFilter [52ae40cc-abcf-429b-8cac-59110d68fe1a] - http_request method=OPTIONS uri=/api/dashboard/me status=200 durationMs=7 remoteAddr=0:0:0:0:0:0:0:1
2026-08-16 00:06:07.525 [http-nio-8080-exec-7] INFO  c.e.config.RequestAuditLoggingFilter [1127bbf9-3bf8-4613-bd3c-74181a25e03b] - http_request method=OPTIONS uri=/api/exam-workflow/applications/38/payments/initiate status=200 durationMs=2 remoteAddr=0:0:0:0:0:0:0:1
2026-08-16 00:06:07.946 [http-nio-8080-exec-6] INFO  c.e.service.impl.PaymentServiceImpl [226a8cbd-3f62-4cef-bfc3-a4337232cdcd] - Payment initiated: transactionId=FDADAD4D9B8F467F, provider=RAZORPAY, applicationId=38
2026-08-16 00:06:07.961 [http-nio-8080-exec-4] INFO  c.e.config.RequestAuditLoggingFilter [5ec74104-703b-4fae-bf0c-71043ea264e6] - http_request method=GET uri=/api/dashboard/me status=200 durationMs=2056 remoteAddr=0:0:0:0:0:0:0:1
2026-08-16 00:06:08.130 [http-nio-8080-exec-5] INFO  c.e.config.RequestAuditLoggingFilter [c297519a-00e4-463a-90b6-b09bede3cd7d] - http_request method=GET uri=/api/dashboard/me status=200 durationMs=2230 remoteAddr=0:0:0:0:0:0:0:1
2026-08-16 00:06:08.138 [http-nio-8080-exec-6] INFO  c.e.config.RequestAuditLoggingFilter [226a8cbd-3f62-4cef-bfc3-a4337232cdcd] - http_request method=POST uri=/api/exam-workflow/applications/38/payments/initiate status=200 durationMs=606 remoteAddr=0:0:0:0:0:0:0:1
2026-08-16 00:06:08.152 [http-nio-8080-exec-8] INFO  c.e.config.RequestAuditLoggingFilter [a8b36053-d730-46c2-b853-492b073adcd1] - http_request method=OPTIONS uri=/api/exam-workflow/applications/38/payments/complete status=200 durationMs=3 remoteAddr=0:0:0:0:0:0:0:1
2026-08-16 00:06:10.203 [http-nio-8080-exec-9] INFO  c.e.config.RequestAuditLoggingFilter [56c92d1d-2fe0-4110-ae1e-e4de82e279ea] - http_request method=POST uri=/api/exam-workflow/applications/38/payments/complete status=200 durationMs=2045 remoteAddr=0:0:0:0:0:0:0:1
2026-08-16 00:06:11.681 [http-nio-8080-exec-10] INFO  c.e.config.RequestAuditLoggingFilter [f003f4b0-f2d5-4e43-aa3d-0ab841b6b152] - http_request method=OPTIONS uri=/api/dashboard/me status=200 durationMs=2 remoteAddr=0:0:0:0:0:0:0:1
2026-08-16 00:06:11.695 [http-nio-8080-exec-12] INFO  c.e.config.RequestAuditLoggingFilter [d1d357ac-ce6e-4ddd-8402-817bd3ea46f5] - http_request method=OPTIONS uri=/api/dashboard/me status=200 durationMs=3 remoteAddr=0:0:0:0:0:0:0:1
2026-08-16 00:06:13.727 [http-nio-8080-exec-14] INFO  c.e.config.RequestAuditLoggingFilter [3859f1e6-85ce-4b04-824f-d714a59dfb63] - http_request method=GET uri=/api/dashboard/me status=200 durationMs=2024 remoteAddr=0:0:0:0:0:0:0:1
2026-08-16 00:06:13.768 [http-nio-8080-exec-11] INFO  c.e.config.RequestAuditLoggingFilter [5db418c1-b147-4a9f-9f45-807701972cd1] - http_request method=GET uri=/api/dashboard/me status=200 durationMs=2077 remoteAddr=0:0:0:0:0:0:0:1
2026-08-16 00:06:23.165 [http-nio-8080-exec-13] INFO  c.e.config.RequestAuditLoggingFilter [ad71ee97-6ba9-418b-800a-fb368145082d] - http_request method=OPTIONS uri=/api/exam-workflow/applications/38/schedule status=200 durationMs=5 remoteAddr=0:0:0:0:0:0:0:1
2026-08-16 00:06:23.709 [http-nio-8080-exec-13] INFO  c.e.config.RequestAuditLoggingFilter [574e7bd3-41cf-409e-b78e-72a1939c0156] - http_request method=POST uri=/api/exam-workflow/applications/38/schedule status=200 durationMs=523 remoteAddr=0:0:0:0:0:0:0:1
2026-08-16 00:06:26.878 [http-nio-8080-exec-15] INFO  c.e.config.RequestAuditLoggingFilter [911cbfab-e3b8-4fda-bb01-443e72adcd44] - http_request method=OPTIONS uri=/api/dashboard/me status=200 durationMs=2 remoteAddr=0:0:0:0:0:0:0:1
2026-08-16 00:06:26.878 [http-nio-8080-exec-19] INFO  c.e.config.RequestAuditLoggingFilter [50e19011-7bcc-466f-9c19-b292df26eae6] - http_request method=OPTIONS uri=/api/dashboard/me status=200 durationMs=1 remoteAddr=0:0:0:0:0:0:0:1
2026-08-16 00:06:29.079 [http-nio-8080-exec-16] INFO  c.e.config.RequestAuditLoggingFilter [989804ba-86a5-4d0b-8278-b049b3ddce75] - http_request method=GET uri=/api/dashboard/me status=200 durationMs=2187 remoteAddr=0:0:0:0:0:0:0:1
2026-08-16 00:06:29.101 [http-nio-8080-exec-18] INFO  c.e.config.RequestAuditLoggingFilter [16eb77ac-f87f-4140-b132-e98c9dd9e74b] - http_request method=GET uri=/api/dashboard/me status=200 durationMs=2209 remoteAddr=0:0:0:0:0:0:0:1
2026-08-16 00:07:26.352 [http-nio-8080-exec-2] INFO  c.e.config.RequestAuditLoggingFilter [5684d11d-f4e8-48c9-b940-8714f2f29f77] - http_request method=OPTIONS uri=/api/exam-workflow/applications/38/start status=200 durationMs=17 remoteAddr=0:0:0:0:0:0:0:1
2026-08-16 00:07:27.104 [http-nio-8080-exec-1] INFO  c.e.s.impl.ExamWorkflowServiceImpl [e079aa80-4f1f-4f9c-b321-e2931bee8659] - Exam started applicationId=38 sessionToken=57304247-8d6b-499a-97f9-9d78a0546469 questionCount=30
2026-08-16 00:07:27.258 [http-nio-8080-exec-1] INFO  c.e.config.RequestAuditLoggingFilter [e079aa80-4f1f-4f9c-b321-e2931bee8659] - http_request method=POST uri=/api/exam-workflow/applications/38/start status=200 durationMs=893 remoteAddr=0:0:0:0:0:0:0:1
2026-08-16 00:07:38.724 [http-nio-8080-exec-7] INFO  c.e.config.RequestAuditLoggingFilter [a2d9e073-aa46-4278-acaa-1364138df361] - http_request method=OPTIONS uri=/api/proctor/log-violation status=200 durationMs=2 remoteAddr=0:0:0:0:0:0:0:1
2026-08-16 00:07:38.984 [http-nio-8080-exec-4] INFO  c.e.config.RequestAuditLoggingFilter [fcb97738-e0eb-4d12-9ce1-7b6f273e0c0a] - http_request method=POST uri=/api/proctor/log-violation status=200 durationMs=255 remoteAddr=0:0:0:0:0:0:0:1
2026-08-16 00:07:39.163 [proctor-async-3] INFO  c.e.s.impl.ViolationStrikeRecorder [] - AI proctoring violation recorded: sessionId=25 type=BROWSER_MONITORING strike=1/3 action=WARNING evidence=false
2026-08-16 00:07:49.496 [http-nio-8080-exec-6] INFO  c.e.config.RequestAuditLoggingFilter [901fd03f-28e0-4d27-a3ac-792808246c29] - http_request method=OPTIONS uri=/api/proctor/log-violation status=200 durationMs=15 remoteAddr=0:0:0:0:0:0:0:1
2026-08-16 00:07:49.716 [http-nio-8080-exec-8] INFO  c.e.config.RequestAuditLoggingFilter [b1237fb0-74fe-489b-b866-d70085a53611] - http_request method=POST uri=/api/proctor/log-violation status=200 durationMs=156 remoteAddr=0:0:0:0:0:0:0:1
2026-08-16 00:07:49.951 [proctor-async-4] INFO  c.e.s.impl.ViolationStrikeRecorder [] - AI proctoring violation recorded: sessionId=25 type=FACE_NOT_VISIBLE strike=2/3 action=WARNING evidence=true
2026-08-16 00:07:50.512 [http-nio-8080-exec-10] INFO  c.e.config.RequestAuditLoggingFilter [50e30dbc-ce56-4404-acc3-bff766401eaf] - http_request method=OPTIONS uri=/api/proctor/log-violation status=200 durationMs=12 remoteAddr=0:0:0:0:0:0:0:1
2026-08-16 00:07:51.561 [http-nio-8080-exec-12] INFO  c.e.config.RequestAuditLoggingFilter [2f6a3499-e0ba-4f73-ae58-62ab33c93f4a] - http_request method=POST uri=/api/proctor/log-violation status=200 durationMs=1041 remoteAddr=0:0:0:0:0:0:0:1
2026-08-16 00:07:51.847 [proctor-async-1] INFO  c.e.s.impl.ExamInvalidationHandler [] - Certification application marked TERMINATED after proctoring invalidation: sessionId=25 applicationId=38
2026-08-16 00:07:51.847 [proctor-async-1] INFO  c.e.s.impl.ViolationStrikeRecorder [] - AI proctoring violation recorded: sessionId=25 type=BROWSER_MONITORING strike=3/3 action=EXAM_TERMINATED evidence=false
2026-08-16 00:07:55.302 [http-nio-8080-exec-11] INFO  c.e.config.RequestAuditLoggingFilter [920d1416-984e-4c60-8b9a-095da0c4aa9a] - http_request method=OPTIONS uri=/api/dashboard/me status=200 durationMs=2 remoteAddr=0:0:0:0:0:0:0:1
2026-08-16 00:07:55.326 [http-nio-8080-exec-13] INFO  c.e.config.RequestAuditLoggingFilter [7156cc17-5aa1-4994-b9e0-d8d7dd7dc82e] - http_request method=OPTIONS uri=/api/exam-workflow/re-applyable status=200 durationMs=1 remoteAddr=0:0:0:0:0:0:0:1
2026-08-16 00:07:55.346 [http-nio-8080-exec-16] INFO  c.e.config.RequestAuditLoggingFilter [9f6fd318-b63a-4693-9818-774735bd8fd3] - http_request method=OPTIONS uri=/api/dashboard/me status=200 durationMs=6 remoteAddr=0:0:0:0:0:0:0:1
2026-08-16 00:07:55.394 [http-nio-8080-exec-20] INFO  c.e.config.RequestAuditLoggingFilter [7884954b-9a33-4065-8c29-39df93f758a6] - http_request method=OPTIONS uri=/api/exam-workflow/re-applyable status=200 durationMs=15 remoteAddr=0:0:0:0:0:0:0:1
2026-08-16 00:07:55.791 [http-nio-8080-exec-15] INFO  c.e.config.RequestAuditLoggingFilter [481f668e-3fd3-43b3-a73d-6898b86c1411] - http_request method=GET uri=/api/exam-workflow/re-applyable status=200 durationMs=453 remoteAddr=0:0:0:0:0:0:0:1
2026-08-16 00:07:55.881 [http-nio-8080-exec-20] INFO  c.e.config.RequestAuditLoggingFilter [2a9cbfde-8778-49a6-a002-71c322cfaf5e] - http_request method=GET uri=/api/exam-workflow/re-applyable status=200 durationMs=481 remoteAddr=0:0:0:0:0:0:0:1
2026-08-16 00:07:57.657 [http-nio-8080-exec-18] INFO  c.e.config.RequestAuditLoggingFilter [b74ed3b7-73ba-4635-9184-36037384fbe5] - http_request method=GET uri=/api/dashboard/me status=200 durationMs=2300 remoteAddr=0:0:0:0:0:0:0:1
2026-08-16 00:07:57.678 [http-nio-8080-exec-19] INFO  c.e.config.RequestAuditLoggingFilter [8a792ca3-f0df-4ddf-bb3a-e0eff770d88a] - http_request method=GET uri=/api/dashboard/me status=200 durationMs=2353 remoteAddr=0:0:0:0:0:0:0:1
2026-08-16 00:09:16.817 [http-nio-8080-exec-7] INFO  c.e.config.RequestAuditLoggingFilter [d4305f99-7566-4933-af8f-955a46a2f6d4] - http_request method=OPTIONS uri=/api/certificates/me status=200 durationMs=6 remoteAddr=0:0:0:0:0:0:0:1
2026-08-16 00:09:16.822 [http-nio-8080-exec-4] INFO  c.e.config.RequestAuditLoggingFilter [580cbdb1-e981-4404-8b1d-23838138c528] - http_request method=OPTIONS uri=/api/certificates/me status=200 durationMs=4 remoteAddr=0:0:0:0:0:0:0:1
2026-08-16 00:09:17.567 [http-nio-8080-exec-5] INFO  c.e.config.RequestAuditLoggingFilter [6ad78391-7f32-45d8-906c-b7088b3a2725] - http_request method=GET uri=/api/certificates/me status=200 durationMs=734 remoteAddr=0:0:0:0:0:0:0:1
2026-08-16 00:09:17.570 [http-nio-8080-exec-6] INFO  c.e.config.RequestAuditLoggingFilter [fd6ed5a9-94ca-41c2-851e-8db1bbed2c99] - http_request method=GET uri=/api/certificates/me status=200 durationMs=737 remoteAddr=0:0:0:0:0:0:0:1
2026-08-16 00:09:18.973 [http-nio-8080-exec-8] INFO  c.e.config.RequestAuditLoggingFilter [da1f4a81-b6e4-495d-91d2-7e4ff599b823] - http_request method=OPTIONS uri=/api/results/me status=200 durationMs=5 remoteAddr=0:0:0:0:0:0:0:1
2026-08-16 00:09:18.977 [http-nio-8080-exec-10] INFO  c.e.config.RequestAuditLoggingFilter [0564ab22-28bc-4d9f-bc54-6045a76eb215] - http_request method=OPTIONS uri=/api/certificates/me status=200 durationMs=3 remoteAddr=0:0:0:0:0:0:0:1
2026-08-16 00:09:18.992 [http-nio-8080-exec-9] INFO  c.e.config.RequestAuditLoggingFilter [10290156-b9b2-4062-a883-b5d8ac1a84bb] - http_request method=OPTIONS uri=/api/results/me status=200 durationMs=7 remoteAddr=0:0:0:0:0:0:0:1
2026-08-16 00:09:19.025 [http-nio-8080-exec-13] INFO  c.e.config.RequestAuditLoggingFilter [f095a27a-5a0a-467d-a889-43989e14f486] - http_request method=OPTIONS uri=/api/certificates/me status=200 durationMs=2 remoteAddr=0:0:0:0:0:0:0:1
2026-08-16 00:09:19.507 [http-nio-8080-exec-12] INFO  c.e.config.RequestAuditLoggingFilter [773fbca7-c0d4-4959-8bc4-996a95964a01] - http_request method=GET uri=/api/certificates/me status=200 durationMs=502 remoteAddr=0:0:0:0:0:0:0:1
2026-08-16 00:09:19.590 [http-nio-8080-exec-16] INFO  c.e.config.RequestAuditLoggingFilter [31ca2c8c-b765-4169-8784-902efd011e56] - http_request method=GET uri=/api/certificates/me status=200 durationMs=550 remoteAddr=0:0:0:0:0:0:0:1
2026-08-16 00:09:20.106 [http-nio-8080-exec-14] INFO  c.e.config.RequestAuditLoggingFilter [43730486-24ad-4371-b84e-bc89b7817173] - http_request method=GET uri=/api/results/me status=200 durationMs=1114 remoteAddr=0:0:0:0:0:0:0:1
2026-08-16 00:09:20.106 [http-nio-8080-exec-11] INFO  c.e.config.RequestAuditLoggingFilter [2fae409b-b87e-40c3-9983-4bfd1ed28b69] - http_request method=GET uri=/api/results/me status=200 durationMs=1103 remoteAddr=0:0:0:0:0:0:0:1
2026-08-16 00:09:21.175 [http-nio-8080-exec-15] INFO  c.e.config.RequestAuditLoggingFilter [041b40f4-8c82-4cdc-a280-cb696598aa99] - http_request method=OPTIONS uri=/api/dashboard/me status=200 durationMs=1 remoteAddr=0:0:0:0:0:0:0:1
2026-08-16 00:09:21.183 [http-nio-8080-exec-15] INFO  c.e.config.RequestAuditLoggingFilter [2cc83c17-7373-499a-930b-a50344774372] - http_request method=OPTIONS uri=/api/dashboard/me status=200 durationMs=1 remoteAddr=0:0:0:0:0:0:0:1
2026-08-16 00:09:21.361 [http-nio-8080-exec-18] INFO  c.e.config.RequestAuditLoggingFilter [08037e2d-6679-4f2a-86dd-97d7b26d27f6] - http_request method=GET uri=/api/dashboard/me status=200 durationMs=170 remoteAddr=0:0:0:0:0:0:0:1
2026-08-16 00:09:21.372 [http-nio-8080-exec-19] INFO  c.e.config.RequestAuditLoggingFilter [007d7f77-d8d2-4440-a165-9afe3cab4518] - http_request method=GET uri=/api/dashboard/me status=200 durationMs=175 remoteAddr=0:0:0:0:0:0:0:1
2026-08-16 00:09:22.810 [http-nio-8080-exec-2] INFO  c.e.config.RequestAuditLoggingFilter [ee272451-e8e0-4f0e-9112-fea547df5f4b] - http_request method=OPTIONS uri=/api/dashboard/me status=200 durationMs=1 remoteAddr=0:0:0:0:0:0:0:1
2026-08-16 00:09:22.820 [http-nio-8080-exec-17] INFO  c.e.config.RequestAuditLoggingFilter [53e8a987-f35f-4d86-8263-55591fbf37d7] - http_request method=OPTIONS uri=/api/dashboard/me status=200 durationMs=8 remoteAddr=0:0:0:0:0:0:0:1
2026-08-16 00:09:23.007 [http-nio-8080-exec-1] INFO  c.e.config.RequestAuditLoggingFilter [47234d6a-ffc5-47f3-8841-543dc7d3b670] - http_request method=GET uri=/api/dashboard/me status=200 durationMs=174 remoteAddr=0:0:0:0:0:0:0:1
2026-08-16 00:09:23.006 [http-nio-8080-exec-3] INFO  c.e.config.RequestAuditLoggingFilter [6ee6b855-a3fa-4309-9844-7ee612a9c2ad] - http_request method=GET uri=/api/dashboard/me status=200 durationMs=172 remoteAddr=0:0:0:0:0:0:0:1
2026-08-16 00:09:24.484 [http-nio-8080-exec-7] INFO  c.e.config.RequestAuditLoggingFilter [c183cefd-fcac-4728-a8ce-0053e5e55492] - http_request method=OPTIONS uri=/api/certificates/me status=200 durationMs=4 remoteAddr=0:0:0:0:0:0:0:1
2026-08-16 00:09:24.493 [http-nio-8080-exec-4] INFO  c.e.config.RequestAuditLoggingFilter [3f3eaeb5-0223-45d4-ba5e-64e3b5407a9d] - http_request method=OPTIONS uri=/api/results/me status=200 durationMs=4 remoteAddr=0:0:0:0:0:0:0:1
2026-08-16 00:09:24.510 [http-nio-8080-exec-5] INFO  c.e.config.RequestAuditLoggingFilter [c4402476-d784-4e65-abd1-f33dda944cac] - http_request method=OPTIONS uri=/api/results/me status=200 durationMs=1 remoteAddr=0:0:0:0:0:0:0:1
2026-08-16 00:09:24.522 [http-nio-8080-exec-6] INFO  c.e.config.RequestAuditLoggingFilter [ed3cc5e4-1b7c-46f8-9af1-3905c2bbae5b] - http_request method=OPTIONS uri=/api/certificates/me status=200 durationMs=8 remoteAddr=0:0:0:0:0:0:0:1
2026-08-16 00:09:25.092 [http-nio-8080-exec-7] INFO  c.e.config.RequestAuditLoggingFilter [c8f12dd2-96de-4d1a-82b8-44ec9409cf46] - http_request method=GET uri=/api/certificates/me status=200 durationMs=598 remoteAddr=0:0:0:0:0:0:0:1
2026-08-16 00:09:25.096 [http-nio-8080-exec-6] INFO  c.e.config.RequestAuditLoggingFilter [24f8c084-ff73-44f3-84a7-d1e8eae052b9] - http_request method=GET uri=/api/certificates/me status=200 durationMs=551 remoteAddr=0:0:0:0:0:0:0:1
2026-08-16 00:09:25.603 [http-nio-8080-exec-4] INFO  c.e.config.RequestAuditLoggingFilter [a0bc6b74-684f-4a76-8e3d-9ce977ab3cf5] - http_request method=GET uri=/api/results/me status=200 durationMs=1098 remoteAddr=0:0:0:0:0:0:0:1
2026-08-16 00:09:25.693 [http-nio-8080-exec-8] INFO  c.e.config.RequestAuditLoggingFilter [e724cb60-e62b-4140-a11b-d147e4bbd13b] - http_request method=GET uri=/api/results/me status=200 durationMs=1148 remoteAddr=0:0:0:0:0:0:0:1
2026-08-16 00:09:26.982 [http-nio-8080-exec-10] INFO  c.e.config.RequestAuditLoggingFilter [ea47e1b5-86cc-4c53-9685-09517a74e34c] - http_request method=OPTIONS uri=/api/dashboard/me status=200 durationMs=4 remoteAddr=0:0:0:0:0:0:0:1
2026-08-16 00:09:26.985 [http-nio-8080-exec-9] INFO  c.e.config.RequestAuditLoggingFilter [5119182d-8130-4951-892b-9e21e5103271] - http_request method=OPTIONS uri=/api/dashboard/me status=200 durationMs=7 remoteAddr=0:0:0:0:0:0:0:1
2026-08-16 00:09:27.192 [http-nio-8080-exec-13] INFO  c.e.config.RequestAuditLoggingFilter [ac78b885-bb50-43e9-950f-acd3c12e3696] - http_request method=GET uri=/api/dashboard/me status=200 durationMs=190 remoteAddr=0:0:0:0:0:0:0:1
2026-08-16 00:09:27.196 [http-nio-8080-exec-12] INFO  c.e.config.RequestAuditLoggingFilter [03b7abc9-0542-44b0-b4c8-871b146cc9bb] - http_request method=GET uri=/api/dashboard/me status=200 durationMs=185 remoteAddr=0:0:0:0:0:0:0:1
2026-08-16 00:09:28.283 [http-nio-8080-exec-11] INFO  c.e.config.RequestAuditLoggingFilter [9c72be09-95a3-4357-a796-bb3846ededce] - http_request method=OPTIONS uri=/api/dashboard/me status=200 durationMs=7 remoteAddr=0:0:0:0:0:0:0:1
2026-08-16 00:09:28.278 [http-nio-8080-exec-16] INFO  c.e.config.RequestAuditLoggingFilter [aa32684d-c7d1-4263-920a-60685e98261e] - http_request method=OPTIONS uri=/api/dashboard/me status=200 durationMs=2 remoteAddr=0:0:0:0:0:0:0:1
2026-08-16 00:09:28.430 [http-nio-8080-exec-14] INFO  c.e.config.RequestAuditLoggingFilter [75fef564-625f-4b66-9d59-11734b997e6d] - http_request method=GET uri=/api/dashboard/me status=200 durationMs=135 remoteAddr=0:0:0:0:0:0:0:1
2026-08-16 00:09:28.430 [http-nio-8080-exec-15] INFO  c.e.config.RequestAuditLoggingFilter [7807ae1d-4383-491a-8428-fdfdebde593d] - http_request method=GET uri=/api/dashboard/me status=200 durationMs=135 remoteAddr=0:0:0:0:0:0:0:1
2026-08-16 00:09:29.911 [http-nio-8080-exec-18] INFO  c.e.config.RequestAuditLoggingFilter [30b91e85-9873-4252-a202-f9148c84c10a] - http_request method=OPTIONS uri=/api/exam-workflow/re-applyable status=200 durationMs=2 remoteAddr=0:0:0:0:0:0:0:1
2026-08-16 00:09:29.911 [http-nio-8080-exec-20] INFO  c.e.config.RequestAuditLoggingFilter [8e940db6-627c-428b-aedd-35c7bd7b4d98] - http_request method=OPTIONS uri=/api/dashboard/me status=200 durationMs=3 remoteAddr=0:0:0:0:0:0:0:1
2026-08-16 00:09:29.922 [http-nio-8080-exec-19] INFO  c.e.config.RequestAuditLoggingFilter [4f4f3e08-9ccf-42cc-ad30-ab05edb3b6b3] - http_request method=OPTIONS uri=/api/dashboard/me status=200 durationMs=9 remoteAddr=0:0:0:0:0:0:0:1
2026-08-16 00:09:29.938 [http-nio-8080-exec-1] INFO  c.e.config.RequestAuditLoggingFilter [8d0761ab-6bf0-48da-9c44-e81bc1794ca7] - http_request method=OPTIONS uri=/api/exam-workflow/re-applyable status=200 durationMs=2 remoteAddr=0:0:0:0:0:0:0:1
2026-08-16 00:09:30.056 [http-nio-8080-exec-20] INFO  c.e.config.RequestAuditLoggingFilter [eda82f5f-62ee-4fc8-8f19-144d56e5425a] - http_request method=GET uri=/api/dashboard/me status=200 durationMs=135 remoteAddr=0:0:0:0:0:0:0:1
2026-08-16 00:09:30.078 [http-nio-8080-exec-2] INFO  c.e.config.RequestAuditLoggingFilter [351d5827-2d55-4764-9be6-9eaefa2b98a3] - http_request method=GET uri=/api/dashboard/me status=200 durationMs=151 remoteAddr=0:0:0:0:0:0:0:1
2026-08-16 00:09:30.291 [http-nio-8080-exec-17] INFO  c.e.config.RequestAuditLoggingFilter [faa8615c-3150-49c5-a2b3-1182d43a4abf] - http_request method=GET uri=/api/exam-workflow/re-applyable status=200 durationMs=368 remoteAddr=0:0:0:0:0:0:0:1
2026-08-16 00:09:30.422 [http-nio-8080-exec-3] INFO  c.e.config.RequestAuditLoggingFilter [d7651e65-ed29-4bed-9a96-02194732c435] - http_request method=GET uri=/api/exam-workflow/re-applyable status=200 durationMs=477 remoteAddr=0:0:0:0:0:0:0:1
2026-08-16 00:09:32.742 [http-nio-8080-exec-5] INFO  c.e.config.RequestAuditLoggingFilter [5c64abc2-5e78-40e4-ac78-7fef35523fcf] - http_request method=OPTIONS uri=/api/exam-workflow/applications/38/re-apply status=200 durationMs=2 remoteAddr=0:0:0:0:0:0:0:1
2026-08-16 00:09:33.192 [http-nio-8080-exec-5] INFO  c.e.s.impl.ExamWorkflowServiceImpl [ca48381f-f972-48d6-95fc-36050444ea23] - re-apply userId=aaru@gmail.com level=L3 sourceApplicationId=38 newApplicationId=39
2026-08-16 00:09:33.241 [http-nio-8080-exec-5] INFO  c.e.config.RequestAuditLoggingFilter [ca48381f-f972-48d6-95fc-36050444ea23] - http_request method=POST uri=/api/exam-workflow/applications/38/re-apply status=200 durationMs=491 remoteAddr=0:0:0:0:0:0:0:1
2026-08-16 00:09:33.501 [http-nio-8080-exec-7] INFO  c.e.config.RequestAuditLoggingFilter [5b9a06c3-85f3-46de-8844-e1af5e3f68ed] - http_request method=OPTIONS uri=/api/dashboard/me status=200 durationMs=5 remoteAddr=0:0:0:0:0:0:0:1
2026-08-16 00:09:33.501 [http-nio-8080-exec-6] INFO  c.e.config.RequestAuditLoggingFilter [521687bd-26f3-45e6-be42-739f7f683977] - http_request method=OPTIONS uri=/api/dashboard/me status=200 durationMs=3 remoteAddr=0:0:0:0:0:0:0:1
2026-08-16 00:09:35.631 [http-nio-8080-exec-4] INFO  c.e.config.RequestAuditLoggingFilter [cb34133b-f6a7-4961-a54b-1eff1b038647] - http_request method=GET uri=/api/dashboard/me status=200 durationMs=2120 remoteAddr=0:0:0:0:0:0:0:1
2026-08-16 00:09:35.658 [http-nio-8080-exec-8] INFO  c.e.config.RequestAuditLoggingFilter [82af8862-2956-4902-afc1-acd4ae7a20ae] - http_request method=GET uri=/api/dashboard/me status=200 durationMs=2147 remoteAddr=0:0:0:0:0:0:0:1
2026-08-16 00:09:37.369 [http-nio-8080-exec-10] INFO  c.e.config.RequestAuditLoggingFilter [c1254813-ecb6-4ad7-9c39-c7ee74d25d97] - http_request method=OPTIONS uri=/api/exam-workflow/applications/39/payments/initiate status=200 durationMs=12 remoteAddr=0:0:0:0:0:0:0:1
2026-08-16 00:09:37.886 [http-nio-8080-exec-9] INFO  c.e.service.impl.PaymentServiceImpl [2cd3c466-30b8-4b07-94bf-acb875b45141] - Payment initiated: transactionId=0A5A7D49E3E541D3, provider=RAZORPAY, applicationId=39
2026-08-16 00:09:37.991 [http-nio-8080-exec-9] INFO  c.e.config.RequestAuditLoggingFilter [2cd3c466-30b8-4b07-94bf-acb875b45141] - http_request method=POST uri=/api/exam-workflow/applications/39/payments/initiate status=200 durationMs=561 remoteAddr=0:0:0:0:0:0:0:1
2026-08-16 00:09:38.081 [http-nio-8080-exec-13] INFO  c.e.config.RequestAuditLoggingFilter [4ff8d86e-26a8-4581-8dbb-152921c35552] - http_request method=OPTIONS uri=/api/exam-workflow/applications/39/payments/complete status=200 durationMs=2 remoteAddr=0:0:0:0:0:0:0:1
2026-08-16 00:09:40.263 [http-nio-8080-exec-12] INFO  c.e.config.RequestAuditLoggingFilter [530627fe-547f-4336-97ac-27afde5c234c] - http_request method=POST uri=/api/exam-workflow/applications/39/payments/complete status=200 durationMs=2175 remoteAddr=0:0:0:0:0:0:0:1
2026-08-16 00:09:41.774 [http-nio-8080-exec-16] INFO  c.e.config.RequestAuditLoggingFilter [379f4491-9efb-40fc-929c-b3212dbb5bb9] - http_request method=OPTIONS uri=/api/dashboard/me status=200 durationMs=2 remoteAddr=0:0:0:0:0:0:0:1
2026-08-16 00:09:41.774 [http-nio-8080-exec-11] INFO  c.e.config.RequestAuditLoggingFilter [edcd5b06-d6f0-4a65-bc9c-f56a4a23c435] - http_request method=OPTIONS uri=/api/dashboard/me status=200 durationMs=6 remoteAddr=0:0:0:0:0:0:0:1
2026-08-16 00:09:44.359 [http-nio-8080-exec-16] INFO  c.e.config.RequestAuditLoggingFilter [01f2a9c2-25f9-4c98-9f99-8ec71ac1e7b7] - http_request method=GET uri=/api/dashboard/me status=200 durationMs=2562 remoteAddr=0:0:0:0:0:0:0:1
2026-08-16 00:09:44.364 [http-nio-8080-exec-15] INFO  c.e.config.RequestAuditLoggingFilter [6c43e894-6d99-4650-b615-e9b26b29f15c] - http_request method=GET uri=/api/dashboard/me status=200 durationMs=2553 remoteAddr=0:0:0:0:0:0:0:1
2026-08-16 00:19:05.282 [http-nio-8080-exec-2] INFO  c.e.config.RequestAuditLoggingFilter [557a3bcd-be3c-4525-820a-3af00cec2cf8] - http_request method=OPTIONS uri=/api/dashboard/me status=200 durationMs=25 remoteAddr=0:0:0:0:0:0:0:1
2026-08-16 00:19:05.381 [http-nio-8080-exec-17] WARN  com.zaxxer.hikari.pool.PoolBase [ad15a632-398e-4752-93f0-b268aadfc78f] - HikariPool-1 - Failed to validate connection org.postgresql.jdbc.PgConnection@617fba23 (This connection has been closed.). Possibly consider using a shorter maxLifetime value.
2026-08-16 00:19:05.392 [http-nio-8080-exec-17] WARN  com.zaxxer.hikari.pool.PoolBase [ad15a632-398e-4752-93f0-b268aadfc78f] - HikariPool-1 - Failed to validate connection org.postgresql.jdbc.PgConnection@6d3f7773 (This connection has been closed.). Possibly consider using a shorter maxLifetime value.
2026-08-16 00:19:05.397 [http-nio-8080-exec-17] WARN  com.zaxxer.hikari.pool.PoolBase [ad15a632-398e-4752-93f0-b268aadfc78f] - HikariPool-1 - Failed to validate connection org.postgresql.jdbc.PgConnection@531a065e (This connection has been closed.). Possibly consider using a shorter maxLifetime value.
2026-08-16 00:19:05.398 [http-nio-8080-exec-17] WARN  com.zaxxer.hikari.pool.PoolBase [ad15a632-398e-4752-93f0-b268aadfc78f] - HikariPool-1 - Failed to validate connection org.postgresql.jdbc.PgConnection@4fa800bc (This connection has been closed.). Possibly consider using a shorter maxLifetime value.
2026-08-16 00:19:05.418 [http-nio-8080-exec-17] WARN  com.zaxxer.hikari.pool.PoolBase [ad15a632-398e-4752-93f0-b268aadfc78f] - HikariPool-1 - Failed to validate connection org.postgresql.jdbc.PgConnection@70b45c58 (This connection has been closed.). Possibly consider using a shorter maxLifetime value.
2026-08-16 00:19:08.832 [http-nio-8080-exec-17] INFO  c.e.config.RequestAuditLoggingFilter [ad15a632-398e-4752-93f0-b268aadfc78f] - http_request method=GET uri=/api/dashboard/me status=200 durationMs=3516 remoteAddr=0:0:0:0:0:0:0:1
2026-08-16 00:19:08.974 [http-nio-8080-exec-3] INFO  c.e.config.RequestAuditLoggingFilter [7baceffe-52f9-49a5-ad83-1c94868474b5] - http_request method=OPTIONS uri=/api/dashboard/me status=200 durationMs=2 remoteAddr=0:0:0:0:0:0:0:1
2026-08-16 00:19:09.093 [http-nio-8080-exec-5] INFO  c.e.config.RequestAuditLoggingFilter [2b4f6d73-d7b3-4c35-8aef-46bce0035df0] - http_request method=GET uri=/api/dashboard/me status=200 durationMs=113 remoteAddr=0:0:0:0:0:0:0:1
2026-08-16 00:20:30.424 [http-nio-8080-exec-7] INFO  c.e.config.RequestAuditLoggingFilter [e77d724e-478d-43c7-8aad-1a482ad10895] - http_request method=OPTIONS uri=/api/dashboard/me status=200 durationMs=6 remoteAddr=0:0:0:0:0:0:0:1
2026-08-16 00:20:30.440 [http-nio-8080-exec-4] INFO  c.e.config.RequestAuditLoggingFilter [d512e8e3-4dde-4a59-b3f0-960b7663c6bf] - http_request method=OPTIONS uri=/api/dashboard/me status=200 durationMs=2 remoteAddr=0:0:0:0:0:0:0:1
2026-08-16 00:20:30.622 [http-nio-8080-exec-8] INFO  c.e.config.RequestAuditLoggingFilter [1dc59aa4-8aa4-4611-9474-c7b1f9aea5ec] - http_request method=GET uri=/api/dashboard/me status=200 durationMs=180 remoteAddr=0:0:0:0:0:0:0:1
2026-08-16 00:20:30.623 [http-nio-8080-exec-10] INFO  c.e.config.RequestAuditLoggingFilter [13fd4eb0-b29d-4b1a-b057-41d10bf8c36b] - http_request method=GET uri=/api/dashboard/me status=200 durationMs=178 remoteAddr=0:0:0:0:0:0:0:1
2026-08-16 00:20:53.821 [http-nio-8080-exec-9] INFO  c.e.config.RequestAuditLoggingFilter [533154de-4308-4748-a370-248d2c3e3516] - http_request method=OPTIONS uri=/api/dashboard/me status=200 durationMs=3 remoteAddr=0:0:0:0:0:0:0:1
2026-08-16 00:20:53.822 [http-nio-8080-exec-13] INFO  c.e.config.RequestAuditLoggingFilter [beab7e00-aacf-4e31-aa97-ed9572f36d1e] - http_request method=OPTIONS uri=/api/dashboard/me status=200 durationMs=2 remoteAddr=0:0:0:0:0:0:0:1
2026-08-16 00:20:53.963 [http-nio-8080-exec-12] INFO  c.e.config.RequestAuditLoggingFilter [a44f74ea-907a-4400-8f72-a2e557700f0f] - http_request method=GET uri=/api/dashboard/me status=200 durationMs=136 remoteAddr=0:0:0:0:0:0:0:1
2026-08-16 00:20:53.970 [http-nio-8080-exec-11] INFO  c.e.config.RequestAuditLoggingFilter [20f2b7e7-a421-40a8-86da-c212b9f00266] - http_request method=GET uri=/api/dashboard/me status=200 durationMs=144 remoteAddr=0:0:0:0:0:0:0:1
2026-08-16 00:26:10.178 [http-nio-8080-exec-15] INFO  c.e.config.RequestAuditLoggingFilter [8b90e1f9-530d-403b-b92f-4de48750bb16] - http_request method=OPTIONS uri=/api/dashboard/me status=200 durationMs=31 remoteAddr=0:0:0:0:0:0:0:1
2026-08-16 00:26:10.234 [http-nio-8080-exec-18] INFO  c.e.config.RequestAuditLoggingFilter [9f74e44c-56d4-447c-b7aa-518d3779ca1a] - http_request method=OPTIONS uri=/api/dashboard/me status=200 durationMs=2 remoteAddr=0:0:0:0:0:0:0:1
2026-08-16 00:26:12.518 [http-nio-8080-exec-1] INFO  c.e.config.RequestAuditLoggingFilter [f8bdb809-d105-4f45-81c9-8175923f7a69] - http_request method=GET uri=/api/dashboard/me status=200 durationMs=2279 remoteAddr=0:0:0:0:0:0:0:1
2026-08-16 00:26:12.621 [http-nio-8080-exec-19] INFO  c.e.config.RequestAuditLoggingFilter [7447dc92-a91c-4c45-9573-fafa695cec25] - http_request method=GET uri=/api/dashboard/me status=200 durationMs=2425 remoteAddr=0:0:0:0:0:0:0:1
2026-08-16 00:31:11.153 [http-nio-8080-exec-17] INFO  c.e.config.RequestAuditLoggingFilter [d5642228-6333-47df-8849-21ae000d30b4] - http_request method=OPTIONS uri=/api/auth/logout status=200 durationMs=2 remoteAddr=0:0:0:0:0:0:0:1
2026-08-16 00:31:11.350 [http-nio-8080-exec-3] INFO  c.e.s.impl.AuthenticationServiceImpl [67f4318d-5cc6-4d42-8acd-0e589764f157] - Refresh token revoked successfully during logout
2026-08-16 00:31:11.418 [http-nio-8080-exec-3] INFO  c.e.config.RequestAuditLoggingFilter [67f4318d-5cc6-4d42-8acd-0e589764f157] - http_request method=POST uri=/api/auth/logout status=200 durationMs=250 remoteAddr=0:0:0:0:0:0:0:1
2026-08-16 00:32:08.774 [background-preinit] INFO  o.h.validator.internal.util.Version [] - HV000001: Hibernate Validator 8.0.2.Final
2026-08-16 00:32:08.932 [main] INFO  c.e.r.ProctoringRepositoryQueryTest [] - Starting ProctoringRepositoryQueryTest using Java 21.0.12 with PID 25649 (started by vignesh in /Users/vignesh/ems/EMS_SERVICES)
2026-08-16 00:32:08.933 [main] DEBUG c.e.r.ProctoringRepositoryQueryTest [] - Running with Spring Boot v3.3.7, Spring v6.1.16
2026-08-16 00:32:08.936 [main] INFO  c.e.r.ProctoringRepositoryQueryTest [] - The following 1 profile is active: "dev"
2026-08-16 00:32:12.241 [main] INFO  o.s.d.r.c.RepositoryConfigurationDelegate [] - Bootstrapping Spring Data JPA repositories in DEFAULT mode.
2026-08-16 00:32:12.790 [main] INFO  o.s.d.r.c.RepositoryConfigurationDelegate [] - Finished Spring Data repository scanning in 532 ms. Found 17 JPA repository interfaces.
2026-08-16 00:32:13.287 [main] INFO  o.s.b.t.a.j.TestDatabaseAutoConfiguration$EmbeddedDataSourceBeanFactoryPostProcessor [] - Replacing 'dataSource' DataSource bean with embedded version
2026-08-16 00:32:14.285 [main] INFO  o.s.j.d.e.EmbeddedDatabaseFactory [] - Starting embedded database: url='jdbc:h2:mem:5a995283-ab96-4679-b4eb-9f056943d439;DB_CLOSE_DELAY=-1;DB_CLOSE_ON_EXIT=false', username='sa'
2026-08-16 00:32:15.956 [main] INFO  o.h.jpa.internal.util.LogHelper [] - HHH000204: Processing PersistenceUnitInfo [name: default]
2026-08-16 00:32:16.287 [main] INFO  org.hibernate.Version [] - HHH000412: Hibernate ORM core version 6.5.3.Final
2026-08-16 00:32:16.978 [main] INFO  o.h.c.i.RegionFactoryInitiator [] - HHH000026: Second-level cache disabled
2026-08-16 00:32:18.433 [main] INFO  o.s.o.j.p.SpringPersistenceUnitInfo [] - No LoadTimeWeaver setup: ignoring JPA class transformer
2026-08-16 00:32:18.631 [main] WARN  org.hibernate.orm.deprecation [] - HHH90000025: H2Dialect does not need to be specified explicitly using 'hibernate.dialect' (remove the property setting and it will be selected by default)
2026-08-16 00:32:25.129 [main] INFO  o.h.e.t.j.p.i.JtaPlatformInitiator [] - HHH000489: No JTA platform available (set 'hibernate.transaction.jta.platform' to enable JTA platform integration)
2026-08-16 00:32:25.797 [main] INFO  o.s.o.j.LocalContainerEntityManagerFactoryBean [] - Initialized JPA EntityManagerFactory for persistence unit 'default'
2026-08-16 00:32:28.277 [main] INFO  o.s.d.j.r.query.QueryEnhancerFactory [] - Hibernate is in classpath; If applicable, HQL parser will be used.
2026-08-16 00:32:34.343 [main] INFO  c.e.r.ProctoringRepositoryQueryTest [] - Started ProctoringRepositoryQueryTest in 27.421 seconds (process running for 32.527)
2026-08-16 00:32:43.031 [main] INFO  c.e.s.impl.ProctoringServiceImpl [] - Proctoring violation recorded: sessionId=301, violationType=WEBCAM_OFF, level=1, action=WARNING
2026-08-16 00:32:43.102 [main] INFO  c.e.s.impl.ExamInvalidationHandler [] - Certification application marked TERMINATED after proctoring invalidation: sessionId=300 applicationId=400
2026-08-16 00:32:43.102 [main] INFO  c.e.s.impl.ProctoringServiceImpl [] - Proctoring violation recorded: sessionId=300, violationType=TAB_SWITCH, level=3, action=EXAM_TERMINATED
2026-08-16 00:32:47.044 [main] WARN  c.e.s.impl.CertificateServiceImpl [] - Stored certificate file unusable or outdated, regenerating: certificateNumber=CERT-2026-L2-0A015D6F, path=/var/folders/gq/2kfys2fs5gl308m8p26jsn_c0000gn/T/junit3857797381987695222/CERT-2026-L2-0A015D6F.pdf
2026-08-16 00:32:48.100 [main] WARN  c.e.s.impl.CertificateServiceImpl [] - Stored certificate file unusable or outdated, regenerating: certificateNumber=CERT-2026-L2-0A015D6F, path=/var/folders/gq/2kfys2fs5gl308m8p26jsn_c0000gn/T/junit16676270517277955237/CERT-2026-L2-0A015D6F.pdf
2026-08-16 00:32:48.418 [main] WARN  c.e.s.impl.CertificateServiceImpl [] - Stored certificate file unusable or outdated, regenerating: certificateNumber=CERT-2026-L2-0A015D6F, path=/var/folders/gq/2kfys2fs5gl308m8p26jsn_c0000gn/T/junit13987323490442824873/CERT-2026-L2-0A015D6F.pdf
2026-08-16 00:32:48.596 [main] WARN  c.e.s.impl.CertificateServiceImpl [] - Stored certificate file unusable or outdated, regenerating: certificateNumber=CERT-2026-L2-0A015D6F, path=/var/folders/gq/2kfys2fs5gl308m8p26jsn_c0000gn/T/junit330442091514811638/CERT-2026-L2-0A015D6F.pdf
2026-08-16 00:32:49.962 [main] WARN  c.e.s.i.PdfBoxCertificatePdfGeneratorService [] - Candidate name truncated on certificate: originalLength=210
2026-08-16 00:32:51.803 [main] INFO  c.e.s.impl.ExamWorkflowServiceImpl [] - Exam resume applicationId=30 sessionToken=c888c89d-0e24-4255-aeca-e24efe16507f questionCount=2 remainingSeconds=2700 answersRestored=2
2026-08-16 00:32:51.835 [main] INFO  c.e.s.impl.ExamWorkflowServiceImpl [] - Exam resume applicationId=30 sessionToken=1c69d8a8-ff91-4233-bbd9-c35edaae2637 questionCount=1 remainingSeconds=3540 answersRestored=0
2026-08-16 00:32:51.891 [main] DEBUG c.e.s.impl.ExamWorkflowServiceImpl [] - Exam progress saved sessionToken=f37ceaac-6dea-4bf2-b6e3-aeac346df466 answered=0 marked=0
2026-08-16 00:32:52.035 [main] INFO  c.e.s.impl.ExamWorkflowServiceImpl [] - Exam resume applicationId=30 sessionToken=f3073898-1c13-4b3a-8a54-298295eaf319 questionCount=1 remainingSeconds=2700 answersRestored=0
2026-08-16 00:32:52.203 [main] DEBUG c.e.s.impl.ExamWorkflowServiceImpl [] - Exam progress saved sessionToken=e2799253-8fb0-4b5a-8af1-eaa11c834a0f answered=1 marked=1
2026-08-16 00:32:52.751 [main] INFO  c.e.s.impl.ViolationStrikeRecorder [] - AI proctoring violation recorded: sessionId=300 type=SOUND_DETECTED strike=1/3 action=FLAGGED_FOR_REVIEW evidence=false
2026-08-16 00:32:52.769 [main] WARN  c.e.s.impl.ExamInvalidationHandler [] - No certification application found to mark as terminated after exam invalidation: sessionId=300 examCode=EX-L1
2026-08-16 00:32:52.769 [main] INFO  c.e.s.impl.ViolationStrikeRecorder [] - AI proctoring violation recorded: sessionId=300 type=MULTIPLE_FACES strike=3/3 action=EXAM_TERMINATED evidence=false
2026-08-16 00:32:52.783 [main] WARN  c.e.s.impl.ViolationStrikeRecorder [] - Discarding malformed evidence frame for sessionId=300: Illegal base64 character 21
2026-08-16 00:32:52.784 [main] INFO  c.e.s.impl.ViolationStrikeRecorder [] - AI proctoring violation recorded: sessionId=300 type=PHONE_DETECTED strike=1/3 action=WARNING evidence=false
2026-08-16 00:32:52.795 [main] DEBUG c.e.s.impl.ViolationStrikeRecorder [] - Ignoring violation for non-active session: sessionId=300 status=INVALIDATED type=PHONE_DETECTED
2026-08-16 00:32:52.807 [main] INFO  c.e.s.impl.ViolationStrikeRecorder [] - AI proctoring violation recorded: sessionId=300 type=PHONE_DETECTED strike=1/3 action=WARNING evidence=true
2026-08-16 00:32:52.823 [main] WARN  c.e.s.impl.ViolationStrikeRecorder [] - Rejected proctoring violation: studentId mismatch. caller=candidate@example.com claimed=EMS-9999 owner=EMS-0007 sessionId=300
2026-08-16 00:32:52.835 [main] INFO  c.e.s.impl.ViolationStrikeRecorder [] - AI proctoring violation recorded: sessionId=300 type=PHONE_DETECTED strike=1/3 action=WARNING evidence=false
2026-08-16 00:32:52.849 [main] INFO  c.e.s.impl.ExamInvalidationHandler [] - Certification application marked TERMINATED after proctoring invalidation: sessionId=300 applicationId=400
2026-08-16 00:32:52.850 [main] INFO  c.e.s.impl.ViolationStrikeRecorder [] - AI proctoring violation recorded: sessionId=300 type=PHONE_DETECTED strike=3/3 action=EXAM_TERMINATED evidence=false
2026-08-16 00:32:52.860 [main] INFO  c.e.s.impl.ViolationStrikeRecorder [] - AI proctoring violation recorded: sessionId=300 type=PROCTOR_SETUP_INVALID strike=2/3 action=FLAGGED_FOR_REVIEW evidence=false
2026-08-16 00:32:52.869 [main] INFO  c.e.s.impl.ViolationStrikeRecorder [] - AI proctoring violation recorded: sessionId=300 type=EYES_OFF_SCREEN strike=0/3 action=FLAGGED_FOR_REVIEW evidence=true
2026-08-16 00:32:52.879 [main] INFO  c.e.s.impl.ViolationStrikeRecorder [] - AI proctoring violation recorded: sessionId=300 type=VOICE_DETECTED strike=1/3 action=WARNING evidence=false
2026-08-16 00:32:52.892 [main] INFO  c.e.s.impl.ViolationStrikeRecorder [] - AI proctoring violation recorded: sessionId=300 type=SOUND_DETECTED strike=2/3 action=FLAGGED_FOR_REVIEW evidence=false
2026-08-16 00:32:52.902 [main] INFO  c.e.s.impl.ViolationStrikeRecorder [] - AI proctoring violation recorded: sessionId=300 type=EYES_OFF_SCREEN strike=1/3 action=FLAGGED_FOR_REVIEW evidence=false
2026-08-16 00:32:53.082 [SpringApplicationShutdownHook] INFO  o.s.o.j.LocalContainerEntityManagerFactoryBean [] - Closing JPA EntityManagerFactory for persistence unit 'default'
2026-08-16 00:37:47.436 [background-preinit] INFO  o.h.validator.internal.util.Version [] - HV000001: Hibernate Validator 8.0.2.Final
2026-08-16 00:37:47.593 [main] INFO  com.ems.EmsBackendApplication [] - Starting EmsBackendApplication using Java 21.0.12 with PID 25832 (/Users/vignesh/ems/EMS_SERVICES/target/classes started by vignesh in /Users/vignesh/ems/EMS_SERVICES)
2026-08-16 00:37:47.594 [main] DEBUG com.ems.EmsBackendApplication [] - Running with Spring Boot v3.3.7, Spring v6.1.16
2026-08-16 00:37:47.600 [main] INFO  com.ems.EmsBackendApplication [] - The following 1 profile is active: "h2"
2026-08-16 00:37:54.075 [main] INFO  o.s.d.r.c.RepositoryConfigurationDelegate [] - Bootstrapping Spring Data JPA repositories in DEFAULT mode.
2026-08-16 00:37:54.639 [main] INFO  o.s.d.r.c.RepositoryConfigurationDelegate [] - Finished Spring Data repository scanning in 528 ms. Found 17 JPA repository interfaces.
2026-08-16 00:37:58.610 [main] INFO  o.s.b.w.e.tomcat.TomcatWebServer [] - Tomcat initialized with port 8099 (http)
2026-08-16 00:37:58.675 [main] INFO  o.a.coyote.http11.Http11NioProtocol [] - Initializing ProtocolHandler ["http-nio-8099"]
2026-08-16 00:37:58.686 [main] INFO  o.a.catalina.core.StandardService [] - Starting service [Tomcat]
2026-08-16 00:37:58.688 [main] INFO  o.a.catalina.core.StandardEngine [] - Starting Servlet engine: [Apache Tomcat/10.1.34]
2026-08-16 00:37:59.026 [main] INFO  o.a.c.c.C.[Tomcat].[localhost].[/] [] - Initializing Spring embedded WebApplicationContext
2026-08-16 00:37:59.027 [main] INFO  o.s.b.w.s.c.ServletWebServerApplicationContext [] - Root WebApplicationContext: initialization completed in 11220 ms
2026-08-16 00:38:01.557 [main] INFO  com.zaxxer.hikari.HikariDataSource [] - HikariPool-1 - Starting...
2026-08-16 00:38:02.438 [main] INFO  com.zaxxer.hikari.pool.HikariPool [] - HikariPool-1 - Added connection conn0: url=jdbc:h2:file:/private/tmp/claude-501/-Users-vignesh-ems/50578b6d-1cf7-4efd-8f83-0b1c6362db85/scratchpad/verify/data/ems_h2_db user=SA
2026-08-16 00:38:02.443 [main] INFO  com.zaxxer.hikari.HikariDataSource [] - HikariPool-1 - Start completed.
2026-08-16 00:38:03.476 [main] INFO  o.h.jpa.internal.util.LogHelper [] - HHH000204: Processing PersistenceUnitInfo [name: default]
2026-08-16 00:38:03.792 [main] INFO  org.hibernate.Version [] - HHH000412: Hibernate ORM core version 6.5.3.Final
2026-08-16 00:38:03.970 [main] INFO  o.h.c.i.RegionFactoryInitiator [] - HHH000026: Second-level cache disabled
2026-08-16 00:38:05.294 [main] INFO  o.s.o.j.p.SpringPersistenceUnitInfo [] - No LoadTimeWeaver setup: ignoring JPA class transformer
2026-08-16 00:38:05.510 [main] WARN  org.hibernate.orm.deprecation [] - HHH90000025: H2Dialect does not need to be specified explicitly using 'hibernate.dialect' (remove the property setting and it will be selected by default)
2026-08-16 00:38:11.593 [main] INFO  o.h.e.t.j.p.i.JtaPlatformInitiator [] - HHH000489: No JTA platform available (set 'hibernate.transaction.jta.platform' to enable JTA platform integration)
2026-08-16 00:38:11.605 [main] INFO  o.s.o.j.LocalContainerEntityManagerFactoryBean [] - Initialized JPA EntityManagerFactory for persistence unit 'default'
2026-08-16 00:38:12.685 [main] INFO  o.s.d.j.r.query.QueryEnhancerFactory [] - Hibernate is in classpath; If applicable, HQL parser will be used.
2026-08-16 00:38:15.312 [main] DEBUG c.e.security.JwtAuthenticationFilter [] - Filter 'jwtAuthenticationFilter' configured for use
2026-08-16 00:38:15.313 [main] DEBUG com.ems.config.CorrelationIdFilter [] - Filter 'correlationIdFilter' configured for use
2026-08-16 00:38:15.325 [main] DEBUG c.ems.security.AuthRateLimitFilter [] - Filter 'authRateLimitFilter' configured for use
2026-08-16 00:38:15.326 [main] DEBUG c.e.config.RequestAuditLoggingFilter [] - Filter 'requestAuditLoggingFilter' configured for use
2026-08-16 00:38:18.107 [main] INFO  o.s.s.c.a.a.c.InitializeAuthenticationProviderBeanManagerConfigurer$InitializeAuthenticationProviderManagerConfigurer [] - Global AuthenticationManager configured with AuthenticationProvider bean with name authenticationProvider
2026-08-16 00:38:18.109 [main] WARN  o.s.s.c.a.a.c.InitializeUserDetailsBeanManagerConfigurer$InitializeUserDetailsManagerConfigurer [] - Global AuthenticationManager configured with an AuthenticationProvider bean. UserDetailsService beans will not be used for username/password login. Consider removing the AuthenticationProvider bean. Alternatively, consider using the UserDetailsService in a manually instantiated DaoAuthenticationProvider.
2026-08-16 00:38:22.580 [main] INFO  o.s.b.a.e.web.EndpointLinksResolver [] - Exposing 6 endpoints beneath base path '/actuator'
2026-08-16 00:38:25.079 [main] INFO  o.s.b.a.h.H2ConsoleAutoConfiguration [] - H2 console available at '/h2-console'. Database available at 'jdbc:h2:file:/private/tmp/claude-501/-Users-vignesh-ems/50578b6d-1cf7-4efd-8f83-0b1c6362db85/scratchpad/verify/data/ems_h2_db'
2026-08-16 00:38:25.386 [main] INFO  o.a.coyote.http11.Http11NioProtocol [] - Starting ProtocolHandler ["http-nio-8099"]
2026-08-16 00:38:25.501 [main] INFO  o.s.b.w.e.tomcat.TomcatWebServer [] - Tomcat started on port 8099 (http) with context path '/'
2026-08-16 00:38:25.553 [main] INFO  com.ems.EmsBackendApplication [] - Started EmsBackendApplication in 39.959 seconds (process running for 41.371)
2026-08-16 00:38:26.408 [http-nio-8099-exec-1] INFO  o.a.c.c.C.[Tomcat].[localhost].[/] [] - Initializing Spring DispatcherServlet 'dispatcherServlet'
2026-08-16 00:38:26.411 [http-nio-8099-exec-1] INFO  o.s.web.servlet.DispatcherServlet [] - Initializing Servlet 'dispatcherServlet'
2026-08-16 00:38:26.419 [http-nio-8099-exec-1] INFO  o.s.web.servlet.DispatcherServlet [] - Completed initialization in 8 ms
2026-08-16 00:38:44.796 [http-nio-8099-exec-2] INFO  c.e.config.RequestAuditLoggingFilter [8d5391c3-c759-485a-94c7-826750af85f2] - http_request method=POST uri=/api/auth/register status=400 durationMs=419 remoteAddr=127.0.0.1
2026-08-16 00:38:45.274 [http-nio-8099-exec-3] WARN  c.e.s.impl.AuthenticationServiceImpl [c2b34137-b1f7-4569-9127-265eaf7599ce] - Login failed due to bad credentials for email=verify.run@example.com
2026-08-16 00:38:45.283 [http-nio-8099-exec-3] INFO  c.e.config.RequestAuditLoggingFilter [c2b34137-b1f7-4569-9127-265eaf7599ce] - http_request method=POST uri=/api/auth/login status=401 durationMs=438 remoteAddr=127.0.0.1
2026-08-16 00:38:55.447 [http-nio-8099-exec-5] INFO  c.e.s.impl.AuthenticationServiceImpl [4410b6f7-ee01-4c22-a8ff-6d8e720295ce] - User registered successfully: userId=VRUN001, email=verify.run@example.com
2026-08-16 00:38:55.806 [http-nio-8099-exec-5] INFO  c.e.config.RequestAuditLoggingFilter [4410b6f7-ee01-4c22-a8ff-6d8e720295ce] - http_request method=POST uri=/api/auth/register status=200 durationMs=891 remoteAddr=127.0.0.1
2026-08-16 00:39:05.241 [http-nio-8099-exec-7] INFO  c.e.config.RequestAuditLoggingFilter [8ef84bca-c560-4cf3-820b-7a221d7d01f3] - http_request method=GET uri=/api/exam-workflow/options/L1 status=200 durationMs=979 remoteAddr=127.0.0.1
2026-08-16 00:39:14.560 [http-nio-8099-exec-8] INFO  c.e.config.RequestAuditLoggingFilter [af9cf40f-17f7-46ae-bd75-a9081499a68e] - http_request method=POST uri=/api/exam-workflow/applications status=200 durationMs=191 remoteAddr=127.0.0.1
2026-08-16 00:39:14.842 [http-nio-8099-exec-10] WARN  o.h.e.jdbc.spi.SqlExceptionHelper [b1162fdb-1791-42f6-855a-11067022c274] - SQL Error: 42122, SQLState: 42S22
2026-08-16 00:39:14.843 [http-nio-8099-exec-10] ERROR o.h.e.jdbc.spi.SqlExceptionHelper [b1162fdb-1791-42f6-855a-11067022c274] - Column "es1_0.application_ref" not found; SQL statement:
select es1_0.id,es1_0.answers_draft_json,es1_0.browser_fingerprint,es1_0.application_ref,es1_0.created_by,es1_0.created_date,es1_0.exam_ref,es1_0.ip_address,es1_0.last_question_number,es1_0.marked_for_review_json,es1_0.progress_saved_at,es1_0.selected_question_ids_json,es1_0.session_end_time,es1_0.session_start_time,es1_0.session_status,es1_0.session_token,es1_0.updated_by,es1_0.updated_date,es1_0.user_ref,es1_0.violation_count from exam_sessions es1_0 where es1_0.application_ref=? order by es1_0.session_start_time desc,es1_0.id desc fetch first ? rows only [42122-224]
2026-08-16 00:39:14.880 [http-nio-8099-exec-10] ERROR c.e.exception.GlobalExceptionHandler [b1162fdb-1791-42f6-855a-11067022c274] - Unhandled exception
org.springframework.dao.InvalidDataAccessResourceUsageException: could not prepare statement [Column "es1_0.application_ref" not found; SQL statement:
select es1_0.id,es1_0.answers_draft_json,es1_0.browser_fingerprint,es1_0.application_ref,es1_0.created_by,es1_0.created_date,es1_0.exam_ref,es1_0.ip_address,es1_0.last_question_number,es1_0.marked_for_review_json,es1_0.progress_saved_at,es1_0.selected_question_ids_json,es1_0.session_end_time,es1_0.session_start_time,es1_0.session_status,es1_0.session_token,es1_0.updated_by,es1_0.updated_date,es1_0.user_ref,es1_0.violation_count from exam_sessions es1_0 where es1_0.application_ref=? order by es1_0.session_start_time desc,es1_0.id desc fetch first ? rows only [42122-224]] [select es1_0.id,es1_0.answers_draft_json,es1_0.browser_fingerprint,es1_0.application_ref,es1_0.created_by,es1_0.created_date,es1_0.exam_ref,es1_0.ip_address,es1_0.last_question_number,es1_0.marked_for_review_json,es1_0.progress_saved_at,es1_0.selected_question_ids_json,es1_0.session_end_time,es1_0.session_start_time,es1_0.session_status,es1_0.session_token,es1_0.updated_by,es1_0.updated_date,es1_0.user_ref,es1_0.violation_count from exam_sessions es1_0 where es1_0.application_ref=? order by es1_0.session_start_time desc,es1_0.id desc fetch first ? rows only]; SQL [select es1_0.id,es1_0.answers_draft_json,es1_0.browser_fingerprint,es1_0.application_ref,es1_0.created_by,es1_0.created_date,es1_0.exam_ref,es1_0.ip_address,es1_0.last_question_number,es1_0.marked_for_review_json,es1_0.progress_saved_at,es1_0.selected_question_ids_json,es1_0.session_end_time,es1_0.session_start_time,es1_0.session_status,es1_0.session_token,es1_0.updated_by,es1_0.updated_date,es1_0.user_ref,es1_0.violation_count from exam_sessions es1_0 where es1_0.application_ref=? order by es1_0.session_start_time desc,es1_0.id desc fetch first ? rows only]
	at org.springframework.orm.jpa.vendor.HibernateJpaDialect.convertHibernateAccessException(HibernateJpaDialect.java:277)
	at org.springframework.orm.jpa.vendor.HibernateJpaDialect.translateExceptionIfPossible(HibernateJpaDialect.java:241)
	at org.springframework.orm.jpa.AbstractEntityManagerFactoryBean.translateExceptionIfPossible(AbstractEntityManagerFactoryBean.java:550)
	at org.springframework.dao.support.ChainedPersistenceExceptionTranslator.translateExceptionIfPossible(ChainedPersistenceExceptionTranslator.java:61)
	at org.springframework.dao.support.DataAccessUtils.translateIfNecessary(DataAccessUtils.java:335)
	at org.springframework.dao.support.PersistenceExceptionTranslationInterceptor.invoke(PersistenceExceptionTranslationInterceptor.java:160)
	at org.springframework.aop.framework.ReflectiveMethodInvocation.proceed(ReflectiveMethodInvocation.java:184)
	at org.springframework.data.jpa.repository.support.CrudMethodMetadataPostProcessor$CrudMethodMetadataPopulatingMethodInterceptor.invoke(CrudMethodMetadataPostProcessor.java:136)
	at org.springframework.aop.framework.ReflectiveMethodInvocation.proceed(ReflectiveMethodInvocation.java:184)
	at org.springframework.aop.interceptor.ExposeInvocationInterceptor.invoke(ExposeInvocationInterceptor.java:97)
	at org.springframework.aop.framework.ReflectiveMethodInvocation.proceed(ReflectiveMethodInvocation.java:184)
	at org.springframework.aop.framework.JdkDynamicAopProxy.invoke(JdkDynamicAopProxy.java:223)
	at jdk.proxy2/jdk.proxy2.$Proxy199.findTopByCertificationApplicationOrderBySessionStartTimeDescIdDesc(Unknown Source)
	at com.ems.service.impl.DashboardServiceImpl.hasAttemptInProgress(DashboardServiceImpl.java:323)
	at com.ems.service.impl.DashboardServiceImpl.lambda$getCurrentUserDashboard$2(DashboardServiceImpl.java:96)
	at java.base/java.util.stream.ReferencePipeline$3$1.accept(ReferencePipeline.java:197)
	at java.base/java.util.ArrayList$ArrayListSpliterator.forEachRemaining(ArrayList.java:1708)
	at java.base/java.util.stream.AbstractPipeline.copyInto(AbstractPipeline.java:509)
	at java.base/java.util.stream.AbstractPipeline.wrapAndCopyInto(AbstractPipeline.java:499)
	at java.base/java.util.stream.AbstractPipeline.evaluate(AbstractPipeline.java:575)
	at java.base/java.util.stream.AbstractPipeline.evaluateToArrayNode(AbstractPipeline.java:260)
	at java.base/java.util.stream.ReferencePipeline.toArray(ReferencePipeline.java:616)
	at java.base/java.util.stream.ReferencePipeline.toArray(ReferencePipeline.java:622)
	at java.base/java.util.stream.ReferencePipeline.toList(ReferencePipeline.java:627)
	at com.ems.service.impl.DashboardServiceImpl.getCurrentUserDashboard(DashboardServiceImpl.java:97)
	at java.base/jdk.internal.reflect.DirectMethodHandleAccessor.invoke(DirectMethodHandleAccessor.java:103)
	at java.base/java.lang.reflect.Method.invoke(Method.java:580)
	at org.springframework.aop.support.AopUtils.invokeJoinpointUsingReflection(AopUtils.java:355)
	at org.springframework.aop.framework.ReflectiveMethodInvocation.invokeJoinpoint(ReflectiveMethodInvocation.java:196)
	at org.springframework.aop.framework.ReflectiveMethodInvocation.proceed(ReflectiveMethodInvocation.java:163)
	at org.springframework.aop.framework.CglibAopProxy$CglibMethodInvocation.proceed(CglibAopProxy.java:768)
	at org.springframework.transaction.interceptor.TransactionAspectSupport.invokeWithinTransaction(TransactionAspectSupport.java:379)
	at org.springframework.transaction.interceptor.TransactionInterceptor.invoke(TransactionInterceptor.java:119)
	at org.springframework.aop.framework.ReflectiveMethodInvocation.proceed(ReflectiveMethodInvocation.java:184)
	at org.springframework.aop.framework.CglibAopProxy$CglibMethodInvocation.proceed(CglibAopProxy.java:768)
	at org.springframework.cache.interceptor.CacheInterceptor.lambda$invoke$0(CacheInterceptor.java:55)
	at org.springframework.cache.interceptor.CacheAspectSupport.invokeOperation(CacheAspectSupport.java:416)
	at org.springframework.cache.interceptor.CacheAspectSupport.evaluate(CacheAspectSupport.java:551)
	at org.springframework.cache.interceptor.CacheAspectSupport.execute(CacheAspectSupport.java:433)
	at org.springframework.cache.interceptor.CacheAspectSupport.execute(CacheAspectSupport.java:395)
	at org.springframework.cache.interceptor.CacheInterceptor.invoke(CacheInterceptor.java:65)
	at org.springframework.aop.framework.ReflectiveMethodInvocation.proceed(ReflectiveMethodInvocation.java:184)
	at org.springframework.aop.framework.CglibAopProxy$CglibMethodInvocation.proceed(CglibAopProxy.java:768)
	at org.springframework.aop.framework.CglibAopProxy$DynamicAdvisedInterceptor.intercept(CglibAopProxy.java:720)
	at com.ems.service.impl.DashboardServiceImpl$$SpringCGLIB$$0.getCurrentUserDashboard(<generated>)
	at com.ems.controller.DashboardController.getDashboard(DashboardController.java:31)
	at java.base/jdk.internal.reflect.DirectMethodHandleAccessor.invoke(DirectMethodHandleAccessor.java:103)
	at java.base/java.lang.reflect.Method.invoke(Method.java:580)
	at org.springframework.web.method.support.InvocableHandlerMethod.doInvoke(InvocableHandlerMethod.java:255)
	at org.springframework.web.method.support.InvocableHandlerMethod.invokeForRequest(InvocableHandlerMethod.java:188)
	at org.springframework.web.servlet.mvc.method.annotation.ServletInvocableHandlerMethod.invokeAndHandle(ServletInvocableHandlerMethod.java:118)
	at org.springframework.web.servlet.mvc.method.annotation.RequestMappingHandlerAdapter.invokeHandlerMethod(RequestMappingHandlerAdapter.java:926)
	at org.springframework.web.servlet.mvc.method.annotation.RequestMappingHandlerAdapter.handleInternal(RequestMappingHandlerAdapter.java:831)
	at org.springframework.web.servlet.mvc.method.AbstractHandlerMethodAdapter.handle(AbstractHandlerMethodAdapter.java:87)
	at org.springframework.web.servlet.DispatcherServlet.doDispatch(DispatcherServlet.java:1089)
	at org.springframework.web.servlet.DispatcherServlet.doService(DispatcherServlet.java:979)
	at org.springframework.web.servlet.FrameworkServlet.processRequest(FrameworkServlet.java:1014)
	at org.springframework.web.servlet.FrameworkServlet.doGet(FrameworkServlet.java:903)
	at jakarta.servlet.http.HttpServlet.service(HttpServlet.java:564)
	at org.springframework.web.servlet.FrameworkServlet.service(FrameworkServlet.java:885)
	at jakarta.servlet.http.HttpServlet.service(HttpServlet.java:658)
	at org.apache.catalina.core.ApplicationFilterChain.internalDoFilter(ApplicationFilterChain.java:195)
	at org.apache.catalina.core.ApplicationFilterChain.doFilter(ApplicationFilterChain.java:140)
	at org.apache.tomcat.websocket.server.WsFilter.doFilter(WsFilter.java:51)
	at org.apache.catalina.core.ApplicationFilterChain.internalDoFilter(ApplicationFilterChain.java:164)
	at org.apache.catalina.core.ApplicationFilterChain.doFilter(ApplicationFilterChain.java:140)
	at org.springframework.web.filter.OncePerRequestFilter.doFilter(OncePerRequestFilter.java:110)
	at org.apache.catalina.core.ApplicationFilterChain.internalDoFilter(ApplicationFilterChain.java:164)
	at org.apache.catalina.core.ApplicationFilterChain.doFilter(ApplicationFilterChain.java:140)
	at org.springframework.web.filter.OncePerRequestFilter.doFilter(OncePerRequestFilter.java:101)
	at org.apache.catalina.core.ApplicationFilterChain.internalDoFilter(ApplicationFilterChain.java:164)
	at org.apache.catalina.core.ApplicationFilterChain.doFilter(ApplicationFilterChain.java:140)
	at org.springframework.web.filter.CompositeFilter$VirtualFilterChain.doFilter(CompositeFilter.java:108)
	at org.springframework.security.web.FilterChainProxy.lambda$doFilterInternal$3(FilterChainProxy.java:231)
	at org.springframework.security.web.ObservationFilterChainDecorator$FilterObservation$SimpleFilterObservation.lambda$wrap$1(ObservationFilterChainDecorator.java:479)
	at org.springframework.security.web.ObservationFilterChainDecorator$AroundFilterObservation$SimpleAroundFilterObservation.lambda$wrap$1(ObservationFilterChainDecorator.java:340)
	at org.springframework.security.web.ObservationFilterChainDecorator.lambda$wrapSecured$0(ObservationFilterChainDecorator.java:82)
	at org.springframework.security.web.ObservationFilterChainDecorator$VirtualFilterChain.doFilter(ObservationFilterChainDecorator.java:128)
	at org.springframework.security.web.access.intercept.AuthorizationFilter.doFilter(AuthorizationFilter.java:100)
	at org.springframework.security.web.ObservationFilterChainDecorator$ObservationFilter.wrapFilter(ObservationFilterChainDecorator.java:240)
	at org.springframework.security.web.ObservationFilterChainDecorator$ObservationFilter.doFilter(ObservationFilterChainDecorator.java:227)
	at org.springframework.security.web.ObservationFilterChainDecorator$VirtualFilterChain.doFilter(ObservationFilterChainDecorator.java:137)
	at org.springframework.security.web.access.ExceptionTranslationFilter.doFilter(ExceptionTranslationFilter.java:126)
	at org.springframework.security.web.access.ExceptionTranslationFilter.doFilter(ExceptionTranslationFilter.java:120)
	at org.springframework.security.web.ObservationFilterChainDecorator$ObservationFilter.wrapFilter(ObservationFilterChainDecorator.java:240)
	at org.springframework.security.web.ObservationFilterChainDecorator$ObservationFilter.doFilter(ObservationFilterChainDecorator.java:227)
	at org.springframework.security.web.ObservationFilterChainDecorator$VirtualFilterChain.doFilter(ObservationFilterChainDecorator.java:137)
	at org.springframework.security.web.session.SessionManagementFilter.doFilter(SessionManagementFilter.java:131)
	at org.springframework.security.web.session.SessionManagementFilter.doFilter(SessionManagementFilter.java:85)
	at org.springframework.security.web.ObservationFilterChainDecorator$ObservationFilter.wrapFilter(ObservationFilterChainDecorator.java:240)
	at org.springframework.security.web.ObservationFilterChainDecorator$ObservationFilter.doFilter(ObservationFilterChainDecorator.java:227)
	at org.springframework.security.web.ObservationFilterChainDecorator$VirtualFilterChain.doFilter(ObservationFilterChainDecorator.java:137)
	at org.springframework.security.web.authentication.AnonymousAuthenticationFilter.doFilter(AnonymousAuthenticationFilter.java:100)
	at org.springframework.security.web.ObservationFilterChainDecorator$ObservationFilter.wrapFilter(ObservationFilterChainDecorator.java:240)
	at org.springframework.security.web.ObservationFilterChainDecorator$ObservationFilter.doFilter(ObservationFilterChainDecorator.java:227)
	at org.springframework.security.web.ObservationFilterChainDecorator$VirtualFilterChain.doFilter(ObservationFilterChainDecorator.java:137)
	at org.springframework.security.web.servletapi.SecurityContextHolderAwareRequestFilter.doFilter(SecurityContextHolderAwareRequestFilter.java:179)
	at org.springframework.security.web.ObservationFilterChainDecorator$ObservationFilter.wrapFilter(ObservationFilterChainDecorator.java:240)
	at org.springframework.security.web.ObservationFilterChainDecorator$ObservationFilter.doFilter(ObservationFilterChainDecorator.java:227)
	at org.springframework.security.web.ObservationFilterChainDecorator$VirtualFilterChain.doFilter(ObservationFilterChainDecorator.java:137)
	at org.springframework.security.web.savedrequest.RequestCacheAwareFilter.doFilter(RequestCacheAwareFilter.java:63)
	at org.springframework.security.web.ObservationFilterChainDecorator$ObservationFilter.wrapFilter(ObservationFilterChainDecorator.java:240)
	at org.springframework.security.web.ObservationFilterChainDecorator$ObservationFilter.doFilter(ObservationFilterChainDecorator.java:227)
	at org.springframework.security.web.ObservationFilterChainDecorator$VirtualFilterChain.doFilter(ObservationFilterChainDecorator.java:137)
	at com.ems.security.JwtAuthenticationFilter.doFilterInternal(JwtAuthenticationFilter.java:87)
	at org.springframework.web.filter.OncePerRequestFilter.doFilter(OncePerRequestFilter.java:116)
	at org.springframework.security.web.ObservationFilterChainDecorator$ObservationFilter.wrapFilter(ObservationFilterChainDecorator.java:240)
	at org.springframework.security.web.ObservationFilterChainDecorator$ObservationFilter.doFilter(ObservationFilterChainDecorator.java:227)
	at org.springframework.security.web.ObservationFilterChainDecorator$VirtualFilterChain.doFilter(ObservationFilterChainDecorator.java:137)
	at org.springframework.web.filter.OncePerRequestFilter.doFilter(OncePerRequestFilter.java:101)
	at org.springframework.security.web.ObservationFilterChainDecorator$ObservationFilter.wrapFilter(ObservationFilterChainDecorator.java:240)
	at org.springframework.security.web.ObservationFilterChainDecorator$ObservationFilter.doFilter(ObservationFilterChainDecorator.java:227)
	at org.springframework.security.web.ObservationFilterChainDecorator$VirtualFilterChain.doFilter(ObservationFilterChainDecorator.java:137)
	at org.springframework.security.web.authentication.logout.LogoutFilter.doFilter(LogoutFilter.java:107)
	at org.springframework.security.web.authentication.logout.LogoutFilter.doFilter(LogoutFilter.java:93)
	at org.springframework.security.web.ObservationFilterChainDecorator$ObservationFilter.wrapFilter(ObservationFilterChainDecorator.java:240)
	at org.springframework.security.web.ObservationFilterChainDecorator$ObservationFilter.doFilter(ObservationFilterChainDecorator.java:227)
	at org.springframework.security.web.ObservationFilterChainDecorator$VirtualFilterChain.doFilter(ObservationFilterChainDecorator.java:137)
	at org.springframework.web.filter.CorsFilter.doFilterInternal(CorsFilter.java:91)
	at org.springframework.web.filter.OncePerRequestFilter.doFilter(OncePerRequestFilter.java:116)
	at org.springframework.security.web.ObservationFilterChainDecorator$ObservationFilter.wrapFilter(ObservationFilterChainDecorator.java:240)
	at org.springframework.security.web.ObservationFilterChainDecorator$ObservationFilter.doFilter(ObservationFilterChainDecorator.java:227)
	at org.springframework.security.web.ObservationFilterChainDecorator$VirtualFilterChain.doFilter(ObservationFilterChainDecorator.java:137)
	at org.springframework.security.web.header.HeaderWriterFilter.doHeadersAfter(HeaderWriterFilter.java:90)
	at org.springframework.security.web.header.HeaderWriterFilter.doFilterInternal(HeaderWriterFilter.java:75)
	at org.springframework.web.filter.OncePerRequestFilter.doFilter(OncePerRequestFilter.java:116)
	at org.springframework.security.web.ObservationFilterChainDecorator$ObservationFilter.wrapFilter(ObservationFilterChainDecorator.java:240)
	at org.springframework.security.web.ObservationFilterChainDecorator$ObservationFilter.doFilter(ObservationFilterChainDecorator.java:227)
	at org.springframework.security.web.ObservationFilterChainDecorator$VirtualFilterChain.doFilter(ObservationFilterChainDecorator.java:137)
	at org.springframework.security.web.context.SecurityContextHolderFilter.doFilter(SecurityContextHolderFilter.java:82)
	at org.springframework.security.web.context.SecurityContextHolderFilter.doFilter(SecurityContextHolderFilter.java:69)
	at org.springframework.security.web.ObservationFilterChainDecorator$ObservationFilter.wrapFilter(ObservationFilterChainDecorator.java:240)
	at org.springframework.security.web.ObservationFilterChainDecorator$ObservationFilter.doFilter(ObservationFilterChainDecorator.java:227)
	at org.springframework.security.web.ObservationFilterChainDecorator$VirtualFilterChain.doFilter(ObservationFilterChainDecorator.java:137)
	at org.springframework.security.web.context.request.async.WebAsyncManagerIntegrationFilter.doFilterInternal(WebAsyncManagerIntegrationFilter.java:62)
	at org.springframework.web.filter.OncePerRequestFilter.doFilter(OncePerRequestFilter.java:116)
	at org.springframework.security.web.ObservationFilterChainDecorator$ObservationFilter.wrapFilter(ObservationFilterChainDecorator.java:240)
	at org.springframework.security.web.ObservationFilterChainDecorator$ObservationFilter.doFilter(ObservationFilterChainDecorator.java:227)
	at org.springframework.security.web.ObservationFilterChainDecorator$VirtualFilterChain.doFilter(ObservationFilterChainDecorator.java:137)
	at org.springframework.security.web.session.DisableEncodeUrlFilter.doFilterInternal(DisableEncodeUrlFilter.java:42)
	at org.springframework.web.filter.OncePerRequestFilter.doFilter(OncePerRequestFilter.java:116)
	at org.springframework.security.web.ObservationFilterChainDecorator$ObservationFilter.wrapFilter(ObservationFilterChainDecorator.java:240)
	at org.springframework.security.web.ObservationFilterChainDecorator$AroundFilterObservation$SimpleAroundFilterObservation.lambda$wrap$0(ObservationFilterChainDecorator.java:323)
	at org.springframework.security.web.ObservationFilterChainDecorator$ObservationFilter.doFilter(ObservationFilterChainDecorator.java:224)
	at org.springframework.security.web.ObservationFilterChainDecorator$VirtualFilterChain.doFilter(ObservationFilterChainDecorator.java:137)
	at org.springframework.security.web.FilterChainProxy.doFilterInternal(FilterChainProxy.java:233)
	at org.springframework.security.web.FilterChainProxy.doFilter(FilterChainProxy.java:191)
	at org.springframework.web.filter.CompositeFilter$VirtualFilterChain.doFilter(CompositeFilter.java:113)
	at org.springframework.web.servlet.handler.HandlerMappingIntrospector.lambda$createCacheFilter$3(HandlerMappingIntrospector.java:195)
	at org.springframework.web.filter.CompositeFilter$VirtualFilterChain.doFilter(CompositeFilter.java:113)
	at org.springframework.web.filter.CompositeFilter.doFilter(CompositeFilter.java:74)
	at org.springframework.security.config.annotation.web.configuration.WebMvcSecurityConfiguration$CompositeFilterChainProxy.doFilter(WebMvcSecurityConfiguration.java:230)
	at org.springframework.web.filter.DelegatingFilterProxy.invokeDelegate(DelegatingFilterProxy.java:362)
	at org.springframework.web.filter.DelegatingFilterProxy.doFilter(DelegatingFilterProxy.java:278)
	at org.apache.catalina.core.ApplicationFilterChain.internalDoFilter(ApplicationFilterChain.java:164)
	at org.apache.catalina.core.ApplicationFilterChain.doFilter(ApplicationFilterChain.java:140)
	at org.springframework.web.filter.RequestContextFilter.doFilterInternal(RequestContextFilter.java:100)
	at org.springframework.web.filter.OncePerRequestFilter.doFilter(OncePerRequestFilter.java:116)
	at org.apache.catalina.core.ApplicationFilterChain.internalDoFilter(ApplicationFilterChain.java:164)
	at org.apache.catalina.core.ApplicationFilterChain.doFilter(ApplicationFilterChain.java:140)
	at org.springframework.web.filter.FormContentFilter.doFilterInternal(FormContentFilter.java:93)
	at org.springframework.web.filter.OncePerRequestFilter.doFilter(OncePerRequestFilter.java:116)
	at org.apache.catalina.core.ApplicationFilterChain.internalDoFilter(ApplicationFilterChain.java:164)
	at org.apache.catalina.core.ApplicationFilterChain.doFilter(ApplicationFilterChain.java:140)
	at com.ems.config.RequestAuditLoggingFilter.doFilterInternal(RequestAuditLoggingFilter.java:39)
	at org.springframework.web.filter.OncePerRequestFilter.doFilter(OncePerRequestFilter.java:116)
	at org.apache.catalina.core.ApplicationFilterChain.internalDoFilter(ApplicationFilterChain.java:164)
	at org.apache.catalina.core.ApplicationFilterChain.doFilter(ApplicationFilterChain.java:140)
	at org.springframework.web.filter.ServerHttpObservationFilter.doFilterInternal(ServerHttpObservationFilter.java:113)
	at org.springframework.web.filter.OncePerRequestFilter.doFilter(OncePerRequestFilter.java:116)
	at org.apache.catalina.core.ApplicationFilterChain.internalDoFilter(ApplicationFilterChain.java:164)
	at org.apache.catalina.core.ApplicationFilterChain.doFilter(ApplicationFilterChain.java:140)
	at org.springframework.web.filter.CharacterEncodingFilter.doFilterInternal(CharacterEncodingFilter.java:201)
	at org.springframework.web.filter.OncePerRequestFilter.doFilter(OncePerRequestFilter.java:116)
	at org.apache.catalina.core.ApplicationFilterChain.internalDoFilter(ApplicationFilterChain.java:164)
	at org.apache.catalina.core.ApplicationFilterChain.doFilter(ApplicationFilterChain.java:140)
	at com.ems.config.CorrelationIdFilter.doFilterInternal(CorrelationIdFilter.java:36)
	at org.springframework.web.filter.OncePerRequestFilter.doFilter(OncePerRequestFilter.java:116)
	at org.apache.catalina.core.ApplicationFilterChain.internalDoFilter(ApplicationFilterChain.java:164)
	at org.apache.catalina.core.ApplicationFilterChain.doFilter(ApplicationFilterChain.java:140)
	at org.springframework.web.filter.OncePerRequestFilter.doFilter(OncePerRequestFilter.java:101)
	at org.apache.catalina.core.ApplicationFilterChain.internalDoFilter(ApplicationFilterChain.java:164)
	at org.apache.catalina.core.ApplicationFilterChain.doFilter(ApplicationFilterChain.java:140)
	at org.apache.catalina.core.StandardWrapperValve.invoke(StandardWrapperValve.java:167)
	at org.apache.catalina.core.StandardContextValve.invoke(StandardContextValve.java:90)
	at org.apache.catalina.authenticator.AuthenticatorBase.invoke(AuthenticatorBase.java:483)
	at org.apache.catalina.core.StandardHostValve.invoke(StandardHostValve.java:115)
	at org.apache.catalina.valves.ErrorReportValve.invoke(ErrorReportValve.java:93)
	at org.apache.catalina.core.StandardEngineValve.invoke(StandardEngineValve.java:74)
	at org.apache.catalina.connector.CoyoteAdapter.service(CoyoteAdapter.java:344)
	at org.apache.coyote.http11.Http11Processor.service(Http11Processor.java:397)
	at org.apache.coyote.AbstractProcessorLight.process(AbstractProcessorLight.java:63)
	at org.apache.coyote.AbstractProtocol$ConnectionHandler.process(AbstractProtocol.java:905)
	at org.apache.tomcat.util.net.NioEndpoint$SocketProcessor.doRun(NioEndpoint.java:1741)
	at org.apache.tomcat.util.net.SocketProcessorBase.run(SocketProcessorBase.java:52)
	at org.apache.tomcat.util.threads.ThreadPoolExecutor.runWorker(ThreadPoolExecutor.java:1190)
	at org.apache.tomcat.util.threads.ThreadPoolExecutor$Worker.run(ThreadPoolExecutor.java:659)
	at org.apache.tomcat.util.threads.TaskThread$WrappingRunnable.run(TaskThread.java:63)
	at java.base/java.lang.Thread.run(Thread.java:1583)
Caused by: org.hibernate.exception.SQLGrammarException: could not prepare statement [Column "es1_0.application_ref" not found; SQL statement:
select es1_0.id,es1_0.answers_draft_json,es1_0.browser_fingerprint,es1_0.application_ref,es1_0.created_by,es1_0.created_date,es1_0.exam_ref,es1_0.ip_address,es1_0.last_question_number,es1_0.marked_for_review_json,es1_0.progress_saved_at,es1_0.selected_question_ids_json,es1_0.session_end_time,es1_0.session_start_time,es1_0.session_status,es1_0.session_token,es1_0.updated_by,es1_0.updated_date,es1_0.user_ref,es1_0.violation_count from exam_sessions es1_0 where es1_0.application_ref=? order by es1_0.session_start_time desc,es1_0.id desc fetch first ? rows only [42122-224]] [select es1_0.id,es1_0.answers_draft_json,es1_0.browser_fingerprint,es1_0.application_ref,es1_0.created_by,es1_0.created_date,es1_0.exam_ref,es1_0.ip_address,es1_0.last_question_number,es1_0.marked_for_review_json,es1_0.progress_saved_at,es1_0.selected_question_ids_json,es1_0.session_end_time,es1_0.session_start_time,es1_0.session_status,es1_0.session_token,es1_0.updated_by,es1_0.updated_date,es1_0.user_ref,es1_0.violation_count from exam_sessions es1_0 where es1_0.application_ref=? order by es1_0.session_start_time desc,es1_0.id desc fetch first ? rows only]
	at org.hibernate.exception.internal.SQLExceptionTypeDelegate.convert(SQLExceptionTypeDelegate.java:66)
	at org.hibernate.exception.internal.StandardSQLExceptionConverter.convert(StandardSQLExceptionConverter.java:58)
	at org.hibernate.engine.jdbc.spi.SqlExceptionHelper.convert(SqlExceptionHelper.java:108)
	at org.hibernate.engine.jdbc.internal.StatementPreparerImpl$StatementPreparationTemplate.prepareStatement(StatementPreparerImpl.java:194)
	at org.hibernate.engine.jdbc.internal.StatementPreparerImpl.prepareQueryStatement(StatementPreparerImpl.java:155)
	at org.hibernate.sql.exec.spi.JdbcSelectExecutor.lambda$list$0(JdbcSelectExecutor.java:85)
	at org.hibernate.sql.results.jdbc.internal.DeferredResultSetAccess.executeQuery(DeferredResultSetAccess.java:231)
	at org.hibernate.sql.results.jdbc.internal.DeferredResultSetAccess.getResultSet(DeferredResultSetAccess.java:167)
	at org.hibernate.sql.results.jdbc.internal.JdbcValuesResultSetImpl.advanceNext(JdbcValuesResultSetImpl.java:265)
	at org.hibernate.sql.results.jdbc.internal.JdbcValuesResultSetImpl.processNext(JdbcValuesResultSetImpl.java:145)
	at org.hibernate.sql.results.jdbc.internal.AbstractJdbcValues.next(AbstractJdbcValues.java:19)
	at org.hibernate.sql.results.internal.RowProcessingStateStandardImpl.next(RowProcessingStateStandardImpl.java:67)
	at org.hibernate.sql.results.spi.ListResultsConsumer.consume(ListResultsConsumer.java:204)
	at org.hibernate.sql.results.spi.ListResultsConsumer.consume(ListResultsConsumer.java:33)
	at org.hibernate.sql.exec.internal.JdbcSelectExecutorStandardImpl.doExecuteQuery(JdbcSelectExecutorStandardImpl.java:211)
	at org.hibernate.sql.exec.internal.JdbcSelectExecutorStandardImpl.executeQuery(JdbcSelectExecutorStandardImpl.java:83)
	at org.hibernate.sql.exec.spi.JdbcSelectExecutor.list(JdbcSelectExecutor.java:76)
	at org.hibernate.sql.exec.spi.JdbcSelectExecutor.list(JdbcSelectExecutor.java:65)
	at org.hibernate.query.sqm.internal.ConcreteSqmSelectQueryPlan.lambda$new$2(ConcreteSqmSelectQueryPlan.java:139)
	at org.hibernate.query.sqm.internal.ConcreteSqmSelectQueryPlan.withCacheableSqmInterpretation(ConcreteSqmSelectQueryPlan.java:382)
	at org.hibernate.query.sqm.internal.ConcreteSqmSelectQueryPlan.performList(ConcreteSqmSelectQueryPlan.java:302)
	at org.hibernate.query.sqm.internal.QuerySqmImpl.doList(QuerySqmImpl.java:526)
	at org.hibernate.query.spi.AbstractSelectionQuery.list(AbstractSelectionQuery.java:423)
	at org.hibernate.query.spi.AbstractSelectionQuery.getSingleResult(AbstractSelectionQuery.java:555)
	at org.springframework.data.jpa.repository.query.JpaQueryExecution$SingleEntityExecution.doExecute(JpaQueryExecution.java:224)
	at org.springframework.data.jpa.repository.query.JpaQueryExecution.execute(JpaQueryExecution.java:93)
	at org.springframework.data.jpa.repository.query.AbstractJpaQuery.doExecute(AbstractJpaQuery.java:152)
	at org.springframework.data.jpa.repository.query.AbstractJpaQuery.execute(AbstractJpaQuery.java:140)
	at org.springframework.data.repository.core.support.RepositoryMethodInvoker.doInvoke(RepositoryMethodInvoker.java:170)
	at org.springframework.data.repository.core.support.RepositoryMethodInvoker.invoke(RepositoryMethodInvoker.java:158)
	at org.springframework.data.repository.core.support.QueryExecutorMethodInterceptor.doInvoke(QueryExecutorMethodInterceptor.java:169)
	at org.springframework.data.repository.core.support.QueryExecutorMethodInterceptor.invoke(QueryExecutorMethodInterceptor.java:148)
	at org.springframework.aop.framework.ReflectiveMethodInvocation.proceed(ReflectiveMethodInvocation.java:184)
	at org.springframework.data.projection.DefaultMethodInvokingMethodInterceptor.invoke(DefaultMethodInvokingMethodInterceptor.java:70)
	at org.springframework.aop.framework.ReflectiveMethodInvocation.proceed(ReflectiveMethodInvocation.java:184)
	at org.springframework.transaction.interceptor.TransactionAspectSupport.invokeWithinTransaction(TransactionAspectSupport.java:379)
	at org.springframework.transaction.interceptor.TransactionInterceptor.invoke(TransactionInterceptor.java:119)
	at org.springframework.aop.framework.ReflectiveMethodInvocation.proceed(ReflectiveMethodInvocation.java:184)
	at org.springframework.dao.support.PersistenceExceptionTranslationInterceptor.invoke(PersistenceExceptionTranslationInterceptor.java:138)
	... 193 common frames omitted
Caused by: org.h2.jdbc.JdbcSQLSyntaxErrorException: Column "es1_0.application_ref" not found; SQL statement:
select es1_0.id,es1_0.answers_draft_json,es1_0.browser_fingerprint,es1_0.application_ref,es1_0.created_by,es1_0.created_date,es1_0.exam_ref,es1_0.ip_address,es1_0.last_question_number,es1_0.marked_for_review_json,es1_0.progress_saved_at,es1_0.selected_question_ids_json,es1_0.session_end_time,es1_0.session_start_time,es1_0.session_status,es1_0.session_token,es1_0.updated_by,es1_0.updated_date,es1_0.user_ref,es1_0.violation_count from exam_sessions es1_0 where es1_0.application_ref=? order by es1_0.session_start_time desc,es1_0.id desc fetch first ? rows only [42122-224]
	at org.h2.message.DbException.getJdbcSQLException(DbException.java:514)
	at org.h2.message.DbException.getJdbcSQLException(DbException.java:489)
	at org.h2.message.DbException.get(DbException.java:223)
	at org.h2.message.DbException.get(DbException.java:199)
	at org.h2.expression.ExpressionColumn.getColumnException(ExpressionColumn.java:244)
	at org.h2.expression.ExpressionColumn.optimizeOther(ExpressionColumn.java:226)
	at org.h2.expression.ExpressionColumn.optimize(ExpressionColumn.java:213)
	at org.h2.command.query.Select.optimizeExpressionsAndPreserveAliases(Select.java:1285)
	at org.h2.command.query.Select.prepareExpressions(Select.java:1167)
	at org.h2.command.query.Query.prepare(Query.java:218)
	at org.h2.command.Parser.prepareCommand(Parser.java:489)
	at org.h2.engine.SessionLocal.prepareLocal(SessionLocal.java:639)
	at org.h2.engine.SessionLocal.prepareCommand(SessionLocal.java:559)
	at org.h2.jdbc.JdbcConnection.prepareCommand(JdbcConnection.java:1166)
	at org.h2.jdbc.JdbcPreparedStatement.<init>(JdbcPreparedStatement.java:93)
	at org.h2.jdbc.JdbcConnection.prepareStatement(JdbcConnection.java:316)
	at com.zaxxer.hikari.pool.ProxyConnection.prepareStatement(ProxyConnection.java:328)
	at com.zaxxer.hikari.pool.HikariProxyConnection.prepareStatement(HikariProxyConnection.java)
	at org.hibernate.engine.jdbc.internal.StatementPreparerImpl$5.doPrepare(StatementPreparerImpl.java:153)
	at org.hibernate.engine.jdbc.internal.StatementPreparerImpl$StatementPreparationTemplate.prepareStatement(StatementPreparerImpl.java:183)
	... 228 common frames omitted
2026-08-16 00:39:14.897 [http-nio-8099-exec-10] INFO  c.e.config.RequestAuditLoggingFilter [b1162fdb-1791-42f6-855a-11067022c274] - http_request method=GET uri=/api/dashboard/me status=500 durationMs=195 remoteAddr=127.0.0.1
2026-08-16 00:39:22.041 [http-nio-8099-exec-11] WARN  o.h.e.jdbc.spi.SqlExceptionHelper [5a5a681d-7803-4646-a3e2-9e4c53d69b2d] - SQL Error: 42122, SQLState: 42S22
2026-08-16 00:39:22.042 [http-nio-8099-exec-11] ERROR o.h.e.jdbc.spi.SqlExceptionHelper [5a5a681d-7803-4646-a3e2-9e4c53d69b2d] - Column "es1_0.application_ref" not found; SQL statement:
select es1_0.id,es1_0.answers_draft_json,es1_0.browser_fingerprint,es1_0.application_ref,es1_0.created_by,es1_0.created_date,es1_0.exam_ref,es1_0.ip_address,es1_0.last_question_number,es1_0.marked_for_review_json,es1_0.progress_saved_at,es1_0.selected_question_ids_json,es1_0.session_end_time,es1_0.session_start_time,es1_0.session_status,es1_0.session_token,es1_0.updated_by,es1_0.updated_date,es1_0.user_ref,es1_0.violation_count from exam_sessions es1_0 where es1_0.application_ref=? order by es1_0.session_start_time desc,es1_0.id desc fetch first ? rows only [42122-224]
2026-08-16 00:39:22.046 [http-nio-8099-exec-11] ERROR c.e.exception.GlobalExceptionHandler [5a5a681d-7803-4646-a3e2-9e4c53d69b2d] - Unhandled exception
org.springframework.dao.InvalidDataAccessResourceUsageException: could not prepare statement [Column "es1_0.application_ref" not found; SQL statement:
select es1_0.id,es1_0.answers_draft_json,es1_0.browser_fingerprint,es1_0.application_ref,es1_0.created_by,es1_0.created_date,es1_0.exam_ref,es1_0.ip_address,es1_0.last_question_number,es1_0.marked_for_review_json,es1_0.progress_saved_at,es1_0.selected_question_ids_json,es1_0.session_end_time,es1_0.session_start_time,es1_0.session_status,es1_0.session_token,es1_0.updated_by,es1_0.updated_date,es1_0.user_ref,es1_0.violation_count from exam_sessions es1_0 where es1_0.application_ref=? order by es1_0.session_start_time desc,es1_0.id desc fetch first ? rows only [42122-224]] [select es1_0.id,es1_0.answers_draft_json,es1_0.browser_fingerprint,es1_0.application_ref,es1_0.created_by,es1_0.created_date,es1_0.exam_ref,es1_0.ip_address,es1_0.last_question_number,es1_0.marked_for_review_json,es1_0.progress_saved_at,es1_0.selected_question_ids_json,es1_0.session_end_time,es1_0.session_start_time,es1_0.session_status,es1_0.session_token,es1_0.updated_by,es1_0.updated_date,es1_0.user_ref,es1_0.violation_count from exam_sessions es1_0 where es1_0.application_ref=? order by es1_0.session_start_time desc,es1_0.id desc fetch first ? rows only]; SQL [select es1_0.id,es1_0.answers_draft_json,es1_0.browser_fingerprint,es1_0.application_ref,es1_0.created_by,es1_0.created_date,es1_0.exam_ref,es1_0.ip_address,es1_0.last_question_number,es1_0.marked_for_review_json,es1_0.progress_saved_at,es1_0.selected_question_ids_json,es1_0.session_end_time,es1_0.session_start_time,es1_0.session_status,es1_0.session_token,es1_0.updated_by,es1_0.updated_date,es1_0.user_ref,es1_0.violation_count from exam_sessions es1_0 where es1_0.application_ref=? order by es1_0.session_start_time desc,es1_0.id desc fetch first ? rows only]
	at org.springframework.orm.jpa.vendor.HibernateJpaDialect.convertHibernateAccessException(HibernateJpaDialect.java:277)
	at org.springframework.orm.jpa.vendor.HibernateJpaDialect.translateExceptionIfPossible(HibernateJpaDialect.java:241)
	at org.springframework.orm.jpa.AbstractEntityManagerFactoryBean.translateExceptionIfPossible(AbstractEntityManagerFactoryBean.java:550)
	at org.springframework.dao.support.ChainedPersistenceExceptionTranslator.translateExceptionIfPossible(ChainedPersistenceExceptionTranslator.java:61)
	at org.springframework.dao.support.DataAccessUtils.translateIfNecessary(DataAccessUtils.java:335)
	at org.springframework.dao.support.PersistenceExceptionTranslationInterceptor.invoke(PersistenceExceptionTranslationInterceptor.java:160)
	at org.springframework.aop.framework.ReflectiveMethodInvocation.proceed(ReflectiveMethodInvocation.java:184)
	at org.springframework.data.jpa.repository.support.CrudMethodMetadataPostProcessor$CrudMethodMetadataPopulatingMethodInterceptor.invoke(CrudMethodMetadataPostProcessor.java:136)
	at org.springframework.aop.framework.ReflectiveMethodInvocation.proceed(ReflectiveMethodInvocation.java:184)
	at org.springframework.aop.interceptor.ExposeInvocationInterceptor.invoke(ExposeInvocationInterceptor.java:97)
	at org.springframework.aop.framework.ReflectiveMethodInvocation.proceed(ReflectiveMethodInvocation.java:184)
	at org.springframework.aop.framework.JdkDynamicAopProxy.invoke(JdkDynamicAopProxy.java:223)
	at jdk.proxy2/jdk.proxy2.$Proxy199.findTopByCertificationApplicationOrderBySessionStartTimeDescIdDesc(Unknown Source)
	at com.ems.service.impl.DashboardServiceImpl.hasAttemptInProgress(DashboardServiceImpl.java:323)
	at com.ems.service.impl.DashboardServiceImpl.lambda$getCurrentUserDashboard$2(DashboardServiceImpl.java:96)
	at java.base/java.util.stream.ReferencePipeline$3$1.accept(ReferencePipeline.java:197)
	at java.base/java.util.ArrayList$ArrayListSpliterator.forEachRemaining(ArrayList.java:1708)
	at java.base/java.util.stream.AbstractPipeline.copyInto(AbstractPipeline.java:509)
	at java.base/java.util.stream.AbstractPipeline.wrapAndCopyInto(AbstractPipeline.java:499)
	at java.base/java.util.stream.AbstractPipeline.evaluate(AbstractPipeline.java:575)
	at java.base/java.util.stream.AbstractPipeline.evaluateToArrayNode(AbstractPipeline.java:260)
	at java.base/java.util.stream.ReferencePipeline.toArray(ReferencePipeline.java:616)
	at java.base/java.util.stream.ReferencePipeline.toArray(ReferencePipeline.java:622)
	at java.base/java.util.stream.ReferencePipeline.toList(ReferencePipeline.java:627)
	at com.ems.service.impl.DashboardServiceImpl.getCurrentUserDashboard(DashboardServiceImpl.java:97)
	at java.base/jdk.internal.reflect.DirectMethodHandleAccessor.invoke(DirectMethodHandleAccessor.java:103)
	at java.base/java.lang.reflect.Method.invoke(Method.java:580)
	at org.springframework.aop.support.AopUtils.invokeJoinpointUsingReflection(AopUtils.java:355)
	at org.springframework.aop.framework.ReflectiveMethodInvocation.invokeJoinpoint(ReflectiveMethodInvocation.java:196)
	at org.springframework.aop.framework.ReflectiveMethodInvocation.proceed(ReflectiveMethodInvocation.java:163)
	at org.springframework.aop.framework.CglibAopProxy$CglibMethodInvocation.proceed(CglibAopProxy.java:768)
	at org.springframework.transaction.interceptor.TransactionAspectSupport.invokeWithinTransaction(TransactionAspectSupport.java:379)
	at org.springframework.transaction.interceptor.TransactionInterceptor.invoke(TransactionInterceptor.java:119)
	at org.springframework.aop.framework.ReflectiveMethodInvocation.proceed(ReflectiveMethodInvocation.java:184)
	at org.springframework.aop.framework.CglibAopProxy$CglibMethodInvocation.proceed(CglibAopProxy.java:768)
	at org.springframework.cache.interceptor.CacheInterceptor.lambda$invoke$0(CacheInterceptor.java:55)
	at org.springframework.cache.interceptor.CacheAspectSupport.invokeOperation(CacheAspectSupport.java:416)
	at org.springframework.cache.interceptor.CacheAspectSupport.evaluate(CacheAspectSupport.java:551)
	at org.springframework.cache.interceptor.CacheAspectSupport.execute(CacheAspectSupport.java:433)
	at org.springframework.cache.interceptor.CacheAspectSupport.execute(CacheAspectSupport.java:395)
	at org.springframework.cache.interceptor.CacheInterceptor.invoke(CacheInterceptor.java:65)
	at org.springframework.aop.framework.ReflectiveMethodInvocation.proceed(ReflectiveMethodInvocation.java:184)
	at org.springframework.aop.framework.CglibAopProxy$CglibMethodInvocation.proceed(CglibAopProxy.java:768)
	at org.springframework.aop.framework.CglibAopProxy$DynamicAdvisedInterceptor.intercept(CglibAopProxy.java:720)
	at com.ems.service.impl.DashboardServiceImpl$$SpringCGLIB$$0.getCurrentUserDashboard(<generated>)
	at com.ems.controller.DashboardController.getDashboard(DashboardController.java:31)
	at java.base/jdk.internal.reflect.DirectMethodHandleAccessor.invoke(DirectMethodHandleAccessor.java:103)
	at java.base/java.lang.reflect.Method.invoke(Method.java:580)
	at org.springframework.web.method.support.InvocableHandlerMethod.doInvoke(InvocableHandlerMethod.java:255)
	at org.springframework.web.method.support.InvocableHandlerMethod.invokeForRequest(InvocableHandlerMethod.java:188)
	at org.springframework.web.servlet.mvc.method.annotation.ServletInvocableHandlerMethod.invokeAndHandle(ServletInvocableHandlerMethod.java:118)
	at org.springframework.web.servlet.mvc.method.annotation.RequestMappingHandlerAdapter.invokeHandlerMethod(RequestMappingHandlerAdapter.java:926)
	at org.springframework.web.servlet.mvc.method.annotation.RequestMappingHandlerAdapter.handleInternal(RequestMappingHandlerAdapter.java:831)
	at org.springframework.web.servlet.mvc.method.AbstractHandlerMethodAdapter.handle(AbstractHandlerMethodAdapter.java:87)
	at org.springframework.web.servlet.DispatcherServlet.doDispatch(DispatcherServlet.java:1089)
	at org.springframework.web.servlet.DispatcherServlet.doService(DispatcherServlet.java:979)
	at org.springframework.web.servlet.FrameworkServlet.processRequest(FrameworkServlet.java:1014)
	at org.springframework.web.servlet.FrameworkServlet.doGet(FrameworkServlet.java:903)
	at jakarta.servlet.http.HttpServlet.service(HttpServlet.java:564)
	at org.springframework.web.servlet.FrameworkServlet.service(FrameworkServlet.java:885)
	at jakarta.servlet.http.HttpServlet.service(HttpServlet.java:658)
	at org.apache.catalina.core.ApplicationFilterChain.internalDoFilter(ApplicationFilterChain.java:195)
	at org.apache.catalina.core.ApplicationFilterChain.doFilter(ApplicationFilterChain.java:140)
	at org.apache.tomcat.websocket.server.WsFilter.doFilter(WsFilter.java:51)
	at org.apache.catalina.core.ApplicationFilterChain.internalDoFilter(ApplicationFilterChain.java:164)
	at org.apache.catalina.core.ApplicationFilterChain.doFilter(ApplicationFilterChain.java:140)
	at org.springframework.web.filter.OncePerRequestFilter.doFilter(OncePerRequestFilter.java:110)
	at org.apache.catalina.core.ApplicationFilterChain.internalDoFilter(ApplicationFilterChain.java:164)
	at org.apache.catalina.core.ApplicationFilterChain.doFilter(ApplicationFilterChain.java:140)
	at org.springframework.web.filter.OncePerRequestFilter.doFilter(OncePerRequestFilter.java:101)
	at org.apache.catalina.core.ApplicationFilterChain.internalDoFilter(ApplicationFilterChain.java:164)
	at org.apache.catalina.core.ApplicationFilterChain.doFilter(ApplicationFilterChain.java:140)
	at org.springframework.web.filter.CompositeFilter$VirtualFilterChain.doFilter(CompositeFilter.java:108)
	at org.springframework.security.web.FilterChainProxy.lambda$doFilterInternal$3(FilterChainProxy.java:231)
	at org.springframework.security.web.ObservationFilterChainDecorator$FilterObservation$SimpleFilterObservation.lambda$wrap$1(ObservationFilterChainDecorator.java:479)
	at org.springframework.security.web.ObservationFilterChainDecorator$AroundFilterObservation$SimpleAroundFilterObservation.lambda$wrap$1(ObservationFilterChainDecorator.java:340)
	at org.springframework.security.web.ObservationFilterChainDecorator.lambda$wrapSecured$0(ObservationFilterChainDecorator.java:82)
	at org.springframework.security.web.ObservationFilterChainDecorator$VirtualFilterChain.doFilter(ObservationFilterChainDecorator.java:128)
	at org.springframework.security.web.access.intercept.AuthorizationFilter.doFilter(AuthorizationFilter.java:100)
	at org.springframework.security.web.ObservationFilterChainDecorator$ObservationFilter.wrapFilter(ObservationFilterChainDecorator.java:240)
	at org.springframework.security.web.ObservationFilterChainDecorator$ObservationFilter.doFilter(ObservationFilterChainDecorator.java:227)
	at org.springframework.security.web.ObservationFilterChainDecorator$VirtualFilterChain.doFilter(ObservationFilterChainDecorator.java:137)
	at org.springframework.security.web.access.ExceptionTranslationFilter.doFilter(ExceptionTranslationFilter.java:126)
	at org.springframework.security.web.access.ExceptionTranslationFilter.doFilter(ExceptionTranslationFilter.java:120)
	at org.springframework.security.web.ObservationFilterChainDecorator$ObservationFilter.wrapFilter(ObservationFilterChainDecorator.java:240)
	at org.springframework.security.web.ObservationFilterChainDecorator$ObservationFilter.doFilter(ObservationFilterChainDecorator.java:227)
	at org.springframework.security.web.ObservationFilterChainDecorator$VirtualFilterChain.doFilter(ObservationFilterChainDecorator.java:137)
	at org.springframework.security.web.session.SessionManagementFilter.doFilter(SessionManagementFilter.java:131)
	at org.springframework.security.web.session.SessionManagementFilter.doFilter(SessionManagementFilter.java:85)
	at org.springframework.security.web.ObservationFilterChainDecorator$ObservationFilter.wrapFilter(ObservationFilterChainDecorator.java:240)
	at org.springframework.security.web.ObservationFilterChainDecorator$ObservationFilter.doFilter(ObservationFilterChainDecorator.java:227)
	at org.springframework.security.web.ObservationFilterChainDecorator$VirtualFilterChain.doFilter(ObservationFilterChainDecorator.java:137)
	at org.springframework.security.web.authentication.AnonymousAuthenticationFilter.doFilter(AnonymousAuthenticationFilter.java:100)
	at org.springframework.security.web.ObservationFilterChainDecorator$ObservationFilter.wrapFilter(ObservationFilterChainDecorator.java:240)
	at org.springframework.security.web.ObservationFilterChainDecorator$ObservationFilter.doFilter(ObservationFilterChainDecorator.java:227)
	at org.springframework.security.web.ObservationFilterChainDecorator$VirtualFilterChain.doFilter(ObservationFilterChainDecorator.java:137)
	at org.springframework.security.web.servletapi.SecurityContextHolderAwareRequestFilter.doFilter(SecurityContextHolderAwareRequestFilter.java:179)
	at org.springframework.security.web.ObservationFilterChainDecorator$ObservationFilter.wrapFilter(ObservationFilterChainDecorator.java:240)
	at org.springframework.security.web.ObservationFilterChainDecorator$ObservationFilter.doFilter(ObservationFilterChainDecorator.java:227)
	at org.springframework.security.web.ObservationFilterChainDecorator$VirtualFilterChain.doFilter(ObservationFilterChainDecorator.java:137)
	at org.springframework.security.web.savedrequest.RequestCacheAwareFilter.doFilter(RequestCacheAwareFilter.java:63)
	at org.springframework.security.web.ObservationFilterChainDecorator$ObservationFilter.wrapFilter(ObservationFilterChainDecorator.java:240)
	at org.springframework.security.web.ObservationFilterChainDecorator$ObservationFilter.doFilter(ObservationFilterChainDecorator.java:227)
	at org.springframework.security.web.ObservationFilterChainDecorator$VirtualFilterChain.doFilter(ObservationFilterChainDecorator.java:137)
	at com.ems.security.JwtAuthenticationFilter.doFilterInternal(JwtAuthenticationFilter.java:87)
	at org.springframework.web.filter.OncePerRequestFilter.doFilter(OncePerRequestFilter.java:116)
	at org.springframework.security.web.ObservationFilterChainDecorator$ObservationFilter.wrapFilter(ObservationFilterChainDecorator.java:240)
	at org.springframework.security.web.ObservationFilterChainDecorator$ObservationFilter.doFilter(ObservationFilterChainDecorator.java:227)
	at org.springframework.security.web.ObservationFilterChainDecorator$VirtualFilterChain.doFilter(ObservationFilterChainDecorator.java:137)
	at org.springframework.web.filter.OncePerRequestFilter.doFilter(OncePerRequestFilter.java:101)
	at org.springframework.security.web.ObservationFilterChainDecorator$ObservationFilter.wrapFilter(ObservationFilterChainDecorator.java:240)
	at org.springframework.security.web.ObservationFilterChainDecorator$ObservationFilter.doFilter(ObservationFilterChainDecorator.java:227)
	at org.springframework.security.web.ObservationFilterChainDecorator$VirtualFilterChain.doFilter(ObservationFilterChainDecorator.java:137)
	at org.springframework.security.web.authentication.logout.LogoutFilter.doFilter(LogoutFilter.java:107)
	at org.springframework.security.web.authentication.logout.LogoutFilter.doFilter(LogoutFilter.java:93)
	at org.springframework.security.web.ObservationFilterChainDecorator$ObservationFilter.wrapFilter(ObservationFilterChainDecorator.java:240)
	at org.springframework.security.web.ObservationFilterChainDecorator$ObservationFilter.doFilter(ObservationFilterChainDecorator.java:227)
	at org.springframework.security.web.ObservationFilterChainDecorator$VirtualFilterChain.doFilter(ObservationFilterChainDecorator.java:137)
	at org.springframework.web.filter.CorsFilter.doFilterInternal(CorsFilter.java:91)
	at org.springframework.web.filter.OncePerRequestFilter.doFilter(OncePerRequestFilter.java:116)
	at org.springframework.security.web.ObservationFilterChainDecorator$ObservationFilter.wrapFilter(ObservationFilterChainDecorator.java:240)
	at org.springframework.security.web.ObservationFilterChainDecorator$ObservationFilter.doFilter(ObservationFilterChainDecorator.java:227)
	at org.springframework.security.web.ObservationFilterChainDecorator$VirtualFilterChain.doFilter(ObservationFilterChainDecorator.java:137)
	at org.springframework.security.web.header.HeaderWriterFilter.doHeadersAfter(HeaderWriterFilter.java:90)
	at org.springframework.security.web.header.HeaderWriterFilter.doFilterInternal(HeaderWriterFilter.java:75)
	at org.springframework.web.filter.OncePerRequestFilter.doFilter(OncePerRequestFilter.java:116)
	at org.springframework.security.web.ObservationFilterChainDecorator$ObservationFilter.wrapFilter(ObservationFilterChainDecorator.java:240)
	at org.springframework.security.web.ObservationFilterChainDecorator$ObservationFilter.doFilter(ObservationFilterChainDecorator.java:227)
	at org.springframework.security.web.ObservationFilterChainDecorator$VirtualFilterChain.doFilter(ObservationFilterChainDecorator.java:137)
	at org.springframework.security.web.context.SecurityContextHolderFilter.doFilter(SecurityContextHolderFilter.java:82)
	at org.springframework.security.web.context.SecurityContextHolderFilter.doFilter(SecurityContextHolderFilter.java:69)
	at org.springframework.security.web.ObservationFilterChainDecorator$ObservationFilter.wrapFilter(ObservationFilterChainDecorator.java:240)
	at org.springframework.security.web.ObservationFilterChainDecorator$ObservationFilter.doFilter(ObservationFilterChainDecorator.java:227)
	at org.springframework.security.web.ObservationFilterChainDecorator$VirtualFilterChain.doFilter(ObservationFilterChainDecorator.java:137)
	at org.springframework.security.web.context.request.async.WebAsyncManagerIntegrationFilter.doFilterInternal(WebAsyncManagerIntegrationFilter.java:62)
	at org.springframework.web.filter.OncePerRequestFilter.doFilter(OncePerRequestFilter.java:116)
	at org.springframework.security.web.ObservationFilterChainDecorator$ObservationFilter.wrapFilter(ObservationFilterChainDecorator.java:240)
	at org.springframework.security.web.ObservationFilterChainDecorator$ObservationFilter.doFilter(ObservationFilterChainDecorator.java:227)
	at org.springframework.security.web.ObservationFilterChainDecorator$VirtualFilterChain.doFilter(ObservationFilterChainDecorator.java:137)
	at org.springframework.security.web.session.DisableEncodeUrlFilter.doFilterInternal(DisableEncodeUrlFilter.java:42)
	at org.springframework.web.filter.OncePerRequestFilter.doFilter(OncePerRequestFilter.java:116)
	at org.springframework.security.web.ObservationFilterChainDecorator$ObservationFilter.wrapFilter(ObservationFilterChainDecorator.java:240)
	at org.springframework.security.web.ObservationFilterChainDecorator$AroundFilterObservation$SimpleAroundFilterObservation.lambda$wrap$0(ObservationFilterChainDecorator.java:323)
	at org.springframework.security.web.ObservationFilterChainDecorator$ObservationFilter.doFilter(ObservationFilterChainDecorator.java:224)
	at org.springframework.security.web.ObservationFilterChainDecorator$VirtualFilterChain.doFilter(ObservationFilterChainDecorator.java:137)
	at org.springframework.security.web.FilterChainProxy.doFilterInternal(FilterChainProxy.java:233)
	at org.springframework.security.web.FilterChainProxy.doFilter(FilterChainProxy.java:191)
	at org.springframework.web.filter.CompositeFilter$VirtualFilterChain.doFilter(CompositeFilter.java:113)
	at org.springframework.web.servlet.handler.HandlerMappingIntrospector.lambda$createCacheFilter$3(HandlerMappingIntrospector.java:195)
	at org.springframework.web.filter.CompositeFilter$VirtualFilterChain.doFilter(CompositeFilter.java:113)
	at org.springframework.web.filter.CompositeFilter.doFilter(CompositeFilter.java:74)
	at org.springframework.security.config.annotation.web.configuration.WebMvcSecurityConfiguration$CompositeFilterChainProxy.doFilter(WebMvcSecurityConfiguration.java:230)
	at org.springframework.web.filter.DelegatingFilterProxy.invokeDelegate(DelegatingFilterProxy.java:362)
	at org.springframework.web.filter.DelegatingFilterProxy.doFilter(DelegatingFilterProxy.java:278)
	at org.apache.catalina.core.ApplicationFilterChain.internalDoFilter(ApplicationFilterChain.java:164)
	at org.apache.catalina.core.ApplicationFilterChain.doFilter(ApplicationFilterChain.java:140)
	at org.springframework.web.filter.RequestContextFilter.doFilterInternal(RequestContextFilter.java:100)
	at org.springframework.web.filter.OncePerRequestFilter.doFilter(OncePerRequestFilter.java:116)
	at org.apache.catalina.core.ApplicationFilterChain.internalDoFilter(ApplicationFilterChain.java:164)
	at org.apache.catalina.core.ApplicationFilterChain.doFilter(ApplicationFilterChain.java:140)
	at org.springframework.web.filter.FormContentFilter.doFilterInternal(FormContentFilter.java:93)
	at org.springframework.web.filter.OncePerRequestFilter.doFilter(OncePerRequestFilter.java:116)
	at org.apache.catalina.core.ApplicationFilterChain.internalDoFilter(ApplicationFilterChain.java:164)
	at org.apache.catalina.core.ApplicationFilterChain.doFilter(ApplicationFilterChain.java:140)
	at com.ems.config.RequestAuditLoggingFilter.doFilterInternal(RequestAuditLoggingFilter.java:39)
	at org.springframework.web.filter.OncePerRequestFilter.doFilter(OncePerRequestFilter.java:116)
	at org.apache.catalina.core.ApplicationFilterChain.internalDoFilter(ApplicationFilterChain.java:164)
	at org.apache.catalina.core.ApplicationFilterChain.doFilter(ApplicationFilterChain.java:140)
	at org.springframework.web.filter.ServerHttpObservationFilter.doFilterInternal(ServerHttpObservationFilter.java:113)
	at org.springframework.web.filter.OncePerRequestFilter.doFilter(OncePerRequestFilter.java:116)
	at org.apache.catalina.core.ApplicationFilterChain.internalDoFilter(ApplicationFilterChain.java:164)
	at org.apache.catalina.core.ApplicationFilterChain.doFilter(ApplicationFilterChain.java:140)
	at org.springframework.web.filter.CharacterEncodingFilter.doFilterInternal(CharacterEncodingFilter.java:201)
	at org.springframework.web.filter.OncePerRequestFilter.doFilter(OncePerRequestFilter.java:116)
	at org.apache.catalina.core.ApplicationFilterChain.internalDoFilter(ApplicationFilterChain.java:164)
	at org.apache.catalina.core.ApplicationFilterChain.doFilter(ApplicationFilterChain.java:140)
	at com.ems.config.CorrelationIdFilter.doFilterInternal(CorrelationIdFilter.java:36)
	at org.springframework.web.filter.OncePerRequestFilter.doFilter(OncePerRequestFilter.java:116)
	at org.apache.catalina.core.ApplicationFilterChain.internalDoFilter(ApplicationFilterChain.java:164)
	at org.apache.catalina.core.ApplicationFilterChain.doFilter(ApplicationFilterChain.java:140)
	at org.springframework.web.filter.OncePerRequestFilter.doFilter(OncePerRequestFilter.java:101)
	at org.apache.catalina.core.ApplicationFilterChain.internalDoFilter(ApplicationFilterChain.java:164)
	at org.apache.catalina.core.ApplicationFilterChain.doFilter(ApplicationFilterChain.java:140)
	at org.apache.catalina.core.StandardWrapperValve.invoke(StandardWrapperValve.java:167)
	at org.apache.catalina.core.StandardContextValve.invoke(StandardContextValve.java:90)
	at org.apache.catalina.authenticator.AuthenticatorBase.invoke(AuthenticatorBase.java:483)
	at org.apache.catalina.core.StandardHostValve.invoke(StandardHostValve.java:115)
	at org.apache.catalina.valves.ErrorReportValve.invoke(ErrorReportValve.java:93)
	at org.apache.catalina.core.StandardEngineValve.invoke(StandardEngineValve.java:74)
	at org.apache.catalina.connector.CoyoteAdapter.service(CoyoteAdapter.java:344)
	at org.apache.coyote.http11.Http11Processor.service(Http11Processor.java:397)
	at org.apache.coyote.AbstractProcessorLight.process(AbstractProcessorLight.java:63)
	at org.apache.coyote.AbstractProtocol$ConnectionHandler.process(AbstractProtocol.java:905)
	at org.apache.tomcat.util.net.NioEndpoint$SocketProcessor.doRun(NioEndpoint.java:1741)
	at org.apache.tomcat.util.net.SocketProcessorBase.run(SocketProcessorBase.java:52)
	at org.apache.tomcat.util.threads.ThreadPoolExecutor.runWorker(ThreadPoolExecutor.java:1190)
	at org.apache.tomcat.util.threads.ThreadPoolExecutor$Worker.run(ThreadPoolExecutor.java:659)
	at org.apache.tomcat.util.threads.TaskThread$WrappingRunnable.run(TaskThread.java:63)
	at java.base/java.lang.Thread.run(Thread.java:1583)
Caused by: org.hibernate.exception.SQLGrammarException: could not prepare statement [Column "es1_0.application_ref" not found; SQL statement:
select es1_0.id,es1_0.answers_draft_json,es1_0.browser_fingerprint,es1_0.application_ref,es1_0.created_by,es1_0.created_date,es1_0.exam_ref,es1_0.ip_address,es1_0.last_question_number,es1_0.marked_for_review_json,es1_0.progress_saved_at,es1_0.selected_question_ids_json,es1_0.session_end_time,es1_0.session_start_time,es1_0.session_status,es1_0.session_token,es1_0.updated_by,es1_0.updated_date,es1_0.user_ref,es1_0.violation_count from exam_sessions es1_0 where es1_0.application_ref=? order by es1_0.session_start_time desc,es1_0.id desc fetch first ? rows only [42122-224]] [select es1_0.id,es1_0.answers_draft_json,es1_0.browser_fingerprint,es1_0.application_ref,es1_0.created_by,es1_0.created_date,es1_0.exam_ref,es1_0.ip_address,es1_0.last_question_number,es1_0.marked_for_review_json,es1_0.progress_saved_at,es1_0.selected_question_ids_json,es1_0.session_end_time,es1_0.session_start_time,es1_0.session_status,es1_0.session_token,es1_0.updated_by,es1_0.updated_date,es1_0.user_ref,es1_0.violation_count from exam_sessions es1_0 where es1_0.application_ref=? order by es1_0.session_start_time desc,es1_0.id desc fetch first ? rows only]
	at org.hibernate.exception.internal.SQLExceptionTypeDelegate.convert(SQLExceptionTypeDelegate.java:66)
	at org.hibernate.exception.internal.StandardSQLExceptionConverter.convert(StandardSQLExceptionConverter.java:58)
	at org.hibernate.engine.jdbc.spi.SqlExceptionHelper.convert(SqlExceptionHelper.java:108)
	at org.hibernate.engine.jdbc.internal.StatementPreparerImpl$StatementPreparationTemplate.prepareStatement(StatementPreparerImpl.java:194)
	at org.hibernate.engine.jdbc.internal.StatementPreparerImpl.prepareQueryStatement(StatementPreparerImpl.java:155)
	at org.hibernate.sql.exec.spi.JdbcSelectExecutor.lambda$list$0(JdbcSelectExecutor.java:85)
	at org.hibernate.sql.results.jdbc.internal.DeferredResultSetAccess.executeQuery(DeferredResultSetAccess.java:231)
	at org.hibernate.sql.results.jdbc.internal.DeferredResultSetAccess.getResultSet(DeferredResultSetAccess.java:167)
	at org.hibernate.sql.results.jdbc.internal.JdbcValuesResultSetImpl.advanceNext(JdbcValuesResultSetImpl.java:265)
	at org.hibernate.sql.results.jdbc.internal.JdbcValuesResultSetImpl.processNext(JdbcValuesResultSetImpl.java:145)
	at org.hibernate.sql.results.jdbc.internal.AbstractJdbcValues.next(AbstractJdbcValues.java:19)
	at org.hibernate.sql.results.internal.RowProcessingStateStandardImpl.next(RowProcessingStateStandardImpl.java:67)
	at org.hibernate.sql.results.spi.ListResultsConsumer.consume(ListResultsConsumer.java:204)
	at org.hibernate.sql.results.spi.ListResultsConsumer.consume(ListResultsConsumer.java:33)
	at org.hibernate.sql.exec.internal.JdbcSelectExecutorStandardImpl.doExecuteQuery(JdbcSelectExecutorStandardImpl.java:211)
	at org.hibernate.sql.exec.internal.JdbcSelectExecutorStandardImpl.executeQuery(JdbcSelectExecutorStandardImpl.java:83)
	at org.hibernate.sql.exec.spi.JdbcSelectExecutor.list(JdbcSelectExecutor.java:76)
	at org.hibernate.sql.exec.spi.JdbcSelectExecutor.list(JdbcSelectExecutor.java:65)
	at org.hibernate.query.sqm.internal.ConcreteSqmSelectQueryPlan.lambda$new$2(ConcreteSqmSelectQueryPlan.java:139)
	at org.hibernate.query.sqm.internal.ConcreteSqmSelectQueryPlan.withCacheableSqmInterpretation(ConcreteSqmSelectQueryPlan.java:382)
	at org.hibernate.query.sqm.internal.ConcreteSqmSelectQueryPlan.performList(ConcreteSqmSelectQueryPlan.java:302)
	at org.hibernate.query.sqm.internal.QuerySqmImpl.doList(QuerySqmImpl.java:526)
	at org.hibernate.query.spi.AbstractSelectionQuery.list(AbstractSelectionQuery.java:423)
	at org.hibernate.query.spi.AbstractSelectionQuery.getSingleResult(AbstractSelectionQuery.java:555)
	at org.springframework.data.jpa.repository.query.JpaQueryExecution$SingleEntityExecution.doExecute(JpaQueryExecution.java:224)
	at org.springframework.data.jpa.repository.query.JpaQueryExecution.execute(JpaQueryExecution.java:93)
	at org.springframework.data.jpa.repository.query.AbstractJpaQuery.doExecute(AbstractJpaQuery.java:152)
	at org.springframework.data.jpa.repository.query.AbstractJpaQuery.execute(AbstractJpaQuery.java:140)
	at org.springframework.data.repository.core.support.RepositoryMethodInvoker.doInvoke(RepositoryMethodInvoker.java:170)
	at org.springframework.data.repository.core.support.RepositoryMethodInvoker.invoke(RepositoryMethodInvoker.java:158)
	at org.springframework.data.repository.core.support.QueryExecutorMethodInterceptor.doInvoke(QueryExecutorMethodInterceptor.java:169)
	at org.springframework.data.repository.core.support.QueryExecutorMethodInterceptor.invoke(QueryExecutorMethodInterceptor.java:148)
	at org.springframework.aop.framework.ReflectiveMethodInvocation.proceed(ReflectiveMethodInvocation.java:184)
	at org.springframework.data.projection.DefaultMethodInvokingMethodInterceptor.invoke(DefaultMethodInvokingMethodInterceptor.java:70)
	at org.springframework.aop.framework.ReflectiveMethodInvocation.proceed(ReflectiveMethodInvocation.java:184)
	at org.springframework.transaction.interceptor.TransactionAspectSupport.invokeWithinTransaction(TransactionAspectSupport.java:379)
	at org.springframework.transaction.interceptor.TransactionInterceptor.invoke(TransactionInterceptor.java:119)
	at org.springframework.aop.framework.ReflectiveMethodInvocation.proceed(ReflectiveMethodInvocation.java:184)
	at org.springframework.dao.support.PersistenceExceptionTranslationInterceptor.invoke(PersistenceExceptionTranslationInterceptor.java:138)
	... 193 common frames omitted
Caused by: org.h2.jdbc.JdbcSQLSyntaxErrorException: Column "es1_0.application_ref" not found; SQL statement:
select es1_0.id,es1_0.answers_draft_json,es1_0.browser_fingerprint,es1_0.application_ref,es1_0.created_by,es1_0.created_date,es1_0.exam_ref,es1_0.ip_address,es1_0.last_question_number,es1_0.marked_for_review_json,es1_0.progress_saved_at,es1_0.selected_question_ids_json,es1_0.session_end_time,es1_0.session_start_time,es1_0.session_status,es1_0.session_token,es1_0.updated_by,es1_0.updated_date,es1_0.user_ref,es1_0.violation_count from exam_sessions es1_0 where es1_0.application_ref=? order by es1_0.session_start_time desc,es1_0.id desc fetch first ? rows only [42122-224]
	at org.h2.message.DbException.getJdbcSQLException(DbException.java:514)
	at org.h2.message.DbException.getJdbcSQLException(DbException.java:489)
	at org.h2.message.DbException.get(DbException.java:223)
	at org.h2.message.DbException.get(DbException.java:199)
	at org.h2.expression.ExpressionColumn.getColumnException(ExpressionColumn.java:244)
	at org.h2.expression.ExpressionColumn.optimizeOther(ExpressionColumn.java:226)
	at org.h2.expression.ExpressionColumn.optimize(ExpressionColumn.java:213)
	at org.h2.command.query.Select.optimizeExpressionsAndPreserveAliases(Select.java:1285)
	at org.h2.command.query.Select.prepareExpressions(Select.java:1167)
	at org.h2.command.query.Query.prepare(Query.java:218)
	at org.h2.command.Parser.prepareCommand(Parser.java:489)
	at org.h2.engine.SessionLocal.prepareLocal(SessionLocal.java:639)
	at org.h2.engine.SessionLocal.prepareCommand(SessionLocal.java:559)
	at org.h2.jdbc.JdbcConnection.prepareCommand(JdbcConnection.java:1166)
	at org.h2.jdbc.JdbcPreparedStatement.<init>(JdbcPreparedStatement.java:93)
	at org.h2.jdbc.JdbcConnection.prepareStatement(JdbcConnection.java:316)
	at com.zaxxer.hikari.pool.ProxyConnection.prepareStatement(ProxyConnection.java:328)
	at com.zaxxer.hikari.pool.HikariProxyConnection.prepareStatement(HikariProxyConnection.java)
	at org.hibernate.engine.jdbc.internal.StatementPreparerImpl$5.doPrepare(StatementPreparerImpl.java:153)
	at org.hibernate.engine.jdbc.internal.StatementPreparerImpl$StatementPreparationTemplate.prepareStatement(StatementPreparerImpl.java:183)
	... 228 common frames omitted
2026-08-16 00:39:22.052 [http-nio-8099-exec-11] INFO  c.e.config.RequestAuditLoggingFilter [5a5a681d-7803-4646-a3e2-9e4c53d69b2d] - http_request method=GET uri=/api/dashboard/me status=500 durationMs=100 remoteAddr=127.0.0.1
2026-08-16 00:40:09.712 [background-preinit] INFO  o.h.validator.internal.util.Version [] - HV000001: Hibernate Validator 8.0.2.Final
2026-08-16 00:40:09.956 [main] INFO  com.ems.EmsBackendApplication [] - Starting EmsBackendApplication using Java 21.0.12 with PID 25948 (/Users/vignesh/ems/EMS_SERVICES/target/classes started by vignesh in /Users/vignesh/ems/EMS_SERVICES)
2026-08-16 00:40:09.961 [main] DEBUG com.ems.EmsBackendApplication [] - Running with Spring Boot v3.3.7, Spring v6.1.16
2026-08-16 00:40:09.964 [main] INFO  com.ems.EmsBackendApplication [] - The following 1 profile is active: "h2"
2026-08-16 00:40:16.791 [main] INFO  o.s.d.r.c.RepositoryConfigurationDelegate [] - Bootstrapping Spring Data JPA repositories in DEFAULT mode.
2026-08-16 00:40:17.287 [main] INFO  o.s.d.r.c.RepositoryConfigurationDelegate [] - Finished Spring Data repository scanning in 471 ms. Found 17 JPA repository interfaces.
2026-08-16 00:40:21.355 [main] INFO  o.s.b.w.e.tomcat.TomcatWebServer [] - Tomcat initialized with port 8099 (http)
2026-08-16 00:40:21.399 [main] INFO  o.a.coyote.http11.Http11NioProtocol [] - Initializing ProtocolHandler ["http-nio-8099"]
2026-08-16 00:40:21.406 [main] INFO  o.a.catalina.core.StandardService [] - Starting service [Tomcat]
2026-08-16 00:40:21.407 [main] INFO  o.a.catalina.core.StandardEngine [] - Starting Servlet engine: [Apache Tomcat/10.1.34]
2026-08-16 00:40:21.723 [main] INFO  o.a.c.c.C.[Tomcat].[localhost].[/] [] - Initializing Spring embedded WebApplicationContext
2026-08-16 00:40:21.724 [main] INFO  o.s.b.w.s.c.ServletWebServerApplicationContext [] - Root WebApplicationContext: initialization completed in 11485 ms
2026-08-16 00:40:24.141 [main] INFO  com.zaxxer.hikari.HikariDataSource [] - HikariPool-1 - Starting...
2026-08-16 00:40:25.605 [main] ERROR o.s.b.w.e.tomcat.TomcatStarter [] - Error starting Tomcat context. Exception: org.springframework.beans.factory.UnsatisfiedDependencyException. Message: Error creating bean with name 'jwtAuthenticationFilter' defined in file [/Users/vignesh/ems/EMS_SERVICES/target/classes/com/ems/security/JwtAuthenticationFilter.class]: Unsatisfied dependency expressed through constructor parameter 1: Error creating bean with name 'emsUserDetailsServiceImpl' defined in file [/Users/vignesh/ems/EMS_SERVICES/target/classes/com/ems/security/EmsUserDetailsServiceImpl.class]: Unsatisfied dependency expressed through constructor parameter 0: Error creating bean with name 'userRepository' defined in com.ems.repository.UserRepository defined in @EnableJpaRepositories declared on JpaRepositoriesRegistrar.EnableJpaRepositoriesConfiguration: Cannot resolve reference to bean 'jpaSharedEM_entityManagerFactory' while setting bean property 'entityManager'
2026-08-16 00:40:25.723 [main] INFO  o.a.catalina.core.StandardService [] - Stopping service [Tomcat]
2026-08-16 00:40:25.741 [main] WARN  o.s.b.w.s.c.AnnotationConfigServletWebServerApplicationContext [] - Exception encountered during context initialization - cancelling refresh attempt: org.springframework.context.ApplicationContextException: Unable to start web server
2026-08-16 00:40:25.819 [main] INFO  o.s.b.a.l.ConditionEvaluationReportLogger [] - 

Error starting ApplicationContext. To display the condition evaluation report re-run your application with 'debug' enabled.
2026-08-16 00:40:25.904 [main] ERROR o.s.boot.SpringApplication [] - Application run failed
org.springframework.context.ApplicationContextException: Unable to start web server
	at org.springframework.boot.web.servlet.context.ServletWebServerApplicationContext.onRefresh(ServletWebServerApplicationContext.java:165)
	at org.springframework.context.support.AbstractApplicationContext.refresh(AbstractApplicationContext.java:619)
	at org.springframework.boot.web.servlet.context.ServletWebServerApplicationContext.refresh(ServletWebServerApplicationContext.java:146)
	at org.springframework.boot.SpringApplication.refresh(SpringApplication.java:754)
	at org.springframework.boot.SpringApplication.refreshContext(SpringApplication.java:456)
	at org.springframework.boot.SpringApplication.run(SpringApplication.java:335)
	at org.springframework.boot.SpringApplication.run(SpringApplication.java:1363)
	at org.springframework.boot.SpringApplication.run(SpringApplication.java:1352)
	at com.ems.EmsBackendApplication.main(EmsBackendApplication.java:9)
Caused by: org.springframework.boot.web.server.WebServerException: Unable to start embedded Tomcat
	at org.springframework.boot.web.embedded.tomcat.TomcatWebServer.initialize(TomcatWebServer.java:147)
	at org.springframework.boot.web.embedded.tomcat.TomcatWebServer.<init>(TomcatWebServer.java:107)
	at org.springframework.boot.web.embedded.tomcat.TomcatServletWebServerFactory.getTomcatWebServer(TomcatServletWebServerFactory.java:516)
	at org.springframework.boot.web.embedded.tomcat.TomcatServletWebServerFactory.getWebServer(TomcatServletWebServerFactory.java:222)
	at org.springframework.boot.web.servlet.context.ServletWebServerApplicationContext.createWebServer(ServletWebServerApplicationContext.java:188)
	at org.springframework.boot.web.servlet.context.ServletWebServerApplicationContext.onRefresh(ServletWebServerApplicationContext.java:162)
	... 8 common frames omitted
Caused by: org.springframework.beans.factory.UnsatisfiedDependencyException: Error creating bean with name 'jwtAuthenticationFilter' defined in file [/Users/vignesh/ems/EMS_SERVICES/target/classes/com/ems/security/JwtAuthenticationFilter.class]: Unsatisfied dependency expressed through constructor parameter 1: Error creating bean with name 'emsUserDetailsServiceImpl' defined in file [/Users/vignesh/ems/EMS_SERVICES/target/classes/com/ems/security/EmsUserDetailsServiceImpl.class]: Unsatisfied dependency expressed through constructor parameter 0: Error creating bean with name 'userRepository' defined in com.ems.repository.UserRepository defined in @EnableJpaRepositories declared on JpaRepositoriesRegistrar.EnableJpaRepositoriesConfiguration: Cannot resolve reference to bean 'jpaSharedEM_entityManagerFactory' while setting bean property 'entityManager'
	at org.springframework.beans.factory.support.ConstructorResolver.createArgumentArray(ConstructorResolver.java:795)
	at org.springframework.beans.factory.support.ConstructorResolver.autowireConstructor(ConstructorResolver.java:237)
	at org.springframework.beans.factory.support.AbstractAutowireCapableBeanFactory.autowireConstructor(AbstractAutowireCapableBeanFactory.java:1375)
	at org.springframework.beans.factory.support.AbstractAutowireCapableBeanFactory.createBeanInstance(AbstractAutowireCapableBeanFactory.java:1212)
	at org.springframework.beans.factory.support.AbstractAutowireCapableBeanFactory.doCreateBean(AbstractAutowireCapableBeanFactory.java:562)
	at org.springframework.beans.factory.support.AbstractAutowireCapableBeanFactory.createBean(AbstractAutowireCapableBeanFactory.java:522)
	at org.springframework.beans.factory.support.AbstractBeanFactory.lambda$doGetBean$0(AbstractBeanFactory.java:337)
	at org.springframework.beans.factory.support.DefaultSingletonBeanRegistry.getSingleton(DefaultSingletonBeanRegistry.java:234)
	at org.springframework.beans.factory.support.AbstractBeanFactory.doGetBean(AbstractBeanFactory.java:335)
	at org.springframework.beans.factory.support.AbstractBeanFactory.getBean(AbstractBeanFactory.java:205)
	at org.springframework.boot.web.servlet.ServletContextInitializerBeans.getOrderedBeansOfType(ServletContextInitializerBeans.java:211)
	at org.springframework.boot.web.servlet.ServletContextInitializerBeans.addAsRegistrationBean(ServletContextInitializerBeans.java:174)
	at org.springframework.boot.web.servlet.ServletContextInitializerBeans.addAsRegistrationBean(ServletContextInitializerBeans.java:169)
	at org.springframework.boot.web.servlet.ServletContextInitializerBeans.addAdaptableBeans(ServletContextInitializerBeans.java:154)
	at org.springframework.boot.web.servlet.ServletContextInitializerBeans.<init>(ServletContextInitializerBeans.java:87)
	at org.springframework.boot.web.servlet.context.ServletWebServerApplicationContext.getServletContextInitializerBeans(ServletWebServerApplicationContext.java:266)
	at org.springframework.boot.web.servlet.context.ServletWebServerApplicationContext.selfInitialize(ServletWebServerApplicationContext.java:240)
	at org.springframework.boot.web.embedded.tomcat.TomcatStarter.onStartup(TomcatStarter.java:52)
	at org.apache.catalina.core.StandardContext.startInternal(StandardContext.java:4426)
	at org.apache.catalina.util.LifecycleBase.start(LifecycleBase.java:164)
	at org.apache.catalina.core.ContainerBase$StartChild.call(ContainerBase.java:1203)
	at org.apache.catalina.core.ContainerBase$StartChild.call(ContainerBase.java:1193)
	at java.base/java.util.concurrent.FutureTask.run(FutureTask.java:317)
	at org.apache.tomcat.util.threads.InlineExecutorService.execute(InlineExecutorService.java:75)
	at java.base/java.util.concurrent.AbstractExecutorService.submit(AbstractExecutorService.java:145)
	at org.apache.catalina.core.ContainerBase.startInternal(ContainerBase.java:749)
	at org.apache.catalina.core.StandardHost.startInternal(StandardHost.java:772)
	at org.apache.catalina.util.LifecycleBase.start(LifecycleBase.java:164)
	at org.apache.catalina.core.ContainerBase$StartChild.call(ContainerBase.java:1203)
	at org.apache.catalina.core.ContainerBase$StartChild.call(ContainerBase.java:1193)
	at java.base/java.util.concurrent.FutureTask.run(FutureTask.java:317)
	at org.apache.tomcat.util.threads.InlineExecutorService.execute(InlineExecutorService.java:75)
	at java.base/java.util.concurrent.AbstractExecutorService.submit(AbstractExecutorService.java:145)
	at org.apache.catalina.core.ContainerBase.startInternal(ContainerBase.java:749)
	at org.apache.catalina.core.StandardEngine.startInternal(StandardEngine.java:203)
	at org.apache.catalina.util.LifecycleBase.start(LifecycleBase.java:164)
	at org.apache.catalina.core.StandardService.startInternal(StandardService.java:415)
	at org.apache.catalina.util.LifecycleBase.start(LifecycleBase.java:164)
	at org.apache.catalina.core.StandardServer.startInternal(StandardServer.java:870)
	at org.apache.catalina.util.LifecycleBase.start(LifecycleBase.java:164)
	at org.apache.catalina.startup.Tomcat.start(Tomcat.java:437)
	at org.springframework.boot.web.embedded.tomcat.TomcatWebServer.initialize(TomcatWebServer.java:128)
	... 13 common frames omitted
Caused by: org.springframework.beans.factory.UnsatisfiedDependencyException: Error creating bean with name 'emsUserDetailsServiceImpl' defined in file [/Users/vignesh/ems/EMS_SERVICES/target/classes/com/ems/security/EmsUserDetailsServiceImpl.class]: Unsatisfied dependency expressed through constructor parameter 0: Error creating bean with name 'userRepository' defined in com.ems.repository.UserRepository defined in @EnableJpaRepositories declared on JpaRepositoriesRegistrar.EnableJpaRepositoriesConfiguration: Cannot resolve reference to bean 'jpaSharedEM_entityManagerFactory' while setting bean property 'entityManager'
	at org.springframework.beans.factory.support.ConstructorResolver.createArgumentArray(ConstructorResolver.java:795)
	at org.springframework.beans.factory.support.ConstructorResolver.autowireConstructor(ConstructorResolver.java:237)
	at org.springframework.beans.factory.support.AbstractAutowireCapableBeanFactory.autowireConstructor(AbstractAutowireCapableBeanFactory.java:1375)
	at org.springframework.beans.factory.support.AbstractAutowireCapableBeanFactory.createBeanInstance(AbstractAutowireCapableBeanFactory.java:1212)
	at org.springframework.beans.factory.support.AbstractAutowireCapableBeanFactory.doCreateBean(AbstractAutowireCapableBeanFactory.java:562)
	at org.springframework.beans.factory.support.AbstractAutowireCapableBeanFactory.createBean(AbstractAutowireCapableBeanFactory.java:522)
	at org.springframework.beans.factory.support.AbstractBeanFactory.lambda$doGetBean$0(AbstractBeanFactory.java:337)
	at org.springframework.beans.factory.support.DefaultSingletonBeanRegistry.getSingleton(DefaultSingletonBeanRegistry.java:234)
	at org.springframework.beans.factory.support.AbstractBeanFactory.doGetBean(AbstractBeanFactory.java:335)
	at org.springframework.beans.factory.support.AbstractBeanFactory.getBean(AbstractBeanFactory.java:200)
	at org.springframework.beans.factory.config.DependencyDescriptor.resolveCandidate(DependencyDescriptor.java:254)
	at org.springframework.beans.factory.support.DefaultListableBeanFactory.doResolveDependency(DefaultListableBeanFactory.java:1448)
	at org.springframework.beans.factory.support.DefaultListableBeanFactory.resolveDependency(DefaultListableBeanFactory.java:1358)
	at org.springframework.beans.factory.support.ConstructorResolver.resolveAutowiredArgument(ConstructorResolver.java:904)
	at org.springframework.beans.factory.support.ConstructorResolver.createArgumentArray(ConstructorResolver.java:782)
	... 54 common frames omitted
Caused by: org.springframework.beans.factory.BeanCreationException: Error creating bean with name 'userRepository' defined in com.ems.repository.UserRepository defined in @EnableJpaRepositories declared on JpaRepositoriesRegistrar.EnableJpaRepositoriesConfiguration: Cannot resolve reference to bean 'jpaSharedEM_entityManagerFactory' while setting bean property 'entityManager'
	at org.springframework.beans.factory.support.BeanDefinitionValueResolver.resolveReference(BeanDefinitionValueResolver.java:377)
	at org.springframework.beans.factory.support.BeanDefinitionValueResolver.resolveValueIfNecessary(BeanDefinitionValueResolver.java:135)
	at org.springframework.beans.factory.support.AbstractAutowireCapableBeanFactory.applyPropertyValues(AbstractAutowireCapableBeanFactory.java:1705)
	at org.springframework.beans.factory.support.AbstractAutowireCapableBeanFactory.populateBean(AbstractAutowireCapableBeanFactory.java:1454)
	at org.springframework.beans.factory.support.AbstractAutowireCapableBeanFactory.doCreateBean(AbstractAutowireCapableBeanFactory.java:599)
	at org.springframework.beans.factory.support.AbstractAutowireCapableBeanFactory.createBean(AbstractAutowireCapableBeanFactory.java:522)
	at org.springframework.beans.factory.support.AbstractBeanFactory.lambda$doGetBean$0(AbstractBeanFactory.java:337)
	at org.springframework.beans.factory.support.DefaultSingletonBeanRegistry.getSingleton(DefaultSingletonBeanRegistry.java:234)
	at org.springframework.beans.factory.support.AbstractBeanFactory.doGetBean(AbstractBeanFactory.java:335)
	at org.springframework.beans.factory.support.AbstractBeanFactory.getBean(AbstractBeanFactory.java:200)
	at org.springframework.beans.factory.config.DependencyDescriptor.resolveCandidate(DependencyDescriptor.java:254)
	at org.springframework.beans.factory.support.DefaultListableBeanFactory.doResolveDependency(DefaultListableBeanFactory.java:1448)
	at org.springframework.beans.factory.support.DefaultListableBeanFactory.resolveDependency(DefaultListableBeanFactory.java:1358)
	at org.springframework.beans.factory.support.ConstructorResolver.resolveAutowiredArgument(ConstructorResolver.java:904)
	at org.springframework.beans.factory.support.ConstructorResolver.createArgumentArray(ConstructorResolver.java:782)
	... 68 common frames omitted
Caused by: org.springframework.beans.factory.BeanCreationException: Error creating bean with name 'jpaSharedEM_entityManagerFactory': Cannot resolve reference to bean 'entityManagerFactory' while setting constructor argument
	at org.springframework.beans.factory.support.BeanDefinitionValueResolver.resolveReference(BeanDefinitionValueResolver.java:377)
	at org.springframework.beans.factory.support.BeanDefinitionValueResolver.resolveValueIfNecessary(BeanDefinitionValueResolver.java:135)
	at org.springframework.beans.factory.support.ConstructorResolver.resolveConstructorArguments(ConstructorResolver.java:682)
	at org.springframework.beans.factory.support.ConstructorResolver.instantiateUsingFactoryMethod(ConstructorResolver.java:509)
	at org.springframework.beans.factory.support.AbstractAutowireCapableBeanFactory.instantiateUsingFactoryMethod(AbstractAutowireCapableBeanFactory.java:1355)
	at org.springframework.beans.factory.support.AbstractAutowireCapableBeanFactory.createBeanInstance(AbstractAutowireCapableBeanFactory.java:1185)
	at org.springframework.beans.factory.support.AbstractAutowireCapableBeanFactory.doCreateBean(AbstractAutowireCapableBeanFactory.java:562)
	at org.springframework.beans.factory.support.AbstractAutowireCapableBeanFactory.createBean(AbstractAutowireCapableBeanFactory.java:522)
	at org.springframework.beans.factory.support.AbstractBeanFactory.lambda$doGetBean$0(AbstractBeanFactory.java:337)
	at org.springframework.beans.factory.support.DefaultSingletonBeanRegistry.getSingleton(DefaultSingletonBeanRegistry.java:234)
	at org.springframework.beans.factory.support.AbstractBeanFactory.doGetBean(AbstractBeanFactory.java:335)
	at org.springframework.beans.factory.support.AbstractBeanFactory.getBean(AbstractBeanFactory.java:200)
	at org.springframework.beans.factory.support.BeanDefinitionValueResolver.resolveReference(BeanDefinitionValueResolver.java:365)
	... 82 common frames omitted
Caused by: org.springframework.beans.factory.BeanCreationException: Error creating bean with name 'dataSourceScriptDatabaseInitializer' defined in class path resource [org/springframework/boot/autoconfigure/sql/init/DataSourceInitializationConfiguration.class]: Failed to execute database script
	at org.springframework.beans.factory.support.AbstractAutowireCapableBeanFactory.initializeBean(AbstractAutowireCapableBeanFactory.java:1806)
	at org.springframework.beans.factory.support.AbstractAutowireCapableBeanFactory.doCreateBean(AbstractAutowireCapableBeanFactory.java:600)
	at org.springframework.beans.factory.support.AbstractAutowireCapableBeanFactory.createBean(AbstractAutowireCapableBeanFactory.java:522)
	at org.springframework.beans.factory.support.AbstractBeanFactory.lambda$doGetBean$0(AbstractBeanFactory.java:337)
	at org.springframework.beans.factory.support.DefaultSingletonBeanRegistry.getSingleton(DefaultSingletonBeanRegistry.java:234)
	at org.springframework.beans.factory.support.AbstractBeanFactory.doGetBean(AbstractBeanFactory.java:335)
	at org.springframework.beans.factory.support.AbstractBeanFactory.getBean(AbstractBeanFactory.java:200)
	at org.springframework.beans.factory.support.AbstractBeanFactory.doGetBean(AbstractBeanFactory.java:313)
	at org.springframework.beans.factory.support.AbstractBeanFactory.getBean(AbstractBeanFactory.java:200)
	at org.springframework.beans.factory.support.BeanDefinitionValueResolver.resolveReference(BeanDefinitionValueResolver.java:365)
	... 94 common frames omitted
Caused by: org.springframework.jdbc.datasource.init.UncategorizedScriptException: Failed to execute database script
	at org.springframework.jdbc.datasource.init.DatabasePopulatorUtils.execute(DatabasePopulatorUtils.java:67)
	at org.springframework.boot.jdbc.init.DataSourceScriptDatabaseInitializer.runScripts(DataSourceScriptDatabaseInitializer.java:87)
	at org.springframework.boot.sql.init.AbstractScriptDatabaseInitializer.runScripts(AbstractScriptDatabaseInitializer.java:146)
	at org.springframework.boot.sql.init.AbstractScriptDatabaseInitializer.applyScripts(AbstractScriptDatabaseInitializer.java:108)
	at org.springframework.boot.sql.init.AbstractScriptDatabaseInitializer.applySchemaScripts(AbstractScriptDatabaseInitializer.java:98)
	at org.springframework.boot.sql.init.AbstractScriptDatabaseInitializer.initializeDatabase(AbstractScriptDatabaseInitializer.java:76)
	at org.springframework.boot.sql.init.AbstractScriptDatabaseInitializer.afterPropertiesSet(AbstractScriptDatabaseInitializer.java:66)
	at org.springframework.beans.factory.support.AbstractAutowireCapableBeanFactory.invokeInitMethods(AbstractAutowireCapableBeanFactory.java:1853)
	at org.springframework.beans.factory.support.AbstractAutowireCapableBeanFactory.initializeBean(AbstractAutowireCapableBeanFactory.java:1802)
	... 103 common frames omitted
Caused by: org.springframework.jdbc.CannotGetJdbcConnectionException: Failed to obtain JDBC Connection
	at org.springframework.jdbc.datasource.DataSourceUtils.getConnection(DataSourceUtils.java:84)
	at org.springframework.jdbc.datasource.init.DatabasePopulatorUtils.execute(DatabasePopulatorUtils.java:52)
	... 111 common frames omitted
Caused by: org.h2.jdbc.JdbcSQLNonTransientConnectionException: Database may be already in use: "/private/tmp/claude-501/-Users-vignesh-ems/50578b6d-1cf7-4efd-8f83-0b1c6362db85/scratchpad/verify/data/ems_h2_db.mv.db". Possible solutions: close all other connection(s); use the server mode [90020-224]
	at org.h2.message.DbException.getJdbcSQLException(DbException.java:690)
	at org.h2.message.DbException.getJdbcSQLException(DbException.java:489)
	at org.h2.message.DbException.get(DbException.java:212)
	at org.h2.mvstore.db.Store.convertMVStoreException(Store.java:165)
	at org.h2.mvstore.db.Store.<init>(Store.java:142)
	at org.h2.engine.Database.<init>(Database.java:326)
	at org.h2.engine.Engine.openSession(Engine.java:92)
	at org.h2.engine.Engine.openSession(Engine.java:222)
	at org.h2.engine.Engine.createSession(Engine.java:201)
	at org.h2.engine.SessionRemote.connectEmbeddedOrServer(SessionRemote.java:343)
	at org.h2.jdbc.JdbcConnection.<init>(JdbcConnection.java:125)
	at org.h2.Driver.connect(Driver.java:59)
	at com.zaxxer.hikari.util.DriverDataSource.getConnection(DriverDataSource.java:137)
	at com.zaxxer.hikari.pool.PoolBase.newConnection(PoolBase.java:360)
	at com.zaxxer.hikari.pool.PoolBase.newPoolEntry(PoolBase.java:202)
	at com.zaxxer.hikari.pool.HikariPool.createPoolEntry(HikariPool.java:461)
	at com.zaxxer.hikari.pool.HikariPool.checkFailFast(HikariPool.java:550)
	at com.zaxxer.hikari.pool.HikariPool.<init>(HikariPool.java:98)
	at com.zaxxer.hikari.HikariDataSource.getConnection(HikariDataSource.java:111)
	at org.springframework.jdbc.datasource.DataSourceUtils.fetchConnection(DataSourceUtils.java:160)
	at org.springframework.jdbc.datasource.DataSourceUtils.doGetConnection(DataSourceUtils.java:118)
	at org.springframework.jdbc.datasource.DataSourceUtils.getConnection(DataSourceUtils.java:81)
	... 112 common frames omitted
Caused by: org.h2.mvstore.MVStoreException: The file is locked: /private/tmp/claude-501/-Users-vignesh-ems/50578b6d-1cf7-4efd-8f83-0b1c6362db85/scratchpad/verify/data/ems_h2_db.mv.db [2.2.224/7]
	at org.h2.mvstore.DataUtils.newMVStoreException(DataUtils.java:996)
	at org.h2.mvstore.SingleFileStore.lockFileChannel(SingleFileStore.java:143)
	at org.h2.mvstore.SingleFileStore.open(SingleFileStore.java:117)
	at org.h2.mvstore.SingleFileStore.open(SingleFileStore.java:81)
	at org.h2.mvstore.MVStore.<init>(MVStore.java:286)
	at org.h2.mvstore.MVStore$Builder.open(MVStore.java:2035)
	at org.h2.mvstore.db.Store.<init>(Store.java:133)
	... 129 common frames omitted
2026-08-16 00:42:32.508 [background-preinit] INFO  o.h.validator.internal.util.Version [] - HV000001: Hibernate Validator 8.0.2.Final
2026-08-16 00:42:32.730 [main] INFO  com.ems.EmsBackendApplication [] - Starting EmsBackendApplication using Java 21.0.12 with PID 26079 (/Users/vignesh/ems/EMS_SERVICES/target/classes started by vignesh in /Users/vignesh/ems/EMS_SERVICES)
2026-08-16 00:42:32.732 [main] DEBUG com.ems.EmsBackendApplication [] - Running with Spring Boot v3.3.7, Spring v6.1.16
2026-08-16 00:42:32.735 [main] INFO  com.ems.EmsBackendApplication [] - The following 1 profile is active: "h2"
2026-08-16 00:42:39.237 [main] INFO  o.s.d.r.c.RepositoryConfigurationDelegate [] - Bootstrapping Spring Data JPA repositories in DEFAULT mode.
2026-08-16 00:42:39.798 [main] INFO  o.s.d.r.c.RepositoryConfigurationDelegate [] - Finished Spring Data repository scanning in 522 ms. Found 17 JPA repository interfaces.
2026-08-16 00:42:43.703 [main] INFO  o.s.b.w.e.tomcat.TomcatWebServer [] - Tomcat initialized with port 8099 (http)
2026-08-16 00:42:43.754 [main] INFO  o.a.coyote.http11.Http11NioProtocol [] - Initializing ProtocolHandler ["http-nio-8099"]
2026-08-16 00:42:43.769 [main] INFO  o.a.catalina.core.StandardService [] - Starting service [Tomcat]
2026-08-16 00:42:43.770 [main] INFO  o.a.catalina.core.StandardEngine [] - Starting Servlet engine: [Apache Tomcat/10.1.34]
2026-08-16 00:42:44.051 [main] INFO  o.a.c.c.C.[Tomcat].[localhost].[/] [] - Initializing Spring embedded WebApplicationContext
2026-08-16 00:42:44.052 [main] INFO  o.s.b.w.s.c.ServletWebServerApplicationContext [] - Root WebApplicationContext: initialization completed in 11132 ms
2026-08-16 00:42:46.198 [main] INFO  com.zaxxer.hikari.HikariDataSource [] - HikariPool-1 - Starting...
2026-08-16 00:42:47.532 [main] ERROR o.s.b.w.e.tomcat.TomcatStarter [] - Error starting Tomcat context. Exception: org.springframework.beans.factory.UnsatisfiedDependencyException. Message: Error creating bean with name 'jwtAuthenticationFilter' defined in file [/Users/vignesh/ems/EMS_SERVICES/target/classes/com/ems/security/JwtAuthenticationFilter.class]: Unsatisfied dependency expressed through constructor parameter 1: Error creating bean with name 'emsUserDetailsServiceImpl' defined in file [/Users/vignesh/ems/EMS_SERVICES/target/classes/com/ems/security/EmsUserDetailsServiceImpl.class]: Unsatisfied dependency expressed through constructor parameter 0: Error creating bean with name 'userRepository' defined in com.ems.repository.UserRepository defined in @EnableJpaRepositories declared on JpaRepositoriesRegistrar.EnableJpaRepositoriesConfiguration: Cannot resolve reference to bean 'jpaSharedEM_entityManagerFactory' while setting bean property 'entityManager'
2026-08-16 00:42:47.612 [main] INFO  o.a.catalina.core.StandardService [] - Stopping service [Tomcat]
2026-08-16 00:42:47.621 [main] WARN  o.s.b.w.s.c.AnnotationConfigServletWebServerApplicationContext [] - Exception encountered during context initialization - cancelling refresh attempt: org.springframework.context.ApplicationContextException: Unable to start web server
2026-08-16 00:42:47.718 [main] INFO  o.s.b.a.l.ConditionEvaluationReportLogger [] - 

Error starting ApplicationContext. To display the condition evaluation report re-run your application with 'debug' enabled.
2026-08-16 00:42:47.771 [main] ERROR o.s.boot.SpringApplication [] - Application run failed
org.springframework.context.ApplicationContextException: Unable to start web server
	at org.springframework.boot.web.servlet.context.ServletWebServerApplicationContext.onRefresh(ServletWebServerApplicationContext.java:165)
	at org.springframework.context.support.AbstractApplicationContext.refresh(AbstractApplicationContext.java:619)
	at org.springframework.boot.web.servlet.context.ServletWebServerApplicationContext.refresh(ServletWebServerApplicationContext.java:146)
	at org.springframework.boot.SpringApplication.refresh(SpringApplication.java:754)
	at org.springframework.boot.SpringApplication.refreshContext(SpringApplication.java:456)
	at org.springframework.boot.SpringApplication.run(SpringApplication.java:335)
	at org.springframework.boot.SpringApplication.run(SpringApplication.java:1363)
	at org.springframework.boot.SpringApplication.run(SpringApplication.java:1352)
	at com.ems.EmsBackendApplication.main(EmsBackendApplication.java:9)
Caused by: org.springframework.boot.web.server.WebServerException: Unable to start embedded Tomcat
	at org.springframework.boot.web.embedded.tomcat.TomcatWebServer.initialize(TomcatWebServer.java:147)
	at org.springframework.boot.web.embedded.tomcat.TomcatWebServer.<init>(TomcatWebServer.java:107)
	at org.springframework.boot.web.embedded.tomcat.TomcatServletWebServerFactory.getTomcatWebServer(TomcatServletWebServerFactory.java:516)
	at org.springframework.boot.web.embedded.tomcat.TomcatServletWebServerFactory.getWebServer(TomcatServletWebServerFactory.java:222)
	at org.springframework.boot.web.servlet.context.ServletWebServerApplicationContext.createWebServer(ServletWebServerApplicationContext.java:188)
	at org.springframework.boot.web.servlet.context.ServletWebServerApplicationContext.onRefresh(ServletWebServerApplicationContext.java:162)
	... 8 common frames omitted
Caused by: org.springframework.beans.factory.UnsatisfiedDependencyException: Error creating bean with name 'jwtAuthenticationFilter' defined in file [/Users/vignesh/ems/EMS_SERVICES/target/classes/com/ems/security/JwtAuthenticationFilter.class]: Unsatisfied dependency expressed through constructor parameter 1: Error creating bean with name 'emsUserDetailsServiceImpl' defined in file [/Users/vignesh/ems/EMS_SERVICES/target/classes/com/ems/security/EmsUserDetailsServiceImpl.class]: Unsatisfied dependency expressed through constructor parameter 0: Error creating bean with name 'userRepository' defined in com.ems.repository.UserRepository defined in @EnableJpaRepositories declared on JpaRepositoriesRegistrar.EnableJpaRepositoriesConfiguration: Cannot resolve reference to bean 'jpaSharedEM_entityManagerFactory' while setting bean property 'entityManager'
	at org.springframework.beans.factory.support.ConstructorResolver.createArgumentArray(ConstructorResolver.java:795)
	at org.springframework.beans.factory.support.ConstructorResolver.autowireConstructor(ConstructorResolver.java:237)
	at org.springframework.beans.factory.support.AbstractAutowireCapableBeanFactory.autowireConstructor(AbstractAutowireCapableBeanFactory.java:1375)
	at org.springframework.beans.factory.support.AbstractAutowireCapableBeanFactory.createBeanInstance(AbstractAutowireCapableBeanFactory.java:1212)
	at org.springframework.beans.factory.support.AbstractAutowireCapableBeanFactory.doCreateBean(AbstractAutowireCapableBeanFactory.java:562)
	at org.springframework.beans.factory.support.AbstractAutowireCapableBeanFactory.createBean(AbstractAutowireCapableBeanFactory.java:522)
	at org.springframework.beans.factory.support.AbstractBeanFactory.lambda$doGetBean$0(AbstractBeanFactory.java:337)
	at org.springframework.beans.factory.support.DefaultSingletonBeanRegistry.getSingleton(DefaultSingletonBeanRegistry.java:234)
	at org.springframework.beans.factory.support.AbstractBeanFactory.doGetBean(AbstractBeanFactory.java:335)
	at org.springframework.beans.factory.support.AbstractBeanFactory.getBean(AbstractBeanFactory.java:205)
	at org.springframework.boot.web.servlet.ServletContextInitializerBeans.getOrderedBeansOfType(ServletContextInitializerBeans.java:211)
	at org.springframework.boot.web.servlet.ServletContextInitializerBeans.addAsRegistrationBean(ServletContextInitializerBeans.java:174)
	at org.springframework.boot.web.servlet.ServletContextInitializerBeans.addAsRegistrationBean(ServletContextInitializerBeans.java:169)
	at org.springframework.boot.web.servlet.ServletContextInitializerBeans.addAdaptableBeans(ServletContextInitializerBeans.java:154)
	at org.springframework.boot.web.servlet.ServletContextInitializerBeans.<init>(ServletContextInitializerBeans.java:87)
	at org.springframework.boot.web.servlet.context.ServletWebServerApplicationContext.getServletContextInitializerBeans(ServletWebServerApplicationContext.java:266)
	at org.springframework.boot.web.servlet.context.ServletWebServerApplicationContext.selfInitialize(ServletWebServerApplicationContext.java:240)
	at org.springframework.boot.web.embedded.tomcat.TomcatStarter.onStartup(TomcatStarter.java:52)
	at org.apache.catalina.core.StandardContext.startInternal(StandardContext.java:4426)
	at org.apache.catalina.util.LifecycleBase.start(LifecycleBase.java:164)
	at org.apache.catalina.core.ContainerBase$StartChild.call(ContainerBase.java:1203)
	at org.apache.catalina.core.ContainerBase$StartChild.call(ContainerBase.java:1193)
	at java.base/java.util.concurrent.FutureTask.run(FutureTask.java:317)
	at org.apache.tomcat.util.threads.InlineExecutorService.execute(InlineExecutorService.java:75)
	at java.base/java.util.concurrent.AbstractExecutorService.submit(AbstractExecutorService.java:145)
	at org.apache.catalina.core.ContainerBase.startInternal(ContainerBase.java:749)
	at org.apache.catalina.core.StandardHost.startInternal(StandardHost.java:772)
	at org.apache.catalina.util.LifecycleBase.start(LifecycleBase.java:164)
	at org.apache.catalina.core.ContainerBase$StartChild.call(ContainerBase.java:1203)
	at org.apache.catalina.core.ContainerBase$StartChild.call(ContainerBase.java:1193)
	at java.base/java.util.concurrent.FutureTask.run(FutureTask.java:317)
	at org.apache.tomcat.util.threads.InlineExecutorService.execute(InlineExecutorService.java:75)
	at java.base/java.util.concurrent.AbstractExecutorService.submit(AbstractExecutorService.java:145)
	at org.apache.catalina.core.ContainerBase.startInternal(ContainerBase.java:749)
	at org.apache.catalina.core.StandardEngine.startInternal(StandardEngine.java:203)
	at org.apache.catalina.util.LifecycleBase.start(LifecycleBase.java:164)
	at org.apache.catalina.core.StandardService.startInternal(StandardService.java:415)
	at org.apache.catalina.util.LifecycleBase.start(LifecycleBase.java:164)
	at org.apache.catalina.core.StandardServer.startInternal(StandardServer.java:870)
	at org.apache.catalina.util.LifecycleBase.start(LifecycleBase.java:164)
	at org.apache.catalina.startup.Tomcat.start(Tomcat.java:437)
	at org.springframework.boot.web.embedded.tomcat.TomcatWebServer.initialize(TomcatWebServer.java:128)
	... 13 common frames omitted
Caused by: org.springframework.beans.factory.UnsatisfiedDependencyException: Error creating bean with name 'emsUserDetailsServiceImpl' defined in file [/Users/vignesh/ems/EMS_SERVICES/target/classes/com/ems/security/EmsUserDetailsServiceImpl.class]: Unsatisfied dependency expressed through constructor parameter 0: Error creating bean with name 'userRepository' defined in com.ems.repository.UserRepository defined in @EnableJpaRepositories declared on JpaRepositoriesRegistrar.EnableJpaRepositoriesConfiguration: Cannot resolve reference to bean 'jpaSharedEM_entityManagerFactory' while setting bean property 'entityManager'
	at org.springframework.beans.factory.support.ConstructorResolver.createArgumentArray(ConstructorResolver.java:795)
	at org.springframework.beans.factory.support.ConstructorResolver.autowireConstructor(ConstructorResolver.java:237)
	at org.springframework.beans.factory.support.AbstractAutowireCapableBeanFactory.autowireConstructor(AbstractAutowireCapableBeanFactory.java:1375)
	at org.springframework.beans.factory.support.AbstractAutowireCapableBeanFactory.createBeanInstance(AbstractAutowireCapableBeanFactory.java:1212)
	at org.springframework.beans.factory.support.AbstractAutowireCapableBeanFactory.doCreateBean(AbstractAutowireCapableBeanFactory.java:562)
	at org.springframework.beans.factory.support.AbstractAutowireCapableBeanFactory.createBean(AbstractAutowireCapableBeanFactory.java:522)
	at org.springframework.beans.factory.support.AbstractBeanFactory.lambda$doGetBean$0(AbstractBeanFactory.java:337)
	at org.springframework.beans.factory.support.DefaultSingletonBeanRegistry.getSingleton(DefaultSingletonBeanRegistry.java:234)
	at org.springframework.beans.factory.support.AbstractBeanFactory.doGetBean(AbstractBeanFactory.java:335)
	at org.springframework.beans.factory.support.AbstractBeanFactory.getBean(AbstractBeanFactory.java:200)
	at org.springframework.beans.factory.config.DependencyDescriptor.resolveCandidate(DependencyDescriptor.java:254)
	at org.springframework.beans.factory.support.DefaultListableBeanFactory.doResolveDependency(DefaultListableBeanFactory.java:1448)
	at org.springframework.beans.factory.support.DefaultListableBeanFactory.resolveDependency(DefaultListableBeanFactory.java:1358)
	at org.springframework.beans.factory.support.ConstructorResolver.resolveAutowiredArgument(ConstructorResolver.java:904)
	at org.springframework.beans.factory.support.ConstructorResolver.createArgumentArray(ConstructorResolver.java:782)
	... 54 common frames omitted
Caused by: org.springframework.beans.factory.BeanCreationException: Error creating bean with name 'userRepository' defined in com.ems.repository.UserRepository defined in @EnableJpaRepositories declared on JpaRepositoriesRegistrar.EnableJpaRepositoriesConfiguration: Cannot resolve reference to bean 'jpaSharedEM_entityManagerFactory' while setting bean property 'entityManager'
	at org.springframework.beans.factory.support.BeanDefinitionValueResolver.resolveReference(BeanDefinitionValueResolver.java:377)
	at org.springframework.beans.factory.support.BeanDefinitionValueResolver.resolveValueIfNecessary(BeanDefinitionValueResolver.java:135)
	at org.springframework.beans.factory.support.AbstractAutowireCapableBeanFactory.applyPropertyValues(AbstractAutowireCapableBeanFactory.java:1705)
	at org.springframework.beans.factory.support.AbstractAutowireCapableBeanFactory.populateBean(AbstractAutowireCapableBeanFactory.java:1454)
	at org.springframework.beans.factory.support.AbstractAutowireCapableBeanFactory.doCreateBean(AbstractAutowireCapableBeanFactory.java:599)
	at org.springframework.beans.factory.support.AbstractAutowireCapableBeanFactory.createBean(AbstractAutowireCapableBeanFactory.java:522)
	at org.springframework.beans.factory.support.AbstractBeanFactory.lambda$doGetBean$0(AbstractBeanFactory.java:337)
	at org.springframework.beans.factory.support.DefaultSingletonBeanRegistry.getSingleton(DefaultSingletonBeanRegistry.java:234)
	at org.springframework.beans.factory.support.AbstractBeanFactory.doGetBean(AbstractBeanFactory.java:335)
	at org.springframework.beans.factory.support.AbstractBeanFactory.getBean(AbstractBeanFactory.java:200)
	at org.springframework.beans.factory.config.DependencyDescriptor.resolveCandidate(DependencyDescriptor.java:254)
	at org.springframework.beans.factory.support.DefaultListableBeanFactory.doResolveDependency(DefaultListableBeanFactory.java:1448)
	at org.springframework.beans.factory.support.DefaultListableBeanFactory.resolveDependency(DefaultListableBeanFactory.java:1358)
	at org.springframework.beans.factory.support.ConstructorResolver.resolveAutowiredArgument(ConstructorResolver.java:904)
	at org.springframework.beans.factory.support.ConstructorResolver.createArgumentArray(ConstructorResolver.java:782)
	... 68 common frames omitted
Caused by: org.springframework.beans.factory.BeanCreationException: Error creating bean with name 'jpaSharedEM_entityManagerFactory': Cannot resolve reference to bean 'entityManagerFactory' while setting constructor argument
	at org.springframework.beans.factory.support.BeanDefinitionValueResolver.resolveReference(BeanDefinitionValueResolver.java:377)
	at org.springframework.beans.factory.support.BeanDefinitionValueResolver.resolveValueIfNecessary(BeanDefinitionValueResolver.java:135)
	at org.springframework.beans.factory.support.ConstructorResolver.resolveConstructorArguments(ConstructorResolver.java:682)
	at org.springframework.beans.factory.support.ConstructorResolver.instantiateUsingFactoryMethod(ConstructorResolver.java:509)
	at org.springframework.beans.factory.support.AbstractAutowireCapableBeanFactory.instantiateUsingFactoryMethod(AbstractAutowireCapableBeanFactory.java:1355)
	at org.springframework.beans.factory.support.AbstractAutowireCapableBeanFactory.createBeanInstance(AbstractAutowireCapableBeanFactory.java:1185)
	at org.springframework.beans.factory.support.AbstractAutowireCapableBeanFactory.doCreateBean(AbstractAutowireCapableBeanFactory.java:562)
	at org.springframework.beans.factory.support.AbstractAutowireCapableBeanFactory.createBean(AbstractAutowireCapableBeanFactory.java:522)
	at org.springframework.beans.factory.support.AbstractBeanFactory.lambda$doGetBean$0(AbstractBeanFactory.java:337)
	at org.springframework.beans.factory.support.DefaultSingletonBeanRegistry.getSingleton(DefaultSingletonBeanRegistry.java:234)
	at org.springframework.beans.factory.support.AbstractBeanFactory.doGetBean(AbstractBeanFactory.java:335)
	at org.springframework.beans.factory.support.AbstractBeanFactory.getBean(AbstractBeanFactory.java:200)
	at org.springframework.beans.factory.support.BeanDefinitionValueResolver.resolveReference(BeanDefinitionValueResolver.java:365)
	... 82 common frames omitted
Caused by: org.springframework.beans.factory.BeanCreationException: Error creating bean with name 'dataSourceScriptDatabaseInitializer' defined in class path resource [org/springframework/boot/autoconfigure/sql/init/DataSourceInitializationConfiguration.class]: Failed to execute database script
	at org.springframework.beans.factory.support.AbstractAutowireCapableBeanFactory.initializeBean(AbstractAutowireCapableBeanFactory.java:1806)
	at org.springframework.beans.factory.support.AbstractAutowireCapableBeanFactory.doCreateBean(AbstractAutowireCapableBeanFactory.java:600)
	at org.springframework.beans.factory.support.AbstractAutowireCapableBeanFactory.createBean(AbstractAutowireCapableBeanFactory.java:522)
	at org.springframework.beans.factory.support.AbstractBeanFactory.lambda$doGetBean$0(AbstractBeanFactory.java:337)
	at org.springframework.beans.factory.support.DefaultSingletonBeanRegistry.getSingleton(DefaultSingletonBeanRegistry.java:234)
	at org.springframework.beans.factory.support.AbstractBeanFactory.doGetBean(AbstractBeanFactory.java:335)
	at org.springframework.beans.factory.support.AbstractBeanFactory.getBean(AbstractBeanFactory.java:200)
	at org.springframework.beans.factory.support.AbstractBeanFactory.doGetBean(AbstractBeanFactory.java:313)
	at org.springframework.beans.factory.support.AbstractBeanFactory.getBean(AbstractBeanFactory.java:200)
	at org.springframework.beans.factory.support.BeanDefinitionValueResolver.resolveReference(BeanDefinitionValueResolver.java:365)
	... 94 common frames omitted
Caused by: org.springframework.jdbc.datasource.init.UncategorizedScriptException: Failed to execute database script
	at org.springframework.jdbc.datasource.init.DatabasePopulatorUtils.execute(DatabasePopulatorUtils.java:67)
	at org.springframework.boot.jdbc.init.DataSourceScriptDatabaseInitializer.runScripts(DataSourceScriptDatabaseInitializer.java:87)
	at org.springframework.boot.sql.init.AbstractScriptDatabaseInitializer.runScripts(AbstractScriptDatabaseInitializer.java:146)
	at org.springframework.boot.sql.init.AbstractScriptDatabaseInitializer.applyScripts(AbstractScriptDatabaseInitializer.java:108)
	at org.springframework.boot.sql.init.AbstractScriptDatabaseInitializer.applySchemaScripts(AbstractScriptDatabaseInitializer.java:98)
	at org.springframework.boot.sql.init.AbstractScriptDatabaseInitializer.initializeDatabase(AbstractScriptDatabaseInitializer.java:76)
	at org.springframework.boot.sql.init.AbstractScriptDatabaseInitializer.afterPropertiesSet(AbstractScriptDatabaseInitializer.java:66)
	at org.springframework.beans.factory.support.AbstractAutowireCapableBeanFactory.invokeInitMethods(AbstractAutowireCapableBeanFactory.java:1853)
	at org.springframework.beans.factory.support.AbstractAutowireCapableBeanFactory.initializeBean(AbstractAutowireCapableBeanFactory.java:1802)
	... 103 common frames omitted
Caused by: org.springframework.jdbc.CannotGetJdbcConnectionException: Failed to obtain JDBC Connection
	at org.springframework.jdbc.datasource.DataSourceUtils.getConnection(DataSourceUtils.java:84)
	at org.springframework.jdbc.datasource.init.DatabasePopulatorUtils.execute(DatabasePopulatorUtils.java:52)
	... 111 common frames omitted
Caused by: org.h2.jdbc.JdbcSQLNonTransientConnectionException: Database may be already in use: "/private/tmp/claude-501/-Users-vignesh-ems/50578b6d-1cf7-4efd-8f83-0b1c6362db85/scratchpad/verify/data/ems_h2_db.mv.db". Possible solutions: close all other connection(s); use the server mode [90020-224]
	at org.h2.message.DbException.getJdbcSQLException(DbException.java:690)
	at org.h2.message.DbException.getJdbcSQLException(DbException.java:489)
	at org.h2.message.DbException.get(DbException.java:212)
	at org.h2.mvstore.db.Store.convertMVStoreException(Store.java:165)
	at org.h2.mvstore.db.Store.<init>(Store.java:142)
	at org.h2.engine.Database.<init>(Database.java:326)
	at org.h2.engine.Engine.openSession(Engine.java:92)
	at org.h2.engine.Engine.openSession(Engine.java:222)
	at org.h2.engine.Engine.createSession(Engine.java:201)
	at org.h2.engine.SessionRemote.connectEmbeddedOrServer(SessionRemote.java:343)
	at org.h2.jdbc.JdbcConnection.<init>(JdbcConnection.java:125)
	at org.h2.Driver.connect(Driver.java:59)
	at com.zaxxer.hikari.util.DriverDataSource.getConnection(DriverDataSource.java:137)
	at com.zaxxer.hikari.pool.PoolBase.newConnection(PoolBase.java:360)
	at com.zaxxer.hikari.pool.PoolBase.newPoolEntry(PoolBase.java:202)
	at com.zaxxer.hikari.pool.HikariPool.createPoolEntry(HikariPool.java:461)
	at com.zaxxer.hikari.pool.HikariPool.checkFailFast(HikariPool.java:550)
	at com.zaxxer.hikari.pool.HikariPool.<init>(HikariPool.java:98)
	at com.zaxxer.hikari.HikariDataSource.getConnection(HikariDataSource.java:111)
	at org.springframework.jdbc.datasource.DataSourceUtils.fetchConnection(DataSourceUtils.java:160)
	at org.springframework.jdbc.datasource.DataSourceUtils.doGetConnection(DataSourceUtils.java:118)
	at org.springframework.jdbc.datasource.DataSourceUtils.getConnection(DataSourceUtils.java:81)
	... 112 common frames omitted
Caused by: org.h2.mvstore.MVStoreException: The file is locked: /private/tmp/claude-501/-Users-vignesh-ems/50578b6d-1cf7-4efd-8f83-0b1c6362db85/scratchpad/verify/data/ems_h2_db.mv.db [2.2.224/7]
	at org.h2.mvstore.DataUtils.newMVStoreException(DataUtils.java:996)
	at org.h2.mvstore.SingleFileStore.lockFileChannel(SingleFileStore.java:143)
	at org.h2.mvstore.SingleFileStore.open(SingleFileStore.java:117)
	at org.h2.mvstore.SingleFileStore.open(SingleFileStore.java:81)
	at org.h2.mvstore.MVStore.<init>(MVStore.java:286)
	at org.h2.mvstore.MVStore$Builder.open(MVStore.java:2035)
	at org.h2.mvstore.db.Store.<init>(Store.java:133)
	... 129 common frames omitted
2026-08-16 00:43:16.316 [SpringApplicationShutdownHook] INFO  o.s.b.w.e.tomcat.GracefulShutdown [] - Commencing graceful shutdown. Waiting for active requests to complete
2026-08-16 00:43:16.363 [tomcat-shutdown] INFO  o.s.b.w.e.tomcat.GracefulShutdown [] - Graceful shutdown complete
2026-08-16 00:43:16.422 [SpringApplicationShutdownHook] INFO  o.s.o.j.LocalContainerEntityManagerFactoryBean [] - Closing JPA EntityManagerFactory for persistence unit 'default'
2026-08-16 00:43:16.474 [SpringApplicationShutdownHook] INFO  com.zaxxer.hikari.HikariDataSource [] - HikariPool-1 - Shutdown initiated...
2026-08-16 00:43:16.490 [SpringApplicationShutdownHook] INFO  com.zaxxer.hikari.HikariDataSource [] - HikariPool-1 - Shutdown completed.
2026-08-16 00:43:28.380 [background-preinit] INFO  o.h.validator.internal.util.Version [] - HV000001: Hibernate Validator 8.0.2.Final
2026-08-16 00:43:28.669 [main] INFO  com.ems.EmsBackendApplication [] - Starting EmsBackendApplication using Java 21.0.12 with PID 26144 (/Users/vignesh/ems/EMS_SERVICES/target/classes started by vignesh in /Users/vignesh/ems/EMS_SERVICES)
2026-08-16 00:43:28.671 [main] DEBUG com.ems.EmsBackendApplication [] - Running with Spring Boot v3.3.7, Spring v6.1.16
2026-08-16 00:43:28.673 [main] INFO  com.ems.EmsBackendApplication [] - The following 1 profile is active: "h2"
2026-08-16 00:43:35.661 [main] INFO  o.s.d.r.c.RepositoryConfigurationDelegate [] - Bootstrapping Spring Data JPA repositories in DEFAULT mode.
2026-08-16 00:43:36.341 [main] INFO  o.s.d.r.c.RepositoryConfigurationDelegate [] - Finished Spring Data repository scanning in 602 ms. Found 17 JPA repository interfaces.
2026-08-16 00:43:40.799 [main] INFO  o.s.b.w.e.tomcat.TomcatWebServer [] - Tomcat initialized with port 8099 (http)
2026-08-16 00:43:40.837 [main] INFO  o.a.coyote.http11.Http11NioProtocol [] - Initializing ProtocolHandler ["http-nio-8099"]
2026-08-16 00:43:40.843 [main] INFO  o.a.catalina.core.StandardService [] - Starting service [Tomcat]
2026-08-16 00:43:40.844 [main] INFO  o.a.catalina.core.StandardEngine [] - Starting Servlet engine: [Apache Tomcat/10.1.34]
2026-08-16 00:43:41.111 [main] INFO  o.a.c.c.C.[Tomcat].[localhost].[/] [] - Initializing Spring embedded WebApplicationContext
2026-08-16 00:43:41.117 [main] INFO  o.s.b.w.s.c.ServletWebServerApplicationContext [] - Root WebApplicationContext: initialization completed in 12175 ms
2026-08-16 00:43:43.491 [main] INFO  com.zaxxer.hikari.HikariDataSource [] - HikariPool-1 - Starting...
2026-08-16 00:43:44.870 [main] INFO  com.zaxxer.hikari.pool.HikariPool [] - HikariPool-1 - Added connection conn0: url=jdbc:h2:file:/private/tmp/claude-501/-Users-vignesh-ems/50578b6d-1cf7-4efd-8f83-0b1c6362db85/scratchpad/verify/data/ems_h2_db user=SA
2026-08-16 00:43:44.874 [main] INFO  com.zaxxer.hikari.HikariDataSource [] - HikariPool-1 - Start completed.
2026-08-16 00:43:45.974 [main] INFO  o.h.jpa.internal.util.LogHelper [] - HHH000204: Processing PersistenceUnitInfo [name: default]
2026-08-16 00:43:46.321 [main] INFO  org.hibernate.Version [] - HHH000412: Hibernate ORM core version 6.5.3.Final
2026-08-16 00:43:46.470 [main] INFO  o.h.c.i.RegionFactoryInitiator [] - HHH000026: Second-level cache disabled
2026-08-16 00:43:47.912 [main] INFO  o.s.o.j.p.SpringPersistenceUnitInfo [] - No LoadTimeWeaver setup: ignoring JPA class transformer
2026-08-16 00:43:48.208 [main] WARN  org.hibernate.orm.deprecation [] - HHH90000025: H2Dialect does not need to be specified explicitly using 'hibernate.dialect' (remove the property setting and it will be selected by default)
2026-08-16 00:43:54.834 [main] INFO  o.h.e.t.j.p.i.JtaPlatformInitiator [] - HHH000489: No JTA platform available (set 'hibernate.transaction.jta.platform' to enable JTA platform integration)
2026-08-16 00:43:54.846 [main] INFO  o.s.o.j.LocalContainerEntityManagerFactoryBean [] - Initialized JPA EntityManagerFactory for persistence unit 'default'
2026-08-16 00:43:55.918 [main] INFO  o.s.d.j.r.query.QueryEnhancerFactory [] - Hibernate is in classpath; If applicable, HQL parser will be used.
2026-08-16 00:43:58.167 [main] DEBUG c.e.security.JwtAuthenticationFilter [] - Filter 'jwtAuthenticationFilter' configured for use
2026-08-16 00:43:58.168 [main] DEBUG com.ems.config.CorrelationIdFilter [] - Filter 'correlationIdFilter' configured for use
2026-08-16 00:43:58.175 [main] DEBUG c.ems.security.AuthRateLimitFilter [] - Filter 'authRateLimitFilter' configured for use
2026-08-16 00:43:58.176 [main] DEBUG c.e.config.RequestAuditLoggingFilter [] - Filter 'requestAuditLoggingFilter' configured for use
2026-08-16 00:44:00.843 [main] INFO  o.s.s.c.a.a.c.InitializeAuthenticationProviderBeanManagerConfigurer$InitializeAuthenticationProviderManagerConfigurer [] - Global AuthenticationManager configured with AuthenticationProvider bean with name authenticationProvider
2026-08-16 00:44:00.844 [main] WARN  o.s.s.c.a.a.c.InitializeUserDetailsBeanManagerConfigurer$InitializeUserDetailsManagerConfigurer [] - Global AuthenticationManager configured with an AuthenticationProvider bean. UserDetailsService beans will not be used for username/password login. Consider removing the AuthenticationProvider bean. Alternatively, consider using the UserDetailsService in a manually instantiated DaoAuthenticationProvider.
2026-08-16 00:44:04.559 [main] INFO  o.s.b.a.e.web.EndpointLinksResolver [] - Exposing 6 endpoints beneath base path '/actuator'
2026-08-16 00:44:07.011 [main] INFO  o.s.b.a.h.H2ConsoleAutoConfiguration [] - H2 console available at '/h2-console'. Database available at 'jdbc:h2:file:/private/tmp/claude-501/-Users-vignesh-ems/50578b6d-1cf7-4efd-8f83-0b1c6362db85/scratchpad/verify/data/ems_h2_db'
2026-08-16 00:44:07.286 [main] INFO  o.a.coyote.http11.Http11NioProtocol [] - Starting ProtocolHandler ["http-nio-8099"]
2026-08-16 00:44:07.397 [main] INFO  o.s.b.w.e.tomcat.TomcatWebServer [] - Tomcat started on port 8099 (http) with context path '/'
2026-08-16 00:44:07.453 [main] INFO  com.ems.EmsBackendApplication [] - Started EmsBackendApplication in 41.263 seconds (process running for 42.732)
2026-08-16 00:44:20.197 [http-nio-8099-exec-1] INFO  o.a.c.c.C.[Tomcat].[localhost].[/] [] - Initializing Spring DispatcherServlet 'dispatcherServlet'
2026-08-16 00:44:20.197 [http-nio-8099-exec-1] INFO  o.s.web.servlet.DispatcherServlet [] - Initializing Servlet 'dispatcherServlet'
2026-08-16 00:44:20.208 [http-nio-8099-exec-1] INFO  o.s.web.servlet.DispatcherServlet [] - Completed initialization in 10 ms
2026-08-16 00:44:21.580 [http-nio-8099-exec-1] INFO  c.e.s.impl.AuthenticationServiceImpl [ba821ddf-f2a1-4873-8ad6-0a5d1fc146b9] - Login success for userId=VRUN001, email=verify.run@example.com
2026-08-16 00:44:22.229 [http-nio-8099-exec-1] INFO  c.e.config.RequestAuditLoggingFilter [ba821ddf-f2a1-4873-8ad6-0a5d1fc146b9] - http_request method=POST uri=/api/auth/login status=200 durationMs=1965 remoteAddr=127.0.0.1
2026-08-16 00:44:22.729 [http-nio-8099-exec-2] INFO  c.e.config.RequestAuditLoggingFilter [3dfc83a6-ad61-4c72-9c8b-5fc7bfe3867a] - http_request method=GET uri=/api/dashboard/me status=200 durationMs=415 remoteAddr=127.0.0.1
2026-08-16 00:44:35.827 [http-nio-8099-exec-4] INFO  c.e.config.RequestAuditLoggingFilter [6ce34094-2e27-47dd-818d-9cf0ea476d4a] - http_request method=POST uri=/api/exam-workflow/applications status=404 durationMs=211 remoteAddr=127.0.0.1
2026-08-16 00:44:35.938 [http-nio-8099-exec-5] INFO  c.e.config.RequestAuditLoggingFilter [dec18ab2-4b61-4856-bd01-984e84a8d525] - http_request method=GET uri=/api/dashboard/me status=200 durationMs=46 remoteAddr=127.0.0.1
2026-08-16 00:44:47.597 [http-nio-8099-exec-7] INFO  c.e.config.RequestAuditLoggingFilter [4dacf240-dab5-4bb1-96f2-3f9c0b60331d] - http_request method=GET uri=/api/exam-workflow/options/L1 status=200 durationMs=174 remoteAddr=127.0.0.1
2026-08-16 00:44:47.784 [http-nio-8099-exec-8] INFO  c.e.config.RequestAuditLoggingFilter [517f63e4-1423-433a-a4bf-8ba5adf375a4] - http_request method=POST uri=/api/exam-workflow/applications status=200 durationMs=133 remoteAddr=127.0.0.1
2026-08-16 00:44:47.968 [http-nio-8099-exec-9] WARN  o.h.e.jdbc.spi.SqlExceptionHelper [588603c6-fe5b-427c-9e7a-6f86a1e918b2] - SQL Error: 42122, SQLState: 42S22
2026-08-16 00:44:47.973 [http-nio-8099-exec-9] ERROR o.h.e.jdbc.spi.SqlExceptionHelper [588603c6-fe5b-427c-9e7a-6f86a1e918b2] - Column "es1_0.application_ref" not found; SQL statement:
select es1_0.id,es1_0.answers_draft_json,es1_0.browser_fingerprint,es1_0.application_ref,es1_0.created_by,es1_0.created_date,es1_0.exam_ref,es1_0.ip_address,es1_0.last_question_number,es1_0.marked_for_review_json,es1_0.progress_saved_at,es1_0.selected_question_ids_json,es1_0.session_end_time,es1_0.session_start_time,es1_0.session_status,es1_0.session_token,es1_0.updated_by,es1_0.updated_date,es1_0.user_ref,es1_0.violation_count from exam_sessions es1_0 where es1_0.application_ref=? order by es1_0.session_start_time desc,es1_0.id desc fetch first ? rows only [42122-224]
2026-08-16 00:44:47.994 [http-nio-8099-exec-9] ERROR c.e.exception.GlobalExceptionHandler [588603c6-fe5b-427c-9e7a-6f86a1e918b2] - Unhandled exception
org.springframework.dao.InvalidDataAccessResourceUsageException: could not prepare statement [Column "es1_0.application_ref" not found; SQL statement:
select es1_0.id,es1_0.answers_draft_json,es1_0.browser_fingerprint,es1_0.application_ref,es1_0.created_by,es1_0.created_date,es1_0.exam_ref,es1_0.ip_address,es1_0.last_question_number,es1_0.marked_for_review_json,es1_0.progress_saved_at,es1_0.selected_question_ids_json,es1_0.session_end_time,es1_0.session_start_time,es1_0.session_status,es1_0.session_token,es1_0.updated_by,es1_0.updated_date,es1_0.user_ref,es1_0.violation_count from exam_sessions es1_0 where es1_0.application_ref=? order by es1_0.session_start_time desc,es1_0.id desc fetch first ? rows only [42122-224]] [select es1_0.id,es1_0.answers_draft_json,es1_0.browser_fingerprint,es1_0.application_ref,es1_0.created_by,es1_0.created_date,es1_0.exam_ref,es1_0.ip_address,es1_0.last_question_number,es1_0.marked_for_review_json,es1_0.progress_saved_at,es1_0.selected_question_ids_json,es1_0.session_end_time,es1_0.session_start_time,es1_0.session_status,es1_0.session_token,es1_0.updated_by,es1_0.updated_date,es1_0.user_ref,es1_0.violation_count from exam_sessions es1_0 where es1_0.application_ref=? order by es1_0.session_start_time desc,es1_0.id desc fetch first ? rows only]; SQL [select es1_0.id,es1_0.answers_draft_json,es1_0.browser_fingerprint,es1_0.application_ref,es1_0.created_by,es1_0.created_date,es1_0.exam_ref,es1_0.ip_address,es1_0.last_question_number,es1_0.marked_for_review_json,es1_0.progress_saved_at,es1_0.selected_question_ids_json,es1_0.session_end_time,es1_0.session_start_time,es1_0.session_status,es1_0.session_token,es1_0.updated_by,es1_0.updated_date,es1_0.user_ref,es1_0.violation_count from exam_sessions es1_0 where es1_0.application_ref=? order by es1_0.session_start_time desc,es1_0.id desc fetch first ? rows only]
	at org.springframework.orm.jpa.vendor.HibernateJpaDialect.convertHibernateAccessException(HibernateJpaDialect.java:277)
	at org.springframework.orm.jpa.vendor.HibernateJpaDialect.translateExceptionIfPossible(HibernateJpaDialect.java:241)
	at org.springframework.orm.jpa.AbstractEntityManagerFactoryBean.translateExceptionIfPossible(AbstractEntityManagerFactoryBean.java:550)
	at org.springframework.dao.support.ChainedPersistenceExceptionTranslator.translateExceptionIfPossible(ChainedPersistenceExceptionTranslator.java:61)
	at org.springframework.dao.support.DataAccessUtils.translateIfNecessary(DataAccessUtils.java:335)
	at org.springframework.dao.support.PersistenceExceptionTranslationInterceptor.invoke(PersistenceExceptionTranslationInterceptor.java:160)
	at org.springframework.aop.framework.ReflectiveMethodInvocation.proceed(ReflectiveMethodInvocation.java:184)
	at org.springframework.data.jpa.repository.support.CrudMethodMetadataPostProcessor$CrudMethodMetadataPopulatingMethodInterceptor.invoke(CrudMethodMetadataPostProcessor.java:136)
	at org.springframework.aop.framework.ReflectiveMethodInvocation.proceed(ReflectiveMethodInvocation.java:184)
	at org.springframework.aop.interceptor.ExposeInvocationInterceptor.invoke(ExposeInvocationInterceptor.java:97)
	at org.springframework.aop.framework.ReflectiveMethodInvocation.proceed(ReflectiveMethodInvocation.java:184)
	at org.springframework.aop.framework.JdkDynamicAopProxy.invoke(JdkDynamicAopProxy.java:223)
	at jdk.proxy2/jdk.proxy2.$Proxy199.findTopByCertificationApplicationOrderBySessionStartTimeDescIdDesc(Unknown Source)
	at com.ems.service.impl.DashboardServiceImpl.hasAttemptInProgress(DashboardServiceImpl.java:323)
	at com.ems.service.impl.DashboardServiceImpl.lambda$getCurrentUserDashboard$2(DashboardServiceImpl.java:96)
	at java.base/java.util.stream.ReferencePipeline$3$1.accept(ReferencePipeline.java:197)
	at java.base/java.util.ArrayList$ArrayListSpliterator.forEachRemaining(ArrayList.java:1708)
	at java.base/java.util.stream.AbstractPipeline.copyInto(AbstractPipeline.java:509)
	at java.base/java.util.stream.AbstractPipeline.wrapAndCopyInto(AbstractPipeline.java:499)
	at java.base/java.util.stream.AbstractPipeline.evaluate(AbstractPipeline.java:575)
	at java.base/java.util.stream.AbstractPipeline.evaluateToArrayNode(AbstractPipeline.java:260)
	at java.base/java.util.stream.ReferencePipeline.toArray(ReferencePipeline.java:616)
	at java.base/java.util.stream.ReferencePipeline.toArray(ReferencePipeline.java:622)
	at java.base/java.util.stream.ReferencePipeline.toList(ReferencePipeline.java:627)
	at com.ems.service.impl.DashboardServiceImpl.getCurrentUserDashboard(DashboardServiceImpl.java:97)
	at java.base/jdk.internal.reflect.DirectMethodHandleAccessor.invoke(DirectMethodHandleAccessor.java:103)
	at java.base/java.lang.reflect.Method.invoke(Method.java:580)
	at org.springframework.aop.support.AopUtils.invokeJoinpointUsingReflection(AopUtils.java:355)
	at org.springframework.aop.framework.ReflectiveMethodInvocation.invokeJoinpoint(ReflectiveMethodInvocation.java:196)
	at org.springframework.aop.framework.ReflectiveMethodInvocation.proceed(ReflectiveMethodInvocation.java:163)
	at org.springframework.aop.framework.CglibAopProxy$CglibMethodInvocation.proceed(CglibAopProxy.java:768)
	at org.springframework.transaction.interceptor.TransactionAspectSupport.invokeWithinTransaction(TransactionAspectSupport.java:379)
	at org.springframework.transaction.interceptor.TransactionInterceptor.invoke(TransactionInterceptor.java:119)
	at org.springframework.aop.framework.ReflectiveMethodInvocation.proceed(ReflectiveMethodInvocation.java:184)
	at org.springframework.aop.framework.CglibAopProxy$CglibMethodInvocation.proceed(CglibAopProxy.java:768)
	at org.springframework.cache.interceptor.CacheInterceptor.lambda$invoke$0(CacheInterceptor.java:55)
	at org.springframework.cache.interceptor.CacheAspectSupport.invokeOperation(CacheAspectSupport.java:416)
	at org.springframework.cache.interceptor.CacheAspectSupport.evaluate(CacheAspectSupport.java:551)
	at org.springframework.cache.interceptor.CacheAspectSupport.execute(CacheAspectSupport.java:433)
	at org.springframework.cache.interceptor.CacheAspectSupport.execute(CacheAspectSupport.java:395)
	at org.springframework.cache.interceptor.CacheInterceptor.invoke(CacheInterceptor.java:65)
	at org.springframework.aop.framework.ReflectiveMethodInvocation.proceed(ReflectiveMethodInvocation.java:184)
	at org.springframework.aop.framework.CglibAopProxy$CglibMethodInvocation.proceed(CglibAopProxy.java:768)
	at org.springframework.aop.framework.CglibAopProxy$DynamicAdvisedInterceptor.intercept(CglibAopProxy.java:720)
	at com.ems.service.impl.DashboardServiceImpl$$SpringCGLIB$$0.getCurrentUserDashboard(<generated>)
	at com.ems.controller.DashboardController.getDashboard(DashboardController.java:31)
	at java.base/jdk.internal.reflect.DirectMethodHandleAccessor.invoke(DirectMethodHandleAccessor.java:103)
	at java.base/java.lang.reflect.Method.invoke(Method.java:580)
	at org.springframework.web.method.support.InvocableHandlerMethod.doInvoke(InvocableHandlerMethod.java:255)
	at org.springframework.web.method.support.InvocableHandlerMethod.invokeForRequest(InvocableHandlerMethod.java:188)
	at org.springframework.web.servlet.mvc.method.annotation.ServletInvocableHandlerMethod.invokeAndHandle(ServletInvocableHandlerMethod.java:118)
	at org.springframework.web.servlet.mvc.method.annotation.RequestMappingHandlerAdapter.invokeHandlerMethod(RequestMappingHandlerAdapter.java:926)
	at org.springframework.web.servlet.mvc.method.annotation.RequestMappingHandlerAdapter.handleInternal(RequestMappingHandlerAdapter.java:831)
	at org.springframework.web.servlet.mvc.method.AbstractHandlerMethodAdapter.handle(AbstractHandlerMethodAdapter.java:87)
	at org.springframework.web.servlet.DispatcherServlet.doDispatch(DispatcherServlet.java:1089)
	at org.springframework.web.servlet.DispatcherServlet.doService(DispatcherServlet.java:979)
	at org.springframework.web.servlet.FrameworkServlet.processRequest(FrameworkServlet.java:1014)
	at org.springframework.web.servlet.FrameworkServlet.doGet(FrameworkServlet.java:903)
	at jakarta.servlet.http.HttpServlet.service(HttpServlet.java:564)
	at org.springframework.web.servlet.FrameworkServlet.service(FrameworkServlet.java:885)
	at jakarta.servlet.http.HttpServlet.service(HttpServlet.java:658)
	at org.apache.catalina.core.ApplicationFilterChain.internalDoFilter(ApplicationFilterChain.java:195)
	at org.apache.catalina.core.ApplicationFilterChain.doFilter(ApplicationFilterChain.java:140)
	at org.apache.tomcat.websocket.server.WsFilter.doFilter(WsFilter.java:51)
	at org.apache.catalina.core.ApplicationFilterChain.internalDoFilter(ApplicationFilterChain.java:164)
	at org.apache.catalina.core.ApplicationFilterChain.doFilter(ApplicationFilterChain.java:140)
	at org.springframework.web.filter.OncePerRequestFilter.doFilter(OncePerRequestFilter.java:110)
	at org.apache.catalina.core.ApplicationFilterChain.internalDoFilter(ApplicationFilterChain.java:164)
	at org.apache.catalina.core.ApplicationFilterChain.doFilter(ApplicationFilterChain.java:140)
	at org.springframework.web.filter.OncePerRequestFilter.doFilter(OncePerRequestFilter.java:101)
	at org.apache.catalina.core.ApplicationFilterChain.internalDoFilter(ApplicationFilterChain.java:164)
	at org.apache.catalina.core.ApplicationFilterChain.doFilter(ApplicationFilterChain.java:140)
	at org.springframework.web.filter.CompositeFilter$VirtualFilterChain.doFilter(CompositeFilter.java:108)
	at org.springframework.security.web.FilterChainProxy.lambda$doFilterInternal$3(FilterChainProxy.java:231)
	at org.springframework.security.web.ObservationFilterChainDecorator$FilterObservation$SimpleFilterObservation.lambda$wrap$1(ObservationFilterChainDecorator.java:479)
	at org.springframework.security.web.ObservationFilterChainDecorator$AroundFilterObservation$SimpleAroundFilterObservation.lambda$wrap$1(ObservationFilterChainDecorator.java:340)
	at org.springframework.security.web.ObservationFilterChainDecorator.lambda$wrapSecured$0(ObservationFilterChainDecorator.java:82)
	at org.springframework.security.web.ObservationFilterChainDecorator$VirtualFilterChain.doFilter(ObservationFilterChainDecorator.java:128)
	at org.springframework.security.web.access.intercept.AuthorizationFilter.doFilter(AuthorizationFilter.java:100)
	at org.springframework.security.web.ObservationFilterChainDecorator$ObservationFilter.wrapFilter(ObservationFilterChainDecorator.java:240)
	at org.springframework.security.web.ObservationFilterChainDecorator$ObservationFilter.doFilter(ObservationFilterChainDecorator.java:227)
	at org.springframework.security.web.ObservationFilterChainDecorator$VirtualFilterChain.doFilter(ObservationFilterChainDecorator.java:137)
	at org.springframework.security.web.access.ExceptionTranslationFilter.doFilter(ExceptionTranslationFilter.java:126)
	at org.springframework.security.web.access.ExceptionTranslationFilter.doFilter(ExceptionTranslationFilter.java:120)
	at org.springframework.security.web.ObservationFilterChainDecorator$ObservationFilter.wrapFilter(ObservationFilterChainDecorator.java:240)
	at org.springframework.security.web.ObservationFilterChainDecorator$ObservationFilter.doFilter(ObservationFilterChainDecorator.java:227)
	at org.springframework.security.web.ObservationFilterChainDecorator$VirtualFilterChain.doFilter(ObservationFilterChainDecorator.java:137)
	at org.springframework.security.web.session.SessionManagementFilter.doFilter(SessionManagementFilter.java:131)
	at org.springframework.security.web.session.SessionManagementFilter.doFilter(SessionManagementFilter.java:85)
	at org.springframework.security.web.ObservationFilterChainDecorator$ObservationFilter.wrapFilter(ObservationFilterChainDecorator.java:240)
	at org.springframework.security.web.ObservationFilterChainDecorator$ObservationFilter.doFilter(ObservationFilterChainDecorator.java:227)
	at org.springframework.security.web.ObservationFilterChainDecorator$VirtualFilterChain.doFilter(ObservationFilterChainDecorator.java:137)
	at org.springframework.security.web.authentication.AnonymousAuthenticationFilter.doFilter(AnonymousAuthenticationFilter.java:100)
	at org.springframework.security.web.ObservationFilterChainDecorator$ObservationFilter.wrapFilter(ObservationFilterChainDecorator.java:240)
	at org.springframework.security.web.ObservationFilterChainDecorator$ObservationFilter.doFilter(ObservationFilterChainDecorator.java:227)
	at org.springframework.security.web.ObservationFilterChainDecorator$VirtualFilterChain.doFilter(ObservationFilterChainDecorator.java:137)
	at org.springframework.security.web.servletapi.SecurityContextHolderAwareRequestFilter.doFilter(SecurityContextHolderAwareRequestFilter.java:179)
	at org.springframework.security.web.ObservationFilterChainDecorator$ObservationFilter.wrapFilter(ObservationFilterChainDecorator.java:240)
	at org.springframework.security.web.ObservationFilterChainDecorator$ObservationFilter.doFilter(ObservationFilterChainDecorator.java:227)
	at org.springframework.security.web.ObservationFilterChainDecorator$VirtualFilterChain.doFilter(ObservationFilterChainDecorator.java:137)
	at org.springframework.security.web.savedrequest.RequestCacheAwareFilter.doFilter(RequestCacheAwareFilter.java:63)
	at org.springframework.security.web.ObservationFilterChainDecorator$ObservationFilter.wrapFilter(ObservationFilterChainDecorator.java:240)
	at org.springframework.security.web.ObservationFilterChainDecorator$ObservationFilter.doFilter(ObservationFilterChainDecorator.java:227)
	at org.springframework.security.web.ObservationFilterChainDecorator$VirtualFilterChain.doFilter(ObservationFilterChainDecorator.java:137)
	at com.ems.security.JwtAuthenticationFilter.doFilterInternal(JwtAuthenticationFilter.java:87)
	at org.springframework.web.filter.OncePerRequestFilter.doFilter(OncePerRequestFilter.java:116)
	at org.springframework.security.web.ObservationFilterChainDecorator$ObservationFilter.wrapFilter(ObservationFilterChainDecorator.java:240)
	at org.springframework.security.web.ObservationFilterChainDecorator$ObservationFilter.doFilter(ObservationFilterChainDecorator.java:227)
	at org.springframework.security.web.ObservationFilterChainDecorator$VirtualFilterChain.doFilter(ObservationFilterChainDecorator.java:137)
	at org.springframework.web.filter.OncePerRequestFilter.doFilter(OncePerRequestFilter.java:101)
	at org.springframework.security.web.ObservationFilterChainDecorator$ObservationFilter.wrapFilter(ObservationFilterChainDecorator.java:240)
	at org.springframework.security.web.ObservationFilterChainDecorator$ObservationFilter.doFilter(ObservationFilterChainDecorator.java:227)
	at org.springframework.security.web.ObservationFilterChainDecorator$VirtualFilterChain.doFilter(ObservationFilterChainDecorator.java:137)
	at org.springframework.security.web.authentication.logout.LogoutFilter.doFilter(LogoutFilter.java:107)
	at org.springframework.security.web.authentication.logout.LogoutFilter.doFilter(LogoutFilter.java:93)
	at org.springframework.security.web.ObservationFilterChainDecorator$ObservationFilter.wrapFilter(ObservationFilterChainDecorator.java:240)
	at org.springframework.security.web.ObservationFilterChainDecorator$ObservationFilter.doFilter(ObservationFilterChainDecorator.java:227)
	at org.springframework.security.web.ObservationFilterChainDecorator$VirtualFilterChain.doFilter(ObservationFilterChainDecorator.java:137)
	at org.springframework.web.filter.CorsFilter.doFilterInternal(CorsFilter.java:91)
	at org.springframework.web.filter.OncePerRequestFilter.doFilter(OncePerRequestFilter.java:116)
	at org.springframework.security.web.ObservationFilterChainDecorator$ObservationFilter.wrapFilter(ObservationFilterChainDecorator.java:240)
	at org.springframework.security.web.ObservationFilterChainDecorator$ObservationFilter.doFilter(ObservationFilterChainDecorator.java:227)
	at org.springframework.security.web.ObservationFilterChainDecorator$VirtualFilterChain.doFilter(ObservationFilterChainDecorator.java:137)
	at org.springframework.security.web.header.HeaderWriterFilter.doHeadersAfter(HeaderWriterFilter.java:90)
	at org.springframework.security.web.header.HeaderWriterFilter.doFilterInternal(HeaderWriterFilter.java:75)
	at org.springframework.web.filter.OncePerRequestFilter.doFilter(OncePerRequestFilter.java:116)
	at org.springframework.security.web.ObservationFilterChainDecorator$ObservationFilter.wrapFilter(ObservationFilterChainDecorator.java:240)
	at org.springframework.security.web.ObservationFilterChainDecorator$ObservationFilter.doFilter(ObservationFilterChainDecorator.java:227)
	at org.springframework.security.web.ObservationFilterChainDecorator$VirtualFilterChain.doFilter(ObservationFilterChainDecorator.java:137)
	at org.springframework.security.web.context.SecurityContextHolderFilter.doFilter(SecurityContextHolderFilter.java:82)
	at org.springframework.security.web.context.SecurityContextHolderFilter.doFilter(SecurityContextHolderFilter.java:69)
	at org.springframework.security.web.ObservationFilterChainDecorator$ObservationFilter.wrapFilter(ObservationFilterChainDecorator.java:240)
	at org.springframework.security.web.ObservationFilterChainDecorator$ObservationFilter.doFilter(ObservationFilterChainDecorator.java:227)
	at org.springframework.security.web.ObservationFilterChainDecorator$VirtualFilterChain.doFilter(ObservationFilterChainDecorator.java:137)
	at org.springframework.security.web.context.request.async.WebAsyncManagerIntegrationFilter.doFilterInternal(WebAsyncManagerIntegrationFilter.java:62)
	at org.springframework.web.filter.OncePerRequestFilter.doFilter(OncePerRequestFilter.java:116)
	at org.springframework.security.web.ObservationFilterChainDecorator$ObservationFilter.wrapFilter(ObservationFilterChainDecorator.java:240)
	at org.springframework.security.web.ObservationFilterChainDecorator$ObservationFilter.doFilter(ObservationFilterChainDecorator.java:227)
	at org.springframework.security.web.ObservationFilterChainDecorator$VirtualFilterChain.doFilter(ObservationFilterChainDecorator.java:137)
	at org.springframework.security.web.session.DisableEncodeUrlFilter.doFilterInternal(DisableEncodeUrlFilter.java:42)
	at org.springframework.web.filter.OncePerRequestFilter.doFilter(OncePerRequestFilter.java:116)
	at org.springframework.security.web.ObservationFilterChainDecorator$ObservationFilter.wrapFilter(ObservationFilterChainDecorator.java:240)
	at org.springframework.security.web.ObservationFilterChainDecorator$AroundFilterObservation$SimpleAroundFilterObservation.lambda$wrap$0(ObservationFilterChainDecorator.java:323)
	at org.springframework.security.web.ObservationFilterChainDecorator$ObservationFilter.doFilter(ObservationFilterChainDecorator.java:224)
	at org.springframework.security.web.ObservationFilterChainDecorator$VirtualFilterChain.doFilter(ObservationFilterChainDecorator.java:137)
	at org.springframework.security.web.FilterChainProxy.doFilterInternal(FilterChainProxy.java:233)
	at org.springframework.security.web.FilterChainProxy.doFilter(FilterChainProxy.java:191)
	at org.springframework.web.filter.CompositeFilter$VirtualFilterChain.doFilter(CompositeFilter.java:113)
	at org.springframework.web.servlet.handler.HandlerMappingIntrospector.lambda$createCacheFilter$3(HandlerMappingIntrospector.java:195)
	at org.springframework.web.filter.CompositeFilter$VirtualFilterChain.doFilter(CompositeFilter.java:113)
	at org.springframework.web.filter.CompositeFilter.doFilter(CompositeFilter.java:74)
	at org.springframework.security.config.annotation.web.configuration.WebMvcSecurityConfiguration$CompositeFilterChainProxy.doFilter(WebMvcSecurityConfiguration.java:230)
	at org.springframework.web.filter.DelegatingFilterProxy.invokeDelegate(DelegatingFilterProxy.java:362)
	at org.springframework.web.filter.DelegatingFilterProxy.doFilter(DelegatingFilterProxy.java:278)
	at org.apache.catalina.core.ApplicationFilterChain.internalDoFilter(ApplicationFilterChain.java:164)
	at org.apache.catalina.core.ApplicationFilterChain.doFilter(ApplicationFilterChain.java:140)
	at org.springframework.web.filter.RequestContextFilter.doFilterInternal(RequestContextFilter.java:100)
	at org.springframework.web.filter.OncePerRequestFilter.doFilter(OncePerRequestFilter.java:116)
	at org.apache.catalina.core.ApplicationFilterChain.internalDoFilter(ApplicationFilterChain.java:164)
	at org.apache.catalina.core.ApplicationFilterChain.doFilter(ApplicationFilterChain.java:140)
	at org.springframework.web.filter.FormContentFilter.doFilterInternal(FormContentFilter.java:93)
	at org.springframework.web.filter.OncePerRequestFilter.doFilter(OncePerRequestFilter.java:116)
	at org.apache.catalina.core.ApplicationFilterChain.internalDoFilter(ApplicationFilterChain.java:164)
	at org.apache.catalina.core.ApplicationFilterChain.doFilter(ApplicationFilterChain.java:140)
	at com.ems.config.RequestAuditLoggingFilter.doFilterInternal(RequestAuditLoggingFilter.java:39)
	at org.springframework.web.filter.OncePerRequestFilter.doFilter(OncePerRequestFilter.java:116)
	at org.apache.catalina.core.ApplicationFilterChain.internalDoFilter(ApplicationFilterChain.java:164)
	at org.apache.catalina.core.ApplicationFilterChain.doFilter(ApplicationFilterChain.java:140)
	at org.springframework.web.filter.ServerHttpObservationFilter.doFilterInternal(ServerHttpObservationFilter.java:113)
	at org.springframework.web.filter.OncePerRequestFilter.doFilter(OncePerRequestFilter.java:116)
	at org.apache.catalina.core.ApplicationFilterChain.internalDoFilter(ApplicationFilterChain.java:164)
	at org.apache.catalina.core.ApplicationFilterChain.doFilter(ApplicationFilterChain.java:140)
	at org.springframework.web.filter.CharacterEncodingFilter.doFilterInternal(CharacterEncodingFilter.java:201)
	at org.springframework.web.filter.OncePerRequestFilter.doFilter(OncePerRequestFilter.java:116)
	at org.apache.catalina.core.ApplicationFilterChain.internalDoFilter(ApplicationFilterChain.java:164)
	at org.apache.catalina.core.ApplicationFilterChain.doFilter(ApplicationFilterChain.java:140)
	at com.ems.config.CorrelationIdFilter.doFilterInternal(CorrelationIdFilter.java:36)
	at org.springframework.web.filter.OncePerRequestFilter.doFilter(OncePerRequestFilter.java:116)
	at org.apache.catalina.core.ApplicationFilterChain.internalDoFilter(ApplicationFilterChain.java:164)
	at org.apache.catalina.core.ApplicationFilterChain.doFilter(ApplicationFilterChain.java:140)
	at org.springframework.web.filter.OncePerRequestFilter.doFilter(OncePerRequestFilter.java:101)
	at org.apache.catalina.core.ApplicationFilterChain.internalDoFilter(ApplicationFilterChain.java:164)
	at org.apache.catalina.core.ApplicationFilterChain.doFilter(ApplicationFilterChain.java:140)
	at org.apache.catalina.core.StandardWrapperValve.invoke(StandardWrapperValve.java:167)
	at org.apache.catalina.core.StandardContextValve.invoke(StandardContextValve.java:90)
	at org.apache.catalina.authenticator.AuthenticatorBase.invoke(AuthenticatorBase.java:483)
	at org.apache.catalina.core.StandardHostValve.invoke(StandardHostValve.java:115)
	at org.apache.catalina.valves.ErrorReportValve.invoke(ErrorReportValve.java:93)
	at org.apache.catalina.core.StandardEngineValve.invoke(StandardEngineValve.java:74)
	at org.apache.catalina.connector.CoyoteAdapter.service(CoyoteAdapter.java:344)
	at org.apache.coyote.http11.Http11Processor.service(Http11Processor.java:397)
	at org.apache.coyote.AbstractProcessorLight.process(AbstractProcessorLight.java:63)
	at org.apache.coyote.AbstractProtocol$ConnectionHandler.process(AbstractProtocol.java:905)
	at org.apache.tomcat.util.net.NioEndpoint$SocketProcessor.doRun(NioEndpoint.java:1741)
	at org.apache.tomcat.util.net.SocketProcessorBase.run(SocketProcessorBase.java:52)
	at org.apache.tomcat.util.threads.ThreadPoolExecutor.runWorker(ThreadPoolExecutor.java:1190)
	at org.apache.tomcat.util.threads.ThreadPoolExecutor$Worker.run(ThreadPoolExecutor.java:659)
	at org.apache.tomcat.util.threads.TaskThread$WrappingRunnable.run(TaskThread.java:63)
	at java.base/java.lang.Thread.run(Thread.java:1583)
Caused by: org.hibernate.exception.SQLGrammarException: could not prepare statement [Column "es1_0.application_ref" not found; SQL statement:
select es1_0.id,es1_0.answers_draft_json,es1_0.browser_fingerprint,es1_0.application_ref,es1_0.created_by,es1_0.created_date,es1_0.exam_ref,es1_0.ip_address,es1_0.last_question_number,es1_0.marked_for_review_json,es1_0.progress_saved_at,es1_0.selected_question_ids_json,es1_0.session_end_time,es1_0.session_start_time,es1_0.session_status,es1_0.session_token,es1_0.updated_by,es1_0.updated_date,es1_0.user_ref,es1_0.violation_count from exam_sessions es1_0 where es1_0.application_ref=? order by es1_0.session_start_time desc,es1_0.id desc fetch first ? rows only [42122-224]] [select es1_0.id,es1_0.answers_draft_json,es1_0.browser_fingerprint,es1_0.application_ref,es1_0.created_by,es1_0.created_date,es1_0.exam_ref,es1_0.ip_address,es1_0.last_question_number,es1_0.marked_for_review_json,es1_0.progress_saved_at,es1_0.selected_question_ids_json,es1_0.session_end_time,es1_0.session_start_time,es1_0.session_status,es1_0.session_token,es1_0.updated_by,es1_0.updated_date,es1_0.user_ref,es1_0.violation_count from exam_sessions es1_0 where es1_0.application_ref=? order by es1_0.session_start_time desc,es1_0.id desc fetch first ? rows only]
	at org.hibernate.exception.internal.SQLExceptionTypeDelegate.convert(SQLExceptionTypeDelegate.java:66)
	at org.hibernate.exception.internal.StandardSQLExceptionConverter.convert(StandardSQLExceptionConverter.java:58)
	at org.hibernate.engine.jdbc.spi.SqlExceptionHelper.convert(SqlExceptionHelper.java:108)
	at org.hibernate.engine.jdbc.internal.StatementPreparerImpl$StatementPreparationTemplate.prepareStatement(StatementPreparerImpl.java:194)
	at org.hibernate.engine.jdbc.internal.StatementPreparerImpl.prepareQueryStatement(StatementPreparerImpl.java:155)
	at org.hibernate.sql.exec.spi.JdbcSelectExecutor.lambda$list$0(JdbcSelectExecutor.java:85)
	at org.hibernate.sql.results.jdbc.internal.DeferredResultSetAccess.executeQuery(DeferredResultSetAccess.java:231)
	at org.hibernate.sql.results.jdbc.internal.DeferredResultSetAccess.getResultSet(DeferredResultSetAccess.java:167)
	at org.hibernate.sql.results.jdbc.internal.JdbcValuesResultSetImpl.advanceNext(JdbcValuesResultSetImpl.java:265)
	at org.hibernate.sql.results.jdbc.internal.JdbcValuesResultSetImpl.processNext(JdbcValuesResultSetImpl.java:145)
	at org.hibernate.sql.results.jdbc.internal.AbstractJdbcValues.next(AbstractJdbcValues.java:19)
	at org.hibernate.sql.results.internal.RowProcessingStateStandardImpl.next(RowProcessingStateStandardImpl.java:67)
	at org.hibernate.sql.results.spi.ListResultsConsumer.consume(ListResultsConsumer.java:204)
	at org.hibernate.sql.results.spi.ListResultsConsumer.consume(ListResultsConsumer.java:33)
	at org.hibernate.sql.exec.internal.JdbcSelectExecutorStandardImpl.doExecuteQuery(JdbcSelectExecutorStandardImpl.java:211)
	at org.hibernate.sql.exec.internal.JdbcSelectExecutorStandardImpl.executeQuery(JdbcSelectExecutorStandardImpl.java:83)
	at org.hibernate.sql.exec.spi.JdbcSelectExecutor.list(JdbcSelectExecutor.java:76)
	at org.hibernate.sql.exec.spi.JdbcSelectExecutor.list(JdbcSelectExecutor.java:65)
	at org.hibernate.query.sqm.internal.ConcreteSqmSelectQueryPlan.lambda$new$2(ConcreteSqmSelectQueryPlan.java:139)
	at org.hibernate.query.sqm.internal.ConcreteSqmSelectQueryPlan.withCacheableSqmInterpretation(ConcreteSqmSelectQueryPlan.java:382)
	at org.hibernate.query.sqm.internal.ConcreteSqmSelectQueryPlan.performList(ConcreteSqmSelectQueryPlan.java:302)
	at org.hibernate.query.sqm.internal.QuerySqmImpl.doList(QuerySqmImpl.java:526)
	at org.hibernate.query.spi.AbstractSelectionQuery.list(AbstractSelectionQuery.java:423)
	at org.hibernate.query.spi.AbstractSelectionQuery.getSingleResult(AbstractSelectionQuery.java:555)
	at org.springframework.data.jpa.repository.query.JpaQueryExecution$SingleEntityExecution.doExecute(JpaQueryExecution.java:224)
	at org.springframework.data.jpa.repository.query.JpaQueryExecution.execute(JpaQueryExecution.java:93)
	at org.springframework.data.jpa.repository.query.AbstractJpaQuery.doExecute(AbstractJpaQuery.java:152)
	at org.springframework.data.jpa.repository.query.AbstractJpaQuery.execute(AbstractJpaQuery.java:140)
	at org.springframework.data.repository.core.support.RepositoryMethodInvoker.doInvoke(RepositoryMethodInvoker.java:170)
	at org.springframework.data.repository.core.support.RepositoryMethodInvoker.invoke(RepositoryMethodInvoker.java:158)
	at org.springframework.data.repository.core.support.QueryExecutorMethodInterceptor.doInvoke(QueryExecutorMethodInterceptor.java:169)
	at org.springframework.data.repository.core.support.QueryExecutorMethodInterceptor.invoke(QueryExecutorMethodInterceptor.java:148)
	at org.springframework.aop.framework.ReflectiveMethodInvocation.proceed(ReflectiveMethodInvocation.java:184)
	at org.springframework.data.projection.DefaultMethodInvokingMethodInterceptor.invoke(DefaultMethodInvokingMethodInterceptor.java:70)
	at org.springframework.aop.framework.ReflectiveMethodInvocation.proceed(ReflectiveMethodInvocation.java:184)
	at org.springframework.transaction.interceptor.TransactionAspectSupport.invokeWithinTransaction(TransactionAspectSupport.java:379)
	at org.springframework.transaction.interceptor.TransactionInterceptor.invoke(TransactionInterceptor.java:119)
	at org.springframework.aop.framework.ReflectiveMethodInvocation.proceed(ReflectiveMethodInvocation.java:184)
	at org.springframework.dao.support.PersistenceExceptionTranslationInterceptor.invoke(PersistenceExceptionTranslationInterceptor.java:138)
	... 193 common frames omitted
Caused by: org.h2.jdbc.JdbcSQLSyntaxErrorException: Column "es1_0.application_ref" not found; SQL statement:
select es1_0.id,es1_0.answers_draft_json,es1_0.browser_fingerprint,es1_0.application_ref,es1_0.created_by,es1_0.created_date,es1_0.exam_ref,es1_0.ip_address,es1_0.last_question_number,es1_0.marked_for_review_json,es1_0.progress_saved_at,es1_0.selected_question_ids_json,es1_0.session_end_time,es1_0.session_start_time,es1_0.session_status,es1_0.session_token,es1_0.updated_by,es1_0.updated_date,es1_0.user_ref,es1_0.violation_count from exam_sessions es1_0 where es1_0.application_ref=? order by es1_0.session_start_time desc,es1_0.id desc fetch first ? rows only [42122-224]
	at org.h2.message.DbException.getJdbcSQLException(DbException.java:514)
	at org.h2.message.DbException.getJdbcSQLException(DbException.java:489)
	at org.h2.message.DbException.get(DbException.java:223)
	at org.h2.message.DbException.get(DbException.java:199)
	at org.h2.expression.ExpressionColumn.getColumnException(ExpressionColumn.java:244)
	at org.h2.expression.ExpressionColumn.optimizeOther(ExpressionColumn.java:226)
	at org.h2.expression.ExpressionColumn.optimize(ExpressionColumn.java:213)
	at org.h2.command.query.Select.optimizeExpressionsAndPreserveAliases(Select.java:1285)
	at org.h2.command.query.Select.prepareExpressions(Select.java:1167)
	at org.h2.command.query.Query.prepare(Query.java:218)
	at org.h2.command.Parser.prepareCommand(Parser.java:489)
	at org.h2.engine.SessionLocal.prepareLocal(SessionLocal.java:639)
	at org.h2.engine.SessionLocal.prepareCommand(SessionLocal.java:559)
	at org.h2.jdbc.JdbcConnection.prepareCommand(JdbcConnection.java:1166)
	at org.h2.jdbc.JdbcPreparedStatement.<init>(JdbcPreparedStatement.java:93)
	at org.h2.jdbc.JdbcConnection.prepareStatement(JdbcConnection.java:316)
	at com.zaxxer.hikari.pool.ProxyConnection.prepareStatement(ProxyConnection.java:328)
	at com.zaxxer.hikari.pool.HikariProxyConnection.prepareStatement(HikariProxyConnection.java)
	at org.hibernate.engine.jdbc.internal.StatementPreparerImpl$5.doPrepare(StatementPreparerImpl.java:153)
	at org.hibernate.engine.jdbc.internal.StatementPreparerImpl$StatementPreparationTemplate.prepareStatement(StatementPreparerImpl.java:183)
	... 228 common frames omitted
2026-08-16 00:44:48.012 [http-nio-8099-exec-9] INFO  c.e.config.RequestAuditLoggingFilter [588603c6-fe5b-427c-9e7a-6f86a1e918b2] - http_request method=GET uri=/api/dashboard/me status=500 durationMs=171 remoteAddr=127.0.0.1
2026-08-16 00:44:56.367 [http-nio-8099-exec-10] WARN  o.h.e.jdbc.spi.SqlExceptionHelper [77ed6e0d-c48d-40a0-b38d-ca2be09e5a33] - SQL Error: 42122, SQLState: 42S22
2026-08-16 00:44:56.367 [http-nio-8099-exec-10] ERROR o.h.e.jdbc.spi.SqlExceptionHelper [77ed6e0d-c48d-40a0-b38d-ca2be09e5a33] - Column "es1_0.application_ref" not found; SQL statement:
select es1_0.id,es1_0.answers_draft_json,es1_0.browser_fingerprint,es1_0.application_ref,es1_0.created_by,es1_0.created_date,es1_0.exam_ref,es1_0.ip_address,es1_0.last_question_number,es1_0.marked_for_review_json,es1_0.progress_saved_at,es1_0.selected_question_ids_json,es1_0.session_end_time,es1_0.session_start_time,es1_0.session_status,es1_0.session_token,es1_0.updated_by,es1_0.updated_date,es1_0.user_ref,es1_0.violation_count from exam_sessions es1_0 where es1_0.application_ref=? order by es1_0.session_start_time desc,es1_0.id desc fetch first ? rows only [42122-224]
2026-08-16 00:44:56.368 [http-nio-8099-exec-10] ERROR c.e.exception.GlobalExceptionHandler [77ed6e0d-c48d-40a0-b38d-ca2be09e5a33] - Unhandled exception
org.springframework.dao.InvalidDataAccessResourceUsageException: could not prepare statement [Column "es1_0.application_ref" not found; SQL statement:
select es1_0.id,es1_0.answers_draft_json,es1_0.browser_fingerprint,es1_0.application_ref,es1_0.created_by,es1_0.created_date,es1_0.exam_ref,es1_0.ip_address,es1_0.last_question_number,es1_0.marked_for_review_json,es1_0.progress_saved_at,es1_0.selected_question_ids_json,es1_0.session_end_time,es1_0.session_start_time,es1_0.session_status,es1_0.session_token,es1_0.updated_by,es1_0.updated_date,es1_0.user_ref,es1_0.violation_count from exam_sessions es1_0 where es1_0.application_ref=? order by es1_0.session_start_time desc,es1_0.id desc fetch first ? rows only [42122-224]] [select es1_0.id,es1_0.answers_draft_json,es1_0.browser_fingerprint,es1_0.application_ref,es1_0.created_by,es1_0.created_date,es1_0.exam_ref,es1_0.ip_address,es1_0.last_question_number,es1_0.marked_for_review_json,es1_0.progress_saved_at,es1_0.selected_question_ids_json,es1_0.session_end_time,es1_0.session_start_time,es1_0.session_status,es1_0.session_token,es1_0.updated_by,es1_0.updated_date,es1_0.user_ref,es1_0.violation_count from exam_sessions es1_0 where es1_0.application_ref=? order by es1_0.session_start_time desc,es1_0.id desc fetch first ? rows only]; SQL [select es1_0.id,es1_0.answers_draft_json,es1_0.browser_fingerprint,es1_0.application_ref,es1_0.created_by,es1_0.created_date,es1_0.exam_ref,es1_0.ip_address,es1_0.last_question_number,es1_0.marked_for_review_json,es1_0.progress_saved_at,es1_0.selected_question_ids_json,es1_0.session_end_time,es1_0.session_start_time,es1_0.session_status,es1_0.session_token,es1_0.updated_by,es1_0.updated_date,es1_0.user_ref,es1_0.violation_count from exam_sessions es1_0 where es1_0.application_ref=? order by es1_0.session_start_time desc,es1_0.id desc fetch first ? rows only]
	at org.springframework.orm.jpa.vendor.HibernateJpaDialect.convertHibernateAccessException(HibernateJpaDialect.java:277)
	at org.springframework.orm.jpa.vendor.HibernateJpaDialect.translateExceptionIfPossible(HibernateJpaDialect.java:241)
	at org.springframework.orm.jpa.AbstractEntityManagerFactoryBean.translateExceptionIfPossible(AbstractEntityManagerFactoryBean.java:550)
	at org.springframework.dao.support.ChainedPersistenceExceptionTranslator.translateExceptionIfPossible(ChainedPersistenceExceptionTranslator.java:61)
	at org.springframework.dao.support.DataAccessUtils.translateIfNecessary(DataAccessUtils.java:335)
	at org.springframework.dao.support.PersistenceExceptionTranslationInterceptor.invoke(PersistenceExceptionTranslationInterceptor.java:160)
	at org.springframework.aop.framework.ReflectiveMethodInvocation.proceed(ReflectiveMethodInvocation.java:184)
	at org.springframework.data.jpa.repository.support.CrudMethodMetadataPostProcessor$CrudMethodMetadataPopulatingMethodInterceptor.invoke(CrudMethodMetadataPostProcessor.java:136)
	at org.springframework.aop.framework.ReflectiveMethodInvocation.proceed(ReflectiveMethodInvocation.java:184)
	at org.springframework.aop.interceptor.ExposeInvocationInterceptor.invoke(ExposeInvocationInterceptor.java:97)
	at org.springframework.aop.framework.ReflectiveMethodInvocation.proceed(ReflectiveMethodInvocation.java:184)
	at org.springframework.aop.framework.JdkDynamicAopProxy.invoke(JdkDynamicAopProxy.java:223)
	at jdk.proxy2/jdk.proxy2.$Proxy199.findTopByCertificationApplicationOrderBySessionStartTimeDescIdDesc(Unknown Source)
	at com.ems.service.impl.DashboardServiceImpl.hasAttemptInProgress(DashboardServiceImpl.java:323)
	at com.ems.service.impl.DashboardServiceImpl.lambda$getCurrentUserDashboard$2(DashboardServiceImpl.java:96)
	at java.base/java.util.stream.ReferencePipeline$3$1.accept(ReferencePipeline.java:197)
	at java.base/java.util.ArrayList$ArrayListSpliterator.forEachRemaining(ArrayList.java:1708)
	at java.base/java.util.stream.AbstractPipeline.copyInto(AbstractPipeline.java:509)
	at java.base/java.util.stream.AbstractPipeline.wrapAndCopyInto(AbstractPipeline.java:499)
	at java.base/java.util.stream.AbstractPipeline.evaluate(AbstractPipeline.java:575)
	at java.base/java.util.stream.AbstractPipeline.evaluateToArrayNode(AbstractPipeline.java:260)
	at java.base/java.util.stream.ReferencePipeline.toArray(ReferencePipeline.java:616)
	at java.base/java.util.stream.ReferencePipeline.toArray(ReferencePipeline.java:622)
	at java.base/java.util.stream.ReferencePipeline.toList(ReferencePipeline.java:627)
	at com.ems.service.impl.DashboardServiceImpl.getCurrentUserDashboard(DashboardServiceImpl.java:97)
	at java.base/jdk.internal.reflect.DirectMethodHandleAccessor.invoke(DirectMethodHandleAccessor.java:103)
	at java.base/java.lang.reflect.Method.invoke(Method.java:580)
	at org.springframework.aop.support.AopUtils.invokeJoinpointUsingReflection(AopUtils.java:355)
	at org.springframework.aop.framework.ReflectiveMethodInvocation.invokeJoinpoint(ReflectiveMethodInvocation.java:196)
	at org.springframework.aop.framework.ReflectiveMethodInvocation.proceed(ReflectiveMethodInvocation.java:163)
	at org.springframework.aop.framework.CglibAopProxy$CglibMethodInvocation.proceed(CglibAopProxy.java:768)
	at org.springframework.transaction.interceptor.TransactionAspectSupport.invokeWithinTransaction(TransactionAspectSupport.java:379)
	at org.springframework.transaction.interceptor.TransactionInterceptor.invoke(TransactionInterceptor.java:119)
	at org.springframework.aop.framework.ReflectiveMethodInvocation.proceed(ReflectiveMethodInvocation.java:184)
	at org.springframework.aop.framework.CglibAopProxy$CglibMethodInvocation.proceed(CglibAopProxy.java:768)
	at org.springframework.cache.interceptor.CacheInterceptor.lambda$invoke$0(CacheInterceptor.java:55)
	at org.springframework.cache.interceptor.CacheAspectSupport.invokeOperation(CacheAspectSupport.java:416)
	at org.springframework.cache.interceptor.CacheAspectSupport.evaluate(CacheAspectSupport.java:551)
	at org.springframework.cache.interceptor.CacheAspectSupport.execute(CacheAspectSupport.java:433)
	at org.springframework.cache.interceptor.CacheAspectSupport.execute(CacheAspectSupport.java:395)
	at org.springframework.cache.interceptor.CacheInterceptor.invoke(CacheInterceptor.java:65)
	at org.springframework.aop.framework.ReflectiveMethodInvocation.proceed(ReflectiveMethodInvocation.java:184)
	at org.springframework.aop.framework.CglibAopProxy$CglibMethodInvocation.proceed(CglibAopProxy.java:768)
	at org.springframework.aop.framework.CglibAopProxy$DynamicAdvisedInterceptor.intercept(CglibAopProxy.java:720)
	at com.ems.service.impl.DashboardServiceImpl$$SpringCGLIB$$0.getCurrentUserDashboard(<generated>)
	at com.ems.controller.DashboardController.getDashboard(DashboardController.java:31)
	at java.base/jdk.internal.reflect.DirectMethodHandleAccessor.invoke(DirectMethodHandleAccessor.java:103)
	at java.base/java.lang.reflect.Method.invoke(Method.java:580)
	at org.springframework.web.method.support.InvocableHandlerMethod.doInvoke(InvocableHandlerMethod.java:255)
	at org.springframework.web.method.support.InvocableHandlerMethod.invokeForRequest(InvocableHandlerMethod.java:188)
	at org.springframework.web.servlet.mvc.method.annotation.ServletInvocableHandlerMethod.invokeAndHandle(ServletInvocableHandlerMethod.java:118)
	at org.springframework.web.servlet.mvc.method.annotation.RequestMappingHandlerAdapter.invokeHandlerMethod(RequestMappingHandlerAdapter.java:926)
	at org.springframework.web.servlet.mvc.method.annotation.RequestMappingHandlerAdapter.handleInternal(RequestMappingHandlerAdapter.java:831)
	at org.springframework.web.servlet.mvc.method.AbstractHandlerMethodAdapter.handle(AbstractHandlerMethodAdapter.java:87)
	at org.springframework.web.servlet.DispatcherServlet.doDispatch(DispatcherServlet.java:1089)
	at org.springframework.web.servlet.DispatcherServlet.doService(DispatcherServlet.java:979)
	at org.springframework.web.servlet.FrameworkServlet.processRequest(FrameworkServlet.java:1014)
	at org.springframework.web.servlet.FrameworkServlet.doGet(FrameworkServlet.java:903)
	at jakarta.servlet.http.HttpServlet.service(HttpServlet.java:564)
	at org.springframework.web.servlet.FrameworkServlet.service(FrameworkServlet.java:885)
	at jakarta.servlet.http.HttpServlet.service(HttpServlet.java:658)
	at org.apache.catalina.core.ApplicationFilterChain.internalDoFilter(ApplicationFilterChain.java:195)
	at org.apache.catalina.core.ApplicationFilterChain.doFilter(ApplicationFilterChain.java:140)
	at org.apache.tomcat.websocket.server.WsFilter.doFilter(WsFilter.java:51)
	at org.apache.catalina.core.ApplicationFilterChain.internalDoFilter(ApplicationFilterChain.java:164)
	at org.apache.catalina.core.ApplicationFilterChain.doFilter(ApplicationFilterChain.java:140)
	at org.springframework.web.filter.OncePerRequestFilter.doFilter(OncePerRequestFilter.java:110)
	at org.apache.catalina.core.ApplicationFilterChain.internalDoFilter(ApplicationFilterChain.java:164)
	at org.apache.catalina.core.ApplicationFilterChain.doFilter(ApplicationFilterChain.java:140)
	at org.springframework.web.filter.OncePerRequestFilter.doFilter(OncePerRequestFilter.java:101)
	at org.apache.catalina.core.ApplicationFilterChain.internalDoFilter(ApplicationFilterChain.java:164)
	at org.apache.catalina.core.ApplicationFilterChain.doFilter(ApplicationFilterChain.java:140)
	at org.springframework.web.filter.CompositeFilter$VirtualFilterChain.doFilter(CompositeFilter.java:108)
	at org.springframework.security.web.FilterChainProxy.lambda$doFilterInternal$3(FilterChainProxy.java:231)
	at org.springframework.security.web.ObservationFilterChainDecorator$FilterObservation$SimpleFilterObservation.lambda$wrap$1(ObservationFilterChainDecorator.java:479)
	at org.springframework.security.web.ObservationFilterChainDecorator$AroundFilterObservation$SimpleAroundFilterObservation.lambda$wrap$1(ObservationFilterChainDecorator.java:340)
	at org.springframework.security.web.ObservationFilterChainDecorator.lambda$wrapSecured$0(ObservationFilterChainDecorator.java:82)
	at org.springframework.security.web.ObservationFilterChainDecorator$VirtualFilterChain.doFilter(ObservationFilterChainDecorator.java:128)
	at org.springframework.security.web.access.intercept.AuthorizationFilter.doFilter(AuthorizationFilter.java:100)
	at org.springframework.security.web.ObservationFilterChainDecorator$ObservationFilter.wrapFilter(ObservationFilterChainDecorator.java:240)
	at org.springframework.security.web.ObservationFilterChainDecorator$ObservationFilter.doFilter(ObservationFilterChainDecorator.java:227)
	at org.springframework.security.web.ObservationFilterChainDecorator$VirtualFilterChain.doFilter(ObservationFilterChainDecorator.java:137)
	at org.springframework.security.web.access.ExceptionTranslationFilter.doFilter(ExceptionTranslationFilter.java:126)
	at org.springframework.security.web.access.ExceptionTranslationFilter.doFilter(ExceptionTranslationFilter.java:120)
	at org.springframework.security.web.ObservationFilterChainDecorator$ObservationFilter.wrapFilter(ObservationFilterChainDecorator.java:240)
	at org.springframework.security.web.ObservationFilterChainDecorator$ObservationFilter.doFilter(ObservationFilterChainDecorator.java:227)
	at org.springframework.security.web.ObservationFilterChainDecorator$VirtualFilterChain.doFilter(ObservationFilterChainDecorator.java:137)
	at org.springframework.security.web.session.SessionManagementFilter.doFilter(SessionManagementFilter.java:131)
	at org.springframework.security.web.session.SessionManagementFilter.doFilter(SessionManagementFilter.java:85)
	at org.springframework.security.web.ObservationFilterChainDecorator$ObservationFilter.wrapFilter(ObservationFilterChainDecorator.java:240)
	at org.springframework.security.web.ObservationFilterChainDecorator$ObservationFilter.doFilter(ObservationFilterChainDecorator.java:227)
	at org.springframework.security.web.ObservationFilterChainDecorator$VirtualFilterChain.doFilter(ObservationFilterChainDecorator.java:137)
	at org.springframework.security.web.authentication.AnonymousAuthenticationFilter.doFilter(AnonymousAuthenticationFilter.java:100)
	at org.springframework.security.web.ObservationFilterChainDecorator$ObservationFilter.wrapFilter(ObservationFilterChainDecorator.java:240)
	at org.springframework.security.web.ObservationFilterChainDecorator$ObservationFilter.doFilter(ObservationFilterChainDecorator.java:227)
	at org.springframework.security.web.ObservationFilterChainDecorator$VirtualFilterChain.doFilter(ObservationFilterChainDecorator.java:137)
	at org.springframework.security.web.servletapi.SecurityContextHolderAwareRequestFilter.doFilter(SecurityContextHolderAwareRequestFilter.java:179)
	at org.springframework.security.web.ObservationFilterChainDecorator$ObservationFilter.wrapFilter(ObservationFilterChainDecorator.java:240)
	at org.springframework.security.web.ObservationFilterChainDecorator$ObservationFilter.doFilter(ObservationFilterChainDecorator.java:227)
	at org.springframework.security.web.ObservationFilterChainDecorator$VirtualFilterChain.doFilter(ObservationFilterChainDecorator.java:137)
	at org.springframework.security.web.savedrequest.RequestCacheAwareFilter.doFilter(RequestCacheAwareFilter.java:63)
	at org.springframework.security.web.ObservationFilterChainDecorator$ObservationFilter.wrapFilter(ObservationFilterChainDecorator.java:240)
	at org.springframework.security.web.ObservationFilterChainDecorator$ObservationFilter.doFilter(ObservationFilterChainDecorator.java:227)
	at org.springframework.security.web.ObservationFilterChainDecorator$VirtualFilterChain.doFilter(ObservationFilterChainDecorator.java:137)
	at com.ems.security.JwtAuthenticationFilter.doFilterInternal(JwtAuthenticationFilter.java:87)
	at org.springframework.web.filter.OncePerRequestFilter.doFilter(OncePerRequestFilter.java:116)
	at org.springframework.security.web.ObservationFilterChainDecorator$ObservationFilter.wrapFilter(ObservationFilterChainDecorator.java:240)
	at org.springframework.security.web.ObservationFilterChainDecorator$ObservationFilter.doFilter(ObservationFilterChainDecorator.java:227)
	at org.springframework.security.web.ObservationFilterChainDecorator$VirtualFilterChain.doFilter(ObservationFilterChainDecorator.java:137)
	at org.springframework.web.filter.OncePerRequestFilter.doFilter(OncePerRequestFilter.java:101)
	at org.springframework.security.web.ObservationFilterChainDecorator$ObservationFilter.wrapFilter(ObservationFilterChainDecorator.java:240)
	at org.springframework.security.web.ObservationFilterChainDecorator$ObservationFilter.doFilter(ObservationFilterChainDecorator.java:227)
	at org.springframework.security.web.ObservationFilterChainDecorator$VirtualFilterChain.doFilter(ObservationFilterChainDecorator.java:137)
	at org.springframework.security.web.authentication.logout.LogoutFilter.doFilter(LogoutFilter.java:107)
	at org.springframework.security.web.authentication.logout.LogoutFilter.doFilter(LogoutFilter.java:93)
	at org.springframework.security.web.ObservationFilterChainDecorator$ObservationFilter.wrapFilter(ObservationFilterChainDecorator.java:240)
	at org.springframework.security.web.ObservationFilterChainDecorator$ObservationFilter.doFilter(ObservationFilterChainDecorator.java:227)
	at org.springframework.security.web.ObservationFilterChainDecorator$VirtualFilterChain.doFilter(ObservationFilterChainDecorator.java:137)
	at org.springframework.web.filter.CorsFilter.doFilterInternal(CorsFilter.java:91)
	at org.springframework.web.filter.OncePerRequestFilter.doFilter(OncePerRequestFilter.java:116)
	at org.springframework.security.web.ObservationFilterChainDecorator$ObservationFilter.wrapFilter(ObservationFilterChainDecorator.java:240)
	at org.springframework.security.web.ObservationFilterChainDecorator$ObservationFilter.doFilter(ObservationFilterChainDecorator.java:227)
	at org.springframework.security.web.ObservationFilterChainDecorator$VirtualFilterChain.doFilter(ObservationFilterChainDecorator.java:137)
	at org.springframework.security.web.header.HeaderWriterFilter.doHeadersAfter(HeaderWriterFilter.java:90)
	at org.springframework.security.web.header.HeaderWriterFilter.doFilterInternal(HeaderWriterFilter.java:75)
	at org.springframework.web.filter.OncePerRequestFilter.doFilter(OncePerRequestFilter.java:116)
	at org.springframework.security.web.ObservationFilterChainDecorator$ObservationFilter.wrapFilter(ObservationFilterChainDecorator.java:240)
	at org.springframework.security.web.ObservationFilterChainDecorator$ObservationFilter.doFilter(ObservationFilterChainDecorator.java:227)
	at org.springframework.security.web.ObservationFilterChainDecorator$VirtualFilterChain.doFilter(ObservationFilterChainDecorator.java:137)
	at org.springframework.security.web.context.SecurityContextHolderFilter.doFilter(SecurityContextHolderFilter.java:82)
	at org.springframework.security.web.context.SecurityContextHolderFilter.doFilter(SecurityContextHolderFilter.java:69)
	at org.springframework.security.web.ObservationFilterChainDecorator$ObservationFilter.wrapFilter(ObservationFilterChainDecorator.java:240)
	at org.springframework.security.web.ObservationFilterChainDecorator$ObservationFilter.doFilter(ObservationFilterChainDecorator.java:227)
	at org.springframework.security.web.ObservationFilterChainDecorator$VirtualFilterChain.doFilter(ObservationFilterChainDecorator.java:137)
	at org.springframework.security.web.context.request.async.WebAsyncManagerIntegrationFilter.doFilterInternal(WebAsyncManagerIntegrationFilter.java:62)
	at org.springframework.web.filter.OncePerRequestFilter.doFilter(OncePerRequestFilter.java:116)
	at org.springframework.security.web.ObservationFilterChainDecorator$ObservationFilter.wrapFilter(ObservationFilterChainDecorator.java:240)
	at org.springframework.security.web.ObservationFilterChainDecorator$ObservationFilter.doFilter(ObservationFilterChainDecorator.java:227)
	at org.springframework.security.web.ObservationFilterChainDecorator$VirtualFilterChain.doFilter(ObservationFilterChainDecorator.java:137)
	at org.springframework.security.web.session.DisableEncodeUrlFilter.doFilterInternal(DisableEncodeUrlFilter.java:42)
	at org.springframework.web.filter.OncePerRequestFilter.doFilter(OncePerRequestFilter.java:116)
	at org.springframework.security.web.ObservationFilterChainDecorator$ObservationFilter.wrapFilter(ObservationFilterChainDecorator.java:240)
	at org.springframework.security.web.ObservationFilterChainDecorator$AroundFilterObservation$SimpleAroundFilterObservation.lambda$wrap$0(ObservationFilterChainDecorator.java:323)
	at org.springframework.security.web.ObservationFilterChainDecorator$ObservationFilter.doFilter(ObservationFilterChainDecorator.java:224)
	at org.springframework.security.web.ObservationFilterChainDecorator$VirtualFilterChain.doFilter(ObservationFilterChainDecorator.java:137)
	at org.springframework.security.web.FilterChainProxy.doFilterInternal(FilterChainProxy.java:233)
	at org.springframework.security.web.FilterChainProxy.doFilter(FilterChainProxy.java:191)
	at org.springframework.web.filter.CompositeFilter$VirtualFilterChain.doFilter(CompositeFilter.java:113)
	at org.springframework.web.servlet.handler.HandlerMappingIntrospector.lambda$createCacheFilter$3(HandlerMappingIntrospector.java:195)
	at org.springframework.web.filter.CompositeFilter$VirtualFilterChain.doFilter(CompositeFilter.java:113)
	at org.springframework.web.filter.CompositeFilter.doFilter(CompositeFilter.java:74)
	at org.springframework.security.config.annotation.web.configuration.WebMvcSecurityConfiguration$CompositeFilterChainProxy.doFilter(WebMvcSecurityConfiguration.java:230)
	at org.springframework.web.filter.DelegatingFilterProxy.invokeDelegate(DelegatingFilterProxy.java:362)
	at org.springframework.web.filter.DelegatingFilterProxy.doFilter(DelegatingFilterProxy.java:278)
	at org.apache.catalina.core.ApplicationFilterChain.internalDoFilter(ApplicationFilterChain.java:164)
	at org.apache.catalina.core.ApplicationFilterChain.doFilter(ApplicationFilterChain.java:140)
	at org.springframework.web.filter.RequestContextFilter.doFilterInternal(RequestContextFilter.java:100)
	at org.springframework.web.filter.OncePerRequestFilter.doFilter(OncePerRequestFilter.java:116)
	at org.apache.catalina.core.ApplicationFilterChain.internalDoFilter(ApplicationFilterChain.java:164)
	at org.apache.catalina.core.ApplicationFilterChain.doFilter(ApplicationFilterChain.java:140)
	at org.springframework.web.filter.FormContentFilter.doFilterInternal(FormContentFilter.java:93)
	at org.springframework.web.filter.OncePerRequestFilter.doFilter(OncePerRequestFilter.java:116)
	at org.apache.catalina.core.ApplicationFilterChain.internalDoFilter(ApplicationFilterChain.java:164)
	at org.apache.catalina.core.ApplicationFilterChain.doFilter(ApplicationFilterChain.java:140)
	at com.ems.config.RequestAuditLoggingFilter.doFilterInternal(RequestAuditLoggingFilter.java:39)
	at org.springframework.web.filter.OncePerRequestFilter.doFilter(OncePerRequestFilter.java:116)
	at org.apache.catalina.core.ApplicationFilterChain.internalDoFilter(ApplicationFilterChain.java:164)
	at org.apache.catalina.core.ApplicationFilterChain.doFilter(ApplicationFilterChain.java:140)
	at org.springframework.web.filter.ServerHttpObservationFilter.doFilterInternal(ServerHttpObservationFilter.java:113)
	at org.springframework.web.filter.OncePerRequestFilter.doFilter(OncePerRequestFilter.java:116)
	at org.apache.catalina.core.ApplicationFilterChain.internalDoFilter(ApplicationFilterChain.java:164)
	at org.apache.catalina.core.ApplicationFilterChain.doFilter(ApplicationFilterChain.java:140)
	at org.springframework.web.filter.CharacterEncodingFilter.doFilterInternal(CharacterEncodingFilter.java:201)
	at org.springframework.web.filter.OncePerRequestFilter.doFilter(OncePerRequestFilter.java:116)
	at org.apache.catalina.core.ApplicationFilterChain.internalDoFilter(ApplicationFilterChain.java:164)
	at org.apache.catalina.core.ApplicationFilterChain.doFilter(ApplicationFilterChain.java:140)
	at com.ems.config.CorrelationIdFilter.doFilterInternal(CorrelationIdFilter.java:36)
	at org.springframework.web.filter.OncePerRequestFilter.doFilter(OncePerRequestFilter.java:116)
	at org.apache.catalina.core.ApplicationFilterChain.internalDoFilter(ApplicationFilterChain.java:164)
	at org.apache.catalina.core.ApplicationFilterChain.doFilter(ApplicationFilterChain.java:140)
	at org.springframework.web.filter.OncePerRequestFilter.doFilter(OncePerRequestFilter.java:101)
	at org.apache.catalina.core.ApplicationFilterChain.internalDoFilter(ApplicationFilterChain.java:164)
	at org.apache.catalina.core.ApplicationFilterChain.doFilter(ApplicationFilterChain.java:140)
	at org.apache.catalina.core.StandardWrapperValve.invoke(StandardWrapperValve.java:167)
	at org.apache.catalina.core.StandardContextValve.invoke(StandardContextValve.java:90)
	at org.apache.catalina.authenticator.AuthenticatorBase.invoke(AuthenticatorBase.java:483)
	at org.apache.catalina.core.StandardHostValve.invoke(StandardHostValve.java:115)
	at org.apache.catalina.valves.ErrorReportValve.invoke(ErrorReportValve.java:93)
	at org.apache.catalina.core.StandardEngineValve.invoke(StandardEngineValve.java:74)
	at org.apache.catalina.connector.CoyoteAdapter.service(CoyoteAdapter.java:344)
	at org.apache.coyote.http11.Http11Processor.service(Http11Processor.java:397)
	at org.apache.coyote.AbstractProcessorLight.process(AbstractProcessorLight.java:63)
	at org.apache.coyote.AbstractProtocol$ConnectionHandler.process(AbstractProtocol.java:905)
	at org.apache.tomcat.util.net.NioEndpoint$SocketProcessor.doRun(NioEndpoint.java:1741)
	at org.apache.tomcat.util.net.SocketProcessorBase.run(SocketProcessorBase.java:52)
	at org.apache.tomcat.util.threads.ThreadPoolExecutor.runWorker(ThreadPoolExecutor.java:1190)
	at org.apache.tomcat.util.threads.ThreadPoolExecutor$Worker.run(ThreadPoolExecutor.java:659)
	at org.apache.tomcat.util.threads.TaskThread$WrappingRunnable.run(TaskThread.java:63)
	at java.base/java.lang.Thread.run(Thread.java:1583)
Caused by: org.hibernate.exception.SQLGrammarException: could not prepare statement [Column "es1_0.application_ref" not found; SQL statement:
select es1_0.id,es1_0.answers_draft_json,es1_0.browser_fingerprint,es1_0.application_ref,es1_0.created_by,es1_0.created_date,es1_0.exam_ref,es1_0.ip_address,es1_0.last_question_number,es1_0.marked_for_review_json,es1_0.progress_saved_at,es1_0.selected_question_ids_json,es1_0.session_end_time,es1_0.session_start_time,es1_0.session_status,es1_0.session_token,es1_0.updated_by,es1_0.updated_date,es1_0.user_ref,es1_0.violation_count from exam_sessions es1_0 where es1_0.application_ref=? order by es1_0.session_start_time desc,es1_0.id desc fetch first ? rows only [42122-224]] [select es1_0.id,es1_0.answers_draft_json,es1_0.browser_fingerprint,es1_0.application_ref,es1_0.created_by,es1_0.created_date,es1_0.exam_ref,es1_0.ip_address,es1_0.last_question_number,es1_0.marked_for_review_json,es1_0.progress_saved_at,es1_0.selected_question_ids_json,es1_0.session_end_time,es1_0.session_start_time,es1_0.session_status,es1_0.session_token,es1_0.updated_by,es1_0.updated_date,es1_0.user_ref,es1_0.violation_count from exam_sessions es1_0 where es1_0.application_ref=? order by es1_0.session_start_time desc,es1_0.id desc fetch first ? rows only]
	at org.hibernate.exception.internal.SQLExceptionTypeDelegate.convert(SQLExceptionTypeDelegate.java:66)
	at org.hibernate.exception.internal.StandardSQLExceptionConverter.convert(StandardSQLExceptionConverter.java:58)
	at org.hibernate.engine.jdbc.spi.SqlExceptionHelper.convert(SqlExceptionHelper.java:108)
	at org.hibernate.engine.jdbc.internal.StatementPreparerImpl$StatementPreparationTemplate.prepareStatement(StatementPreparerImpl.java:194)
	at org.hibernate.engine.jdbc.internal.StatementPreparerImpl.prepareQueryStatement(StatementPreparerImpl.java:155)
	at org.hibernate.sql.exec.spi.JdbcSelectExecutor.lambda$list$0(JdbcSelectExecutor.java:85)
	at org.hibernate.sql.results.jdbc.internal.DeferredResultSetAccess.executeQuery(DeferredResultSetAccess.java:231)
	at org.hibernate.sql.results.jdbc.internal.DeferredResultSetAccess.getResultSet(DeferredResultSetAccess.java:167)
	at org.hibernate.sql.results.jdbc.internal.JdbcValuesResultSetImpl.advanceNext(JdbcValuesResultSetImpl.java:265)
	at org.hibernate.sql.results.jdbc.internal.JdbcValuesResultSetImpl.processNext(JdbcValuesResultSetImpl.java:145)
	at org.hibernate.sql.results.jdbc.internal.AbstractJdbcValues.next(AbstractJdbcValues.java:19)
	at org.hibernate.sql.results.internal.RowProcessingStateStandardImpl.next(RowProcessingStateStandardImpl.java:67)
	at org.hibernate.sql.results.spi.ListResultsConsumer.consume(ListResultsConsumer.java:204)
	at org.hibernate.sql.results.spi.ListResultsConsumer.consume(ListResultsConsumer.java:33)
	at org.hibernate.sql.exec.internal.JdbcSelectExecutorStandardImpl.doExecuteQuery(JdbcSelectExecutorStandardImpl.java:211)
	at org.hibernate.sql.exec.internal.JdbcSelectExecutorStandardImpl.executeQuery(JdbcSelectExecutorStandardImpl.java:83)
	at org.hibernate.sql.exec.spi.JdbcSelectExecutor.list(JdbcSelectExecutor.java:76)
	at org.hibernate.sql.exec.spi.JdbcSelectExecutor.list(JdbcSelectExecutor.java:65)
	at org.hibernate.query.sqm.internal.ConcreteSqmSelectQueryPlan.lambda$new$2(ConcreteSqmSelectQueryPlan.java:139)
	at org.hibernate.query.sqm.internal.ConcreteSqmSelectQueryPlan.withCacheableSqmInterpretation(ConcreteSqmSelectQueryPlan.java:382)
	at org.hibernate.query.sqm.internal.ConcreteSqmSelectQueryPlan.performList(ConcreteSqmSelectQueryPlan.java:302)
	at org.hibernate.query.sqm.internal.QuerySqmImpl.doList(QuerySqmImpl.java:526)
	at org.hibernate.query.spi.AbstractSelectionQuery.list(AbstractSelectionQuery.java:423)
	at org.hibernate.query.spi.AbstractSelectionQuery.getSingleResult(AbstractSelectionQuery.java:555)
	at org.springframework.data.jpa.repository.query.JpaQueryExecution$SingleEntityExecution.doExecute(JpaQueryExecution.java:224)
	at org.springframework.data.jpa.repository.query.JpaQueryExecution.execute(JpaQueryExecution.java:93)
	at org.springframework.data.jpa.repository.query.AbstractJpaQuery.doExecute(AbstractJpaQuery.java:152)
	at org.springframework.data.jpa.repository.query.AbstractJpaQuery.execute(AbstractJpaQuery.java:140)
	at org.springframework.data.repository.core.support.RepositoryMethodInvoker.doInvoke(RepositoryMethodInvoker.java:170)
	at org.springframework.data.repository.core.support.RepositoryMethodInvoker.invoke(RepositoryMethodInvoker.java:158)
	at org.springframework.data.repository.core.support.QueryExecutorMethodInterceptor.doInvoke(QueryExecutorMethodInterceptor.java:169)
	at org.springframework.data.repository.core.support.QueryExecutorMethodInterceptor.invoke(QueryExecutorMethodInterceptor.java:148)
	at org.springframework.aop.framework.ReflectiveMethodInvocation.proceed(ReflectiveMethodInvocation.java:184)
	at org.springframework.data.projection.DefaultMethodInvokingMethodInterceptor.invoke(DefaultMethodInvokingMethodInterceptor.java:70)
	at org.springframework.aop.framework.ReflectiveMethodInvocation.proceed(ReflectiveMethodInvocation.java:184)
	at org.springframework.transaction.interceptor.TransactionAspectSupport.invokeWithinTransaction(TransactionAspectSupport.java:379)
	at org.springframework.transaction.interceptor.TransactionInterceptor.invoke(TransactionInterceptor.java:119)
	at org.springframework.aop.framework.ReflectiveMethodInvocation.proceed(ReflectiveMethodInvocation.java:184)
	at org.springframework.dao.support.PersistenceExceptionTranslationInterceptor.invoke(PersistenceExceptionTranslationInterceptor.java:138)
	... 193 common frames omitted
Caused by: org.h2.jdbc.JdbcSQLSyntaxErrorException: Column "es1_0.application_ref" not found; SQL statement:
select es1_0.id,es1_0.answers_draft_json,es1_0.browser_fingerprint,es1_0.application_ref,es1_0.created_by,es1_0.created_date,es1_0.exam_ref,es1_0.ip_address,es1_0.last_question_number,es1_0.marked_for_review_json,es1_0.progress_saved_at,es1_0.selected_question_ids_json,es1_0.session_end_time,es1_0.session_start_time,es1_0.session_status,es1_0.session_token,es1_0.updated_by,es1_0.updated_date,es1_0.user_ref,es1_0.violation_count from exam_sessions es1_0 where es1_0.application_ref=? order by es1_0.session_start_time desc,es1_0.id desc fetch first ? rows only [42122-224]
	at org.h2.message.DbException.getJdbcSQLException(DbException.java:514)
	at org.h2.message.DbException.getJdbcSQLException(DbException.java:489)
	at org.h2.message.DbException.get(DbException.java:223)
	at org.h2.message.DbException.get(DbException.java:199)
	at org.h2.expression.ExpressionColumn.getColumnException(ExpressionColumn.java:244)
	at org.h2.expression.ExpressionColumn.optimizeOther(ExpressionColumn.java:226)
	at org.h2.expression.ExpressionColumn.optimize(ExpressionColumn.java:213)
	at org.h2.command.query.Select.optimizeExpressionsAndPreserveAliases(Select.java:1285)
	at org.h2.command.query.Select.prepareExpressions(Select.java:1167)
	at org.h2.command.query.Query.prepare(Query.java:218)
	at org.h2.command.Parser.prepareCommand(Parser.java:489)
	at org.h2.engine.SessionLocal.prepareLocal(SessionLocal.java:639)
	at org.h2.engine.SessionLocal.prepareCommand(SessionLocal.java:559)
	at org.h2.jdbc.JdbcConnection.prepareCommand(JdbcConnection.java:1166)
	at org.h2.jdbc.JdbcPreparedStatement.<init>(JdbcPreparedStatement.java:93)
	at org.h2.jdbc.JdbcConnection.prepareStatement(JdbcConnection.java:316)
	at com.zaxxer.hikari.pool.ProxyConnection.prepareStatement(ProxyConnection.java:328)
	at com.zaxxer.hikari.pool.HikariProxyConnection.prepareStatement(HikariProxyConnection.java)
	at org.hibernate.engine.jdbc.internal.StatementPreparerImpl$5.doPrepare(StatementPreparerImpl.java:153)
	at org.hibernate.engine.jdbc.internal.StatementPreparerImpl$StatementPreparationTemplate.prepareStatement(StatementPreparerImpl.java:183)
	... 228 common frames omitted
2026-08-16 00:44:56.378 [http-nio-8099-exec-10] INFO  c.e.config.RequestAuditLoggingFilter [77ed6e0d-c48d-40a0-b38d-ca2be09e5a33] - http_request method=GET uri=/api/dashboard/me status=500 durationMs=103 remoteAddr=127.0.0.1
2026-08-16 00:45:34.806 [SpringApplicationShutdownHook] INFO  o.s.b.w.e.tomcat.GracefulShutdown [] - Commencing graceful shutdown. Waiting for active requests to complete
2026-08-16 00:45:34.870 [tomcat-shutdown] INFO  o.s.b.w.e.tomcat.GracefulShutdown [] - Graceful shutdown complete
2026-08-16 00:45:34.922 [SpringApplicationShutdownHook] INFO  o.s.o.j.LocalContainerEntityManagerFactoryBean [] - Closing JPA EntityManagerFactory for persistence unit 'default'
2026-08-16 00:45:34.930 [SpringApplicationShutdownHook] INFO  com.zaxxer.hikari.HikariDataSource [] - HikariPool-1 - Shutdown initiated...
2026-08-16 00:45:34.949 [SpringApplicationShutdownHook] INFO  com.zaxxer.hikari.HikariDataSource [] - HikariPool-1 - Shutdown completed.
2026-08-16 00:45:46.557 [background-preinit] INFO  o.h.validator.internal.util.Version [] - HV000001: Hibernate Validator 8.0.2.Final
2026-08-16 00:45:46.811 [main] INFO  com.ems.EmsBackendApplication [] - Starting EmsBackendApplication using Java 21.0.12 with PID 26283 (/Users/vignesh/ems/EMS_SERVICES/target/classes started by vignesh in /Users/vignesh/ems/EMS_SERVICES)
2026-08-16 00:45:46.812 [main] DEBUG com.ems.EmsBackendApplication [] - Running with Spring Boot v3.3.7, Spring v6.1.16
2026-08-16 00:45:46.813 [main] INFO  com.ems.EmsBackendApplication [] - The following 1 profile is active: "h2"
2026-08-16 00:45:55.289 [main] INFO  o.s.d.r.c.RepositoryConfigurationDelegate [] - Bootstrapping Spring Data JPA repositories in DEFAULT mode.
2026-08-16 00:45:56.052 [main] INFO  o.s.d.r.c.RepositoryConfigurationDelegate [] - Finished Spring Data repository scanning in 695 ms. Found 17 JPA repository interfaces.
2026-08-16 00:46:03.539 [main] INFO  o.s.b.w.e.tomcat.TomcatWebServer [] - Tomcat initialized with port 8099 (http)
2026-08-16 00:46:03.574 [main] INFO  o.a.coyote.http11.Http11NioProtocol [] - Initializing ProtocolHandler ["http-nio-8099"]
2026-08-16 00:46:03.585 [main] INFO  o.a.catalina.core.StandardService [] - Starting service [Tomcat]
2026-08-16 00:46:03.585 [main] INFO  o.a.catalina.core.StandardEngine [] - Starting Servlet engine: [Apache Tomcat/10.1.34]
2026-08-16 00:46:03.858 [main] INFO  o.a.c.c.C.[Tomcat].[localhost].[/] [] - Initializing Spring embedded WebApplicationContext
2026-08-16 00:46:03.858 [main] INFO  o.s.b.w.s.c.ServletWebServerApplicationContext [] - Root WebApplicationContext: initialization completed in 16835 ms
2026-08-16 00:46:07.118 [main] INFO  com.zaxxer.hikari.HikariDataSource [] - HikariPool-1 - Starting...
2026-08-16 00:46:08.463 [main] INFO  com.zaxxer.hikari.pool.HikariPool [] - HikariPool-1 - Added connection conn0: url=jdbc:h2:file:/private/tmp/claude-501/-Users-vignesh-ems/50578b6d-1cf7-4efd-8f83-0b1c6362db85/scratchpad/verify/data/ems_h2_db user=SA
2026-08-16 00:46:08.470 [main] INFO  com.zaxxer.hikari.HikariDataSource [] - HikariPool-1 - Start completed.
2026-08-16 00:46:09.759 [main] INFO  o.h.jpa.internal.util.LogHelper [] - HHH000204: Processing PersistenceUnitInfo [name: default]
2026-08-16 00:46:10.063 [main] INFO  org.hibernate.Version [] - HHH000412: Hibernate ORM core version 6.5.3.Final
2026-08-16 00:46:10.249 [main] INFO  o.h.c.i.RegionFactoryInitiator [] - HHH000026: Second-level cache disabled
2026-08-16 00:46:11.726 [main] INFO  o.s.o.j.p.SpringPersistenceUnitInfo [] - No LoadTimeWeaver setup: ignoring JPA class transformer
2026-08-16 00:46:12.013 [main] WARN  org.hibernate.orm.deprecation [] - HHH90000025: H2Dialect does not need to be specified explicitly using 'hibernate.dialect' (remove the property setting and it will be selected by default)
2026-08-16 00:46:18.526 [main] INFO  o.h.e.t.j.p.i.JtaPlatformInitiator [] - HHH000489: No JTA platform available (set 'hibernate.transaction.jta.platform' to enable JTA platform integration)
2026-08-16 00:46:18.539 [main] INFO  o.s.o.j.LocalContainerEntityManagerFactoryBean [] - Initialized JPA EntityManagerFactory for persistence unit 'default'
2026-08-16 00:46:19.693 [main] INFO  o.s.d.j.r.query.QueryEnhancerFactory [] - Hibernate is in classpath; If applicable, HQL parser will be used.
2026-08-16 00:46:22.031 [main] DEBUG c.e.security.JwtAuthenticationFilter [] - Filter 'jwtAuthenticationFilter' configured for use
2026-08-16 00:46:22.032 [main] DEBUG com.ems.config.CorrelationIdFilter [] - Filter 'correlationIdFilter' configured for use
2026-08-16 00:46:22.040 [main] DEBUG c.ems.security.AuthRateLimitFilter [] - Filter 'authRateLimitFilter' configured for use
2026-08-16 00:46:22.040 [main] DEBUG c.e.config.RequestAuditLoggingFilter [] - Filter 'requestAuditLoggingFilter' configured for use
2026-08-16 00:46:24.744 [main] INFO  o.s.s.c.a.a.c.InitializeAuthenticationProviderBeanManagerConfigurer$InitializeAuthenticationProviderManagerConfigurer [] - Global AuthenticationManager configured with AuthenticationProvider bean with name authenticationProvider
2026-08-16 00:46:24.748 [main] WARN  o.s.s.c.a.a.c.InitializeUserDetailsBeanManagerConfigurer$InitializeUserDetailsManagerConfigurer [] - Global AuthenticationManager configured with an AuthenticationProvider bean. UserDetailsService beans will not be used for username/password login. Consider removing the AuthenticationProvider bean. Alternatively, consider using the UserDetailsService in a manually instantiated DaoAuthenticationProvider.
2026-08-16 00:46:28.617 [main] INFO  o.s.b.a.e.web.EndpointLinksResolver [] - Exposing 6 endpoints beneath base path '/actuator'
2026-08-16 00:46:31.060 [main] INFO  o.s.b.a.h.H2ConsoleAutoConfiguration [] - H2 console available at '/h2-console'. Database available at 'jdbc:h2:file:/private/tmp/claude-501/-Users-vignesh-ems/50578b6d-1cf7-4efd-8f83-0b1c6362db85/scratchpad/verify/data/ems_h2_db'
2026-08-16 00:46:31.417 [main] INFO  o.a.coyote.http11.Http11NioProtocol [] - Starting ProtocolHandler ["http-nio-8099"]
2026-08-16 00:46:31.561 [main] INFO  o.s.b.w.e.tomcat.TomcatWebServer [] - Tomcat started on port 8099 (http) with context path '/'
2026-08-16 00:46:31.610 [main] INFO  com.ems.EmsBackendApplication [] - Started EmsBackendApplication in 47.239 seconds (process running for 48.728)
2026-08-16 00:46:41.630 [http-nio-8099-exec-1] INFO  o.a.c.c.C.[Tomcat].[localhost].[/] [] - Initializing Spring DispatcherServlet 'dispatcherServlet'
2026-08-16 00:46:41.634 [http-nio-8099-exec-1] INFO  o.s.web.servlet.DispatcherServlet [] - Initializing Servlet 'dispatcherServlet'
2026-08-16 00:46:41.642 [http-nio-8099-exec-1] INFO  o.s.web.servlet.DispatcherServlet [] - Completed initialization in 8 ms
2026-08-16 00:46:42.638 [http-nio-8099-exec-1] INFO  c.e.s.impl.AuthenticationServiceImpl [b4f80be6-c7f5-4c91-a42f-b478b8dba3c4] - Login success for userId=VRUN001, email=verify.run@example.com
2026-08-16 00:46:43.325 [http-nio-8099-exec-1] INFO  c.e.config.RequestAuditLoggingFilter [b4f80be6-c7f5-4c91-a42f-b478b8dba3c4] - http_request method=POST uri=/api/auth/login status=200 durationMs=1629 remoteAddr=127.0.0.1
2026-08-16 00:46:43.967 [http-nio-8099-exec-2] INFO  c.e.config.RequestAuditLoggingFilter [019963c0-01be-4a89-8b1d-7f670947e526] - http_request method=GET uri=/api/dashboard/me status=200 durationMs=534 remoteAddr=127.0.0.1
2026-08-16 00:47:27.261 [http-nio-8099-exec-4] INFO  c.e.s.impl.AuthenticationServiceImpl [53bdc89b-1e60-46c4-b407-76963022b27a] - Login success for userId=VRUN001, email=verify.run@example.com
2026-08-16 00:47:27.282 [http-nio-8099-exec-4] INFO  c.e.config.RequestAuditLoggingFilter [53bdc89b-1e60-46c4-b407-76963022b27a] - http_request method=POST uri=/api/auth/login status=200 durationMs=191 remoteAddr=127.0.0.1
2026-08-16 00:47:27.455 [http-nio-8099-exec-5] INFO  c.e.config.RequestAuditLoggingFilter [d1e76308-e746-47a3-bdd4-854a8b3adf16] - http_request method=GET uri=/api/exam-workflow/options/L1 status=200 durationMs=157 remoteAddr=127.0.0.1
2026-08-16 00:47:27.613 [http-nio-8099-exec-6] INFO  c.e.config.RequestAuditLoggingFilter [e68c6221-8eb6-497c-a085-fcf13d85108b] - http_request method=POST uri=/api/exam-workflow/applications status=200 durationMs=149 remoteAddr=127.0.0.1
2026-08-16 00:47:27.774 [http-nio-8099-exec-7] INFO  c.e.config.RequestAuditLoggingFilter [b87ac3ca-cade-4031-9540-cdad2eb33926] - http_request method=GET uri=/api/dashboard/me status=200 durationMs=150 remoteAddr=127.0.0.1
2026-08-16 00:47:27.899 [http-nio-8099-exec-8] INFO  c.e.service.impl.PaymentServiceImpl [364c2b2f-39e5-44b6-a8f8-297875e3a960] - Payment initiated: transactionId=8736381D59AA4377, provider=RAZORPAY, applicationId=51
2026-08-16 00:47:27.949 [http-nio-8099-exec-8] INFO  c.e.config.RequestAuditLoggingFilter [364c2b2f-39e5-44b6-a8f8-297875e3a960] - http_request method=POST uri=/api/exam-workflow/applications/51/payments/initiate status=200 durationMs=165 remoteAddr=127.0.0.1
2026-08-16 00:47:28.080 [http-nio-8099-exec-9] INFO  c.e.config.RequestAuditLoggingFilter [d8bfacdb-8f3f-4e4c-b1d2-c6b57fb5a007] - http_request method=POST uri=/api/exam-workflow/applications/51/payments/complete status=200 durationMs=120 remoteAddr=127.0.0.1
2026-08-16 00:47:28.228 [http-nio-8099-exec-10] INFO  c.e.config.RequestAuditLoggingFilter [71f0601f-1c92-4a2e-8160-cee3f54b0671] - http_request method=GET uri=/api/dashboard/me status=200 durationMs=137 remoteAddr=127.0.0.1
2026-08-16 00:47:28.344 [http-nio-8099-exec-11] INFO  c.e.config.RequestAuditLoggingFilter [f51ee841-01fa-418a-945d-5a474fe51ba6] - http_request method=POST uri=/api/exam-workflow/applications/51/payments/initiate status=409 durationMs=110 remoteAddr=127.0.0.1
2026-08-16 00:47:28.432 [http-nio-8099-exec-12] INFO  c.e.config.RequestAuditLoggingFilter [243167d7-fc22-4ac4-98f0-0bdf783671e7] - http_request method=POST uri=/api/exam-workflow/applications/51/schedule status=200 durationMs=82 remoteAddr=127.0.0.1
2026-08-16 00:47:28.565 [http-nio-8099-exec-13] INFO  c.e.config.RequestAuditLoggingFilter [9b8c7c67-914b-4440-9242-1b20dc49dd6e] - http_request method=GET uri=/api/dashboard/me status=200 durationMs=124 remoteAddr=127.0.0.1
2026-08-16 00:47:28.647 [http-nio-8099-exec-14] INFO  c.e.config.RequestAuditLoggingFilter [7d96a2d4-77ae-439d-af35-da139d316a83] - http_request method=POST uri=/api/exam-workflow/applications/51/schedule status=200 durationMs=70 remoteAddr=127.0.0.1
2026-08-16 00:47:28.772 [http-nio-8099-exec-15] INFO  c.e.config.RequestAuditLoggingFilter [a4c3ba24-10f2-4f0c-bc3b-8809d9298740] - http_request method=GET uri=/api/dashboard/me status=200 durationMs=114 remoteAddr=127.0.0.1
2026-08-16 00:47:28.934 [http-nio-8099-exec-16] INFO  c.e.s.impl.ExamWorkflowServiceImpl [d42473b1-7fe8-462d-abea-e7c0cbd76957] - Exam started applicationId=51 sessionToken=3792e040-afd8-496a-a36a-4b2df1598832 questionCount=30
2026-08-16 00:47:28.979 [http-nio-8099-exec-16] INFO  c.e.config.RequestAuditLoggingFilter [d42473b1-7fe8-462d-abea-e7c0cbd76957] - http_request method=POST uri=/api/exam-workflow/applications/51/start status=200 durationMs=198 remoteAddr=127.0.0.1
2026-08-16 00:47:29.158 [http-nio-8099-exec-17] INFO  c.e.config.RequestAuditLoggingFilter [942ecc90-7e91-4744-b531-4011ebdc7724] - http_request method=GET uri=/api/dashboard/me status=200 durationMs=161 remoteAddr=127.0.0.1
2026-08-16 00:47:29.421 [http-nio-8099-exec-18] DEBUG c.e.s.impl.ExamWorkflowServiceImpl [d7b54225-8060-46ae-984d-a69e4a7d512b] - Exam progress saved sessionToken=3792e040-afd8-496a-a36a-4b2df1598832 answered=2 marked=1
2026-08-16 00:47:29.456 [http-nio-8099-exec-18] INFO  c.e.config.RequestAuditLoggingFilter [d7b54225-8060-46ae-984d-a69e4a7d512b] - http_request method=POST uri=/api/exam-workflow/sessions/3792e040-afd8-496a-a36a-4b2df1598832/progress status=200 durationMs=291 remoteAddr=127.0.0.1
2026-08-16 00:47:29.529 [http-nio-8099-exec-19] INFO  c.e.s.impl.ExamWorkflowServiceImpl [1e2689b1-a94a-4e26-a666-d3571cf05f81] - Exam resume applicationId=51 sessionToken=3792e040-afd8-496a-a36a-4b2df1598832 questionCount=30 remainingSeconds=3600 answersRestored=2
2026-08-16 00:47:29.547 [http-nio-8099-exec-19] INFO  c.e.config.RequestAuditLoggingFilter [1e2689b1-a94a-4e26-a666-d3571cf05f81] - http_request method=POST uri=/api/exam-workflow/applications/51/start status=200 durationMs=79 remoteAddr=127.0.0.1
2026-08-16 00:47:29.629 [http-nio-8099-exec-20] INFO  c.e.config.RequestAuditLoggingFilter [ee699336-bc1d-4070-a8f3-a550ceb54b41] - http_request method=POST uri=/api/exam-workflow/applications/51/schedule status=400 durationMs=74 remoteAddr=127.0.0.1
2026-08-16 00:47:46.166 [SpringApplicationShutdownHook] INFO  o.s.b.w.e.tomcat.GracefulShutdown [] - Commencing graceful shutdown. Waiting for active requests to complete
2026-08-16 00:47:46.208 [tomcat-shutdown] INFO  o.s.b.w.e.tomcat.GracefulShutdown [] - Graceful shutdown complete
2026-08-16 00:47:46.249 [SpringApplicationShutdownHook] INFO  o.s.o.j.LocalContainerEntityManagerFactoryBean [] - Closing JPA EntityManagerFactory for persistence unit 'default'
2026-08-16 00:47:46.264 [SpringApplicationShutdownHook] INFO  com.zaxxer.hikari.HikariDataSource [] - HikariPool-1 - Shutdown initiated...
2026-08-16 00:47:46.275 [SpringApplicationShutdownHook] INFO  com.zaxxer.hikari.HikariDataSource [] - HikariPool-1 - Shutdown completed.
2026-08-16 00:50:02.748 [background-preinit] INFO  o.h.validator.internal.util.Version [] - HV000001: Hibernate Validator 8.0.2.Final
2026-08-16 00:50:02.938 [main] INFO  c.e.r.ProctoringRepositoryQueryTest [] - Starting ProctoringRepositoryQueryTest using Java 21.0.12 with PID 26475 (started by vignesh in /Users/vignesh/ems/EMS_SERVICES)
2026-08-16 00:50:02.939 [main] DEBUG c.e.r.ProctoringRepositoryQueryTest [] - Running with Spring Boot v3.3.7, Spring v6.1.16
2026-08-16 00:50:02.940 [main] INFO  c.e.r.ProctoringRepositoryQueryTest [] - The following 1 profile is active: "dev"
2026-08-16 00:50:05.852 [main] INFO  o.s.d.r.c.RepositoryConfigurationDelegate [] - Bootstrapping Spring Data JPA repositories in DEFAULT mode.
2026-08-16 00:50:06.421 [main] INFO  o.s.d.r.c.RepositoryConfigurationDelegate [] - Finished Spring Data repository scanning in 541 ms. Found 17 JPA repository interfaces.
2026-08-16 00:50:06.647 [main] INFO  o.s.b.t.a.j.TestDatabaseAutoConfiguration$EmbeddedDataSourceBeanFactoryPostProcessor [] - Replacing 'dataSource' DataSource bean with embedded version
2026-08-16 00:50:07.240 [main] INFO  o.s.j.d.e.EmbeddedDatabaseFactory [] - Starting embedded database: url='jdbc:h2:mem:609973dd-01d3-4ae7-be1c-6142d29408b5;DB_CLOSE_DELAY=-1;DB_CLOSE_ON_EXIT=false', username='sa'
2026-08-16 00:50:08.262 [main] INFO  o.h.jpa.internal.util.LogHelper [] - HHH000204: Processing PersistenceUnitInfo [name: default]
2026-08-16 00:50:08.526 [main] INFO  org.hibernate.Version [] - HHH000412: Hibernate ORM core version 6.5.3.Final
2026-08-16 00:50:08.657 [main] INFO  o.h.c.i.RegionFactoryInitiator [] - HHH000026: Second-level cache disabled
2026-08-16 00:50:10.053 [main] INFO  o.s.o.j.p.SpringPersistenceUnitInfo [] - No LoadTimeWeaver setup: ignoring JPA class transformer
2026-08-16 00:50:10.271 [main] WARN  org.hibernate.orm.deprecation [] - HHH90000025: H2Dialect does not need to be specified explicitly using 'hibernate.dialect' (remove the property setting and it will be selected by default)
2026-08-16 00:50:17.893 [main] INFO  o.h.e.t.j.p.i.JtaPlatformInitiator [] - HHH000489: No JTA platform available (set 'hibernate.transaction.jta.platform' to enable JTA platform integration)
2026-08-16 00:50:18.350 [main] INFO  o.s.o.j.LocalContainerEntityManagerFactoryBean [] - Initialized JPA EntityManagerFactory for persistence unit 'default'
2026-08-16 00:50:20.458 [main] INFO  o.s.d.j.r.query.QueryEnhancerFactory [] - Hibernate is in classpath; If applicable, HQL parser will be used.
2026-08-16 00:50:27.245 [main] INFO  c.e.r.ProctoringRepositoryQueryTest [] - Started ProctoringRepositoryQueryTest in 26.263 seconds (process running for 30.851)
2026-08-16 00:50:34.078 [main] INFO  c.e.s.impl.ProctoringServiceImpl [] - Proctoring violation recorded: sessionId=301, violationType=WEBCAM_OFF, level=1, action=WARNING
2026-08-16 00:50:34.147 [main] INFO  c.e.s.impl.ExamInvalidationHandler [] - Certification application marked TERMINATED after proctoring invalidation: sessionId=300 applicationId=400
2026-08-16 00:50:34.152 [main] INFO  c.e.s.impl.ProctoringServiceImpl [] - Proctoring violation recorded: sessionId=300, violationType=TAB_SWITCH, level=3, action=EXAM_TERMINATED
2026-08-16 00:50:38.211 [main] WARN  c.e.s.impl.CertificateServiceImpl [] - Stored certificate file unusable or outdated, regenerating: certificateNumber=CERT-2026-L2-0A015D6F, path=/var/folders/gq/2kfys2fs5gl308m8p26jsn_c0000gn/T/junit9324887078611960833/CERT-2026-L2-0A015D6F.pdf
2026-08-16 00:50:38.869 [main] WARN  c.e.s.impl.CertificateServiceImpl [] - Stored certificate file unusable or outdated, regenerating: certificateNumber=CERT-2026-L2-0A015D6F, path=/var/folders/gq/2kfys2fs5gl308m8p26jsn_c0000gn/T/junit14873950213140458378/CERT-2026-L2-0A015D6F.pdf
2026-08-16 00:50:39.113 [main] WARN  c.e.s.impl.CertificateServiceImpl [] - Stored certificate file unusable or outdated, regenerating: certificateNumber=CERT-2026-L2-0A015D6F, path=/var/folders/gq/2kfys2fs5gl308m8p26jsn_c0000gn/T/junit6762271623029186590/CERT-2026-L2-0A015D6F.pdf
2026-08-16 00:50:39.256 [main] WARN  c.e.s.impl.CertificateServiceImpl [] - Stored certificate file unusable or outdated, regenerating: certificateNumber=CERT-2026-L2-0A015D6F, path=/var/folders/gq/2kfys2fs5gl308m8p26jsn_c0000gn/T/junit12859897853337944457/CERT-2026-L2-0A015D6F.pdf
2026-08-16 00:50:40.675 [main] WARN  c.e.s.i.PdfBoxCertificatePdfGeneratorService [] - Candidate name truncated on certificate: originalLength=210
2026-08-16 00:50:42.097 [main] INFO  c.e.s.impl.ExamWorkflowServiceImpl [] - Exam resume applicationId=30 sessionToken=c39f0c71-5b5f-4ff6-bb29-94089579a2fb questionCount=2 remainingSeconds=2700 answersRestored=2
2026-08-16 00:50:42.140 [main] INFO  c.e.s.impl.ExamWorkflowServiceImpl [] - Exam resume applicationId=30 sessionToken=4298218c-9eb5-48ac-aab0-84d9b3936c36 questionCount=1 remainingSeconds=3540 answersRestored=0
2026-08-16 00:50:42.196 [main] DEBUG c.e.s.impl.ExamWorkflowServiceImpl [] - Exam progress saved sessionToken=858ab131-6c6e-44b9-92af-2bbda68066bf answered=0 marked=0
2026-08-16 00:50:42.257 [main] INFO  c.e.s.impl.ExamWorkflowServiceImpl [] - Exam resume applicationId=30 sessionToken=6952100b-aa37-4d50-a8c4-194988fcc723 questionCount=1 remainingSeconds=2700 answersRestored=0
2026-08-16 00:50:42.297 [main] DEBUG c.e.s.impl.ExamWorkflowServiceImpl [] - Exam progress saved sessionToken=27807af5-57dc-4c0f-b499-0e9be2b830bb answered=1 marked=1
2026-08-16 00:50:42.557 [main] INFO  c.e.s.impl.ViolationStrikeRecorder [] - AI proctoring violation recorded: sessionId=300 type=SOUND_DETECTED strike=1/3 action=FLAGGED_FOR_REVIEW evidence=false
2026-08-16 00:50:42.571 [main] WARN  c.e.s.impl.ExamInvalidationHandler [] - No certification application found to mark as terminated after exam invalidation: sessionId=300 examCode=EX-L1
2026-08-16 00:50:42.572 [main] INFO  c.e.s.impl.ViolationStrikeRecorder [] - AI proctoring violation recorded: sessionId=300 type=MULTIPLE_FACES strike=3/3 action=EXAM_TERMINATED evidence=false
2026-08-16 00:50:42.591 [main] WARN  c.e.s.impl.ViolationStrikeRecorder [] - Discarding malformed evidence frame for sessionId=300: Illegal base64 character 21
2026-08-16 00:50:42.592 [main] INFO  c.e.s.impl.ViolationStrikeRecorder [] - AI proctoring violation recorded: sessionId=300 type=PHONE_DETECTED strike=1/3 action=WARNING evidence=false
2026-08-16 00:50:42.628 [main] DEBUG c.e.s.impl.ViolationStrikeRecorder [] - Ignoring violation for non-active session: sessionId=300 status=INVALIDATED type=PHONE_DETECTED
2026-08-16 00:50:42.687 [main] INFO  c.e.s.impl.ViolationStrikeRecorder [] - AI proctoring violation recorded: sessionId=300 type=PHONE_DETECTED strike=1/3 action=WARNING evidence=true
2026-08-16 00:50:42.706 [main] WARN  c.e.s.impl.ViolationStrikeRecorder [] - Rejected proctoring violation: studentId mismatch. caller=candidate@example.com claimed=EMS-9999 owner=EMS-0007 sessionId=300
2026-08-16 00:50:42.720 [main] INFO  c.e.s.impl.ViolationStrikeRecorder [] - AI proctoring violation recorded: sessionId=300 type=PHONE_DETECTED strike=1/3 action=WARNING evidence=false
2026-08-16 00:50:42.731 [main] INFO  c.e.s.impl.ExamInvalidationHandler [] - Certification application marked TERMINATED after proctoring invalidation: sessionId=300 applicationId=400
2026-08-16 00:50:42.742 [main] INFO  c.e.s.impl.ViolationStrikeRecorder [] - AI proctoring violation recorded: sessionId=300 type=PHONE_DETECTED strike=3/3 action=EXAM_TERMINATED evidence=false
2026-08-16 00:50:42.758 [main] INFO  c.e.s.impl.ViolationStrikeRecorder [] - AI proctoring violation recorded: sessionId=300 type=PROCTOR_SETUP_INVALID strike=2/3 action=FLAGGED_FOR_REVIEW evidence=false
2026-08-16 00:50:42.769 [main] INFO  c.e.s.impl.ViolationStrikeRecorder [] - AI proctoring violation recorded: sessionId=300 type=EYES_OFF_SCREEN strike=0/3 action=FLAGGED_FOR_REVIEW evidence=true
2026-08-16 00:50:42.818 [main] INFO  c.e.s.impl.ViolationStrikeRecorder [] - AI proctoring violation recorded: sessionId=300 type=VOICE_DETECTED strike=1/3 action=WARNING evidence=false
2026-08-16 00:50:42.829 [main] INFO  c.e.s.impl.ViolationStrikeRecorder [] - AI proctoring violation recorded: sessionId=300 type=SOUND_DETECTED strike=2/3 action=FLAGGED_FOR_REVIEW evidence=false
2026-08-16 00:50:42.843 [main] INFO  c.e.s.impl.ViolationStrikeRecorder [] - AI proctoring violation recorded: sessionId=300 type=EYES_OFF_SCREEN strike=1/3 action=FLAGGED_FOR_REVIEW evidence=false
2026-08-16 00:50:42.940 [SpringApplicationShutdownHook] INFO  o.s.o.j.LocalContainerEntityManagerFactoryBean [] - Closing JPA EntityManagerFactory for persistence unit 'default'
2026-08-16 02:21:21.127 [HikariPool-1 housekeeper] WARN  com.zaxxer.hikari.pool.HikariPool [] - HikariPool-1 - Thread starvation or clock leap detected (housekeeper delta=1h18m51s835ms).
2026-08-16 04:13:38.601 [HikariPool-1 housekeeper] WARN  com.zaxxer.hikari.pool.HikariPool [] - HikariPool-1 - Thread starvation or clock leap detected (housekeeper delta=1h30m46s886ms).
2026-08-16 05:43:03.358 [HikariPool-1 housekeeper] WARN  com.zaxxer.hikari.pool.HikariPool [] - HikariPool-1 - Thread starvation or clock leap detected (housekeeper delta=1h29m24s743ms).
2026-08-16 06:07:09.877 [HikariPool-1 housekeeper] WARN  com.zaxxer.hikari.pool.HikariPool [] - HikariPool-1 - Thread starvation or clock leap detected (housekeeper delta=24m6s526ms).
2026-08-16 06:22:14.585 [background-preinit] INFO  o.h.validator.internal.util.Version [] - HV000001: Hibernate Validator 8.0.2.Final
2026-08-16 06:22:14.697 [main] INFO  c.e.r.ProctoringRepositoryQueryTest [] - Starting ProctoringRepositoryQueryTest using Java 21.0.12 with PID 27784 (started by vignesh in /Users/vignesh/ems/EMS_SERVICES)
2026-08-16 06:22:14.698 [main] DEBUG c.e.r.ProctoringRepositoryQueryTest [] - Running with Spring Boot v3.3.7, Spring v6.1.16
2026-08-16 06:22:14.699 [main] INFO  c.e.r.ProctoringRepositoryQueryTest [] - The following 1 profile is active: "dev"
2026-08-16 06:22:16.104 [main] INFO  o.s.d.r.c.RepositoryConfigurationDelegate [] - Bootstrapping Spring Data JPA repositories in DEFAULT mode.
2026-08-16 06:22:16.325 [main] INFO  o.s.d.r.c.RepositoryConfigurationDelegate [] - Finished Spring Data repository scanning in 206 ms. Found 17 JPA repository interfaces.
2026-08-16 06:22:16.437 [main] INFO  o.s.b.t.a.j.TestDatabaseAutoConfiguration$EmbeddedDataSourceBeanFactoryPostProcessor [] - Replacing 'dataSource' DataSource bean with embedded version
2026-08-16 06:22:16.768 [main] INFO  o.s.j.d.e.EmbeddedDatabaseFactory [] - Starting embedded database: url='jdbc:h2:mem:b7fc5830-d68d-4acf-a6da-a87846612386;DB_CLOSE_DELAY=-1;DB_CLOSE_ON_EXIT=false', username='sa'
2026-08-16 06:22:17.452 [main] INFO  o.h.jpa.internal.util.LogHelper [] - HHH000204: Processing PersistenceUnitInfo [name: default]
2026-08-16 06:22:17.653 [main] INFO  org.hibernate.Version [] - HHH000412: Hibernate ORM core version 6.5.3.Final
2026-08-16 06:22:17.783 [main] INFO  o.h.c.i.RegionFactoryInitiator [] - HHH000026: Second-level cache disabled
2026-08-16 06:22:18.486 [main] INFO  o.s.o.j.p.SpringPersistenceUnitInfo [] - No LoadTimeWeaver setup: ignoring JPA class transformer
2026-08-16 06:22:18.614 [main] WARN  org.hibernate.orm.deprecation [] - HHH90000025: H2Dialect does not need to be specified explicitly using 'hibernate.dialect' (remove the property setting and it will be selected by default)
2026-08-16 06:22:21.376 [main] INFO  o.h.e.t.j.p.i.JtaPlatformInitiator [] - HHH000489: No JTA platform available (set 'hibernate.transaction.jta.platform' to enable JTA platform integration)
2026-08-16 06:22:21.575 [main] INFO  o.s.o.j.LocalContainerEntityManagerFactoryBean [] - Initialized JPA EntityManagerFactory for persistence unit 'default'
2026-08-16 06:22:22.406 [main] INFO  o.s.d.j.r.query.QueryEnhancerFactory [] - Hibernate is in classpath; If applicable, HQL parser will be used.
2026-08-16 06:22:24.627 [main] INFO  c.e.r.ProctoringRepositoryQueryTest [] - Started ProctoringRepositoryQueryTest in 11.121 seconds (process running for 13.445)
2026-08-16 06:22:27.829 [main] INFO  c.e.s.impl.ProctoringServiceImpl [] - Proctoring violation recorded: sessionId=301, violationType=WEBCAM_OFF, level=1, action=WARNING
2026-08-16 06:22:27.865 [main] INFO  c.e.s.impl.ExamInvalidationHandler [] - Certification application marked TERMINATED after proctoring invalidation: sessionId=300 applicationId=400
2026-08-16 06:22:27.866 [main] INFO  c.e.s.impl.ProctoringServiceImpl [] - Proctoring violation recorded: sessionId=300, violationType=TAB_SWITCH, level=3, action=EXAM_TERMINATED
2026-08-16 06:22:29.589 [main] WARN  c.e.s.impl.CertificateServiceImpl [] - Stored certificate file unusable or outdated, regenerating: certificateNumber=CERT-2026-L2-0A015D6F, path=/var/folders/gq/2kfys2fs5gl308m8p26jsn_c0000gn/T/junit4822413186552943317/CERT-2026-L2-0A015D6F.pdf
2026-08-16 06:22:29.999 [main] WARN  c.e.s.impl.CertificateServiceImpl [] - Stored certificate file unusable or outdated, regenerating: certificateNumber=CERT-2026-L2-0A015D6F, path=/var/folders/gq/2kfys2fs5gl308m8p26jsn_c0000gn/T/junit10635833447786612453/CERT-2026-L2-0A015D6F.pdf
2026-08-16 06:22:30.096 [main] WARN  c.e.s.impl.CertificateServiceImpl [] - Stored certificate file unusable or outdated, regenerating: certificateNumber=CERT-2026-L2-0A015D6F, path=/var/folders/gq/2kfys2fs5gl308m8p26jsn_c0000gn/T/junit2301501524401773889/CERT-2026-L2-0A015D6F.pdf
2026-08-16 06:22:30.170 [main] WARN  c.e.s.impl.CertificateServiceImpl [] - Stored certificate file unusable or outdated, regenerating: certificateNumber=CERT-2026-L2-0A015D6F, path=/var/folders/gq/2kfys2fs5gl308m8p26jsn_c0000gn/T/junit10426111347213279537/CERT-2026-L2-0A015D6F.pdf
2026-08-16 06:22:30.677 [main] WARN  c.e.s.i.PdfBoxCertificatePdfGeneratorService [] - Candidate name truncated on certificate: originalLength=210
2026-08-16 06:22:31.331 [main] INFO  c.e.s.impl.ExamWorkflowServiceImpl [] - Exam resume applicationId=30 sessionToken=0c28d745-9dff-40ae-94e9-c3720adbb8a2 questionCount=2 remainingSeconds=2700 answersRestored=2
2026-08-16 06:22:31.351 [main] INFO  c.e.s.impl.ExamWorkflowServiceImpl [] - Exam resume applicationId=30 sessionToken=7199c135-5af0-42e0-9afe-623c7abf177d questionCount=1 remainingSeconds=3540 answersRestored=0
2026-08-16 06:22:31.377 [main] INFO  c.e.s.impl.ExamWorkflowServiceImpl [] - Exam started applicationId=30 sessionToken=3824cdad-f8d7-4f0d-8d20-4121673d3e6f questionCount=30
2026-08-16 06:22:31.393 [main] DEBUG c.e.s.impl.ExamWorkflowServiceImpl [] - Exam progress saved sessionToken=2e579f14-354b-464d-a32d-214011973fa7 answered=0 marked=0
2026-08-16 06:22:31.401 [main] INFO  c.e.s.impl.ExamWorkflowServiceImpl [] - Exam resume applicationId=30 sessionToken=7d00a987-700d-4516-b2b4-048cb148272f questionCount=1 remainingSeconds=3000 answersRestored=0
2026-08-16 06:22:31.447 [main] INFO  c.e.s.impl.ExamWorkflowServiceImpl [] - Exam resume applicationId=30 sessionToken=5f4ddcc6-0052-4bd4-a4c5-f43b60198218 questionCount=1 remainingSeconds=2700 answersRestored=0
2026-08-16 06:22:31.466 [main] DEBUG c.e.s.impl.ExamWorkflowServiceImpl [] - Exam progress saved sessionToken=7009d64b-059d-44f9-8291-0a17c77ed268 answered=1 marked=1
2026-08-16 06:22:31.556 [main] INFO  c.e.s.impl.ViolationStrikeRecorder [] - AI proctoring violation recorded: sessionId=300 type=SOUND_DETECTED strike=1/3 action=FLAGGED_FOR_REVIEW evidence=false
2026-08-16 06:22:31.563 [main] WARN  c.e.s.impl.ExamInvalidationHandler [] - No certification application found to mark as terminated after exam invalidation: sessionId=300 examCode=EX-L1
2026-08-16 06:22:31.563 [main] INFO  c.e.s.impl.ViolationStrikeRecorder [] - AI proctoring violation recorded: sessionId=300 type=MULTIPLE_FACES strike=3/3 action=EXAM_TERMINATED evidence=false
2026-08-16 06:22:31.570 [main] WARN  c.e.s.impl.ViolationStrikeRecorder [] - Discarding malformed evidence frame for sessionId=300: Illegal base64 character 21
2026-08-16 06:22:31.571 [main] INFO  c.e.s.impl.ViolationStrikeRecorder [] - AI proctoring violation recorded: sessionId=300 type=PHONE_DETECTED strike=1/3 action=WARNING evidence=false
2026-08-16 06:22:31.577 [main] DEBUG c.e.s.impl.ViolationStrikeRecorder [] - Ignoring violation for non-active session: sessionId=300 status=INVALIDATED type=PHONE_DETECTED
2026-08-16 06:22:31.585 [main] INFO  c.e.s.impl.ViolationStrikeRecorder [] - AI proctoring violation recorded: sessionId=300 type=PHONE_DETECTED strike=1/3 action=WARNING evidence=true
2026-08-16 06:22:31.591 [main] WARN  c.e.s.impl.ViolationStrikeRecorder [] - Rejected proctoring violation: studentId mismatch. caller=candidate@example.com claimed=EMS-9999 owner=EMS-0007 sessionId=300
2026-08-16 06:22:31.597 [main] INFO  c.e.s.impl.ViolationStrikeRecorder [] - AI proctoring violation recorded: sessionId=300 type=PHONE_DETECTED strike=1/3 action=WARNING evidence=false
2026-08-16 06:22:31.606 [main] INFO  c.e.s.impl.ExamInvalidationHandler [] - Certification application marked TERMINATED after proctoring invalidation: sessionId=300 applicationId=400
2026-08-16 06:22:31.606 [main] INFO  c.e.s.impl.ViolationStrikeRecorder [] - AI proctoring violation recorded: sessionId=300 type=PHONE_DETECTED strike=3/3 action=EXAM_TERMINATED evidence=false
2026-08-16 06:22:31.611 [main] INFO  c.e.s.impl.ViolationStrikeRecorder [] - AI proctoring violation recorded: sessionId=300 type=PROCTOR_SETUP_INVALID strike=2/3 action=FLAGGED_FOR_REVIEW evidence=false
2026-08-16 06:22:31.617 [main] INFO  c.e.s.impl.ViolationStrikeRecorder [] - AI proctoring violation recorded: sessionId=300 type=EYES_OFF_SCREEN strike=0/3 action=FLAGGED_FOR_REVIEW evidence=true
2026-08-16 06:22:31.623 [main] INFO  c.e.s.impl.ViolationStrikeRecorder [] - AI proctoring violation recorded: sessionId=300 type=VOICE_DETECTED strike=1/3 action=WARNING evidence=false
2026-08-16 06:22:31.628 [main] INFO  c.e.s.impl.ViolationStrikeRecorder [] - AI proctoring violation recorded: sessionId=300 type=SOUND_DETECTED strike=2/3 action=FLAGGED_FOR_REVIEW evidence=false
2026-08-16 06:22:31.636 [main] INFO  c.e.s.impl.ViolationStrikeRecorder [] - AI proctoring violation recorded: sessionId=300 type=EYES_OFF_SCREEN strike=1/3 action=FLAGGED_FOR_REVIEW evidence=false
2026-08-16 06:22:31.671 [SpringApplicationShutdownHook] INFO  o.s.o.j.LocalContainerEntityManagerFactoryBean [] - Closing JPA EntityManagerFactory for persistence unit 'default'
2026-08-16 13:11:02.130 [HikariPool-1 housekeeper] WARN  com.zaxxer.hikari.pool.HikariPool [] - HikariPool-1 - Thread starvation or clock leap detected (housekeeper delta=11m16s54ms).
2026-08-16 13:49:29.948 [HikariPool-1 housekeeper] WARN  com.zaxxer.hikari.pool.HikariPool [] - HikariPool-1 - Thread starvation or clock leap detected (housekeeper delta=20m27s546ms).
2026-08-16 13:50:02.349 [http-nio-8080-exec-6] INFO  c.e.config.RequestAuditLoggingFilter [d5ab30ba-16d7-4a39-b0ce-fa951d39cf0c] - http_request method=OPTIONS uri=/api/auth/login status=200 durationMs=31 remoteAddr=0:0:0:0:0:0:0:1
2026-08-16 13:50:02.594 [http-nio-8080-exec-7] WARN  com.zaxxer.hikari.pool.PoolBase [2b5bf7af-315b-4789-8c54-b395ed6f276e] - HikariPool-1 - Failed to validate connection org.postgresql.jdbc.PgConnection@6bfd08ae (This connection has been closed.). Possibly consider using a shorter maxLifetime value.
2026-08-16 13:50:02.601 [http-nio-8080-exec-7] WARN  com.zaxxer.hikari.pool.PoolBase [2b5bf7af-315b-4789-8c54-b395ed6f276e] - HikariPool-1 - Failed to validate connection org.postgresql.jdbc.PgConnection@69c9a37 (This connection has been closed.). Possibly consider using a shorter maxLifetime value.
2026-08-16 13:50:02.603 [http-nio-8080-exec-7] WARN  com.zaxxer.hikari.pool.PoolBase [2b5bf7af-315b-4789-8c54-b395ed6f276e] - HikariPool-1 - Failed to validate connection org.postgresql.jdbc.PgConnection@6f48b304 (This connection has been closed.). Possibly consider using a shorter maxLifetime value.
2026-08-16 13:50:02.607 [http-nio-8080-exec-7] WARN  com.zaxxer.hikari.pool.PoolBase [2b5bf7af-315b-4789-8c54-b395ed6f276e] - HikariPool-1 - Failed to validate connection org.postgresql.jdbc.PgConnection@6c736e3b (This connection has been closed.). Possibly consider using a shorter maxLifetime value.
2026-08-16 13:50:02.612 [http-nio-8080-exec-7] WARN  com.zaxxer.hikari.pool.PoolBase [2b5bf7af-315b-4789-8c54-b395ed6f276e] - HikariPool-1 - Failed to validate connection org.postgresql.jdbc.PgConnection@7560ae8e (This connection has been closed.). Possibly consider using a shorter maxLifetime value.
2026-08-16 13:50:04.459 [http-nio-8080-exec-7] INFO  c.e.s.impl.AuthenticationServiceImpl [2b5bf7af-315b-4789-8c54-b395ed6f276e] - Login success for userId=Aaru@123, email=aaru@gmail.com
2026-08-16 13:50:04.665 [http-nio-8080-exec-7] INFO  c.e.config.RequestAuditLoggingFilter [2b5bf7af-315b-4789-8c54-b395ed6f276e] - http_request method=POST uri=/api/auth/login status=200 durationMs=2298 remoteAddr=0:0:0:0:0:0:0:1
2026-08-16 13:50:05.350 [http-nio-8080-exec-4] INFO  c.e.config.RequestAuditLoggingFilter [41326f5b-404e-4deb-8edb-c912d9f546d1] - http_request method=OPTIONS uri=/api/dashboard/me status=200 durationMs=4 remoteAddr=0:0:0:0:0:0:0:1
2026-08-16 13:50:05.354 [http-nio-8080-exec-8] INFO  c.e.config.RequestAuditLoggingFilter [0d89885b-da66-430e-8cdc-ef588174f55e] - http_request method=OPTIONS uri=/api/dashboard/me status=200 durationMs=3 remoteAddr=0:0:0:0:0:0:0:1
2026-08-16 13:50:07.661 [http-nio-8080-exec-10] INFO  c.e.config.RequestAuditLoggingFilter [791a5179-95ef-4fa9-b7b7-29e664cd0841] - http_request method=GET uri=/api/dashboard/me status=200 durationMs=2303 remoteAddr=0:0:0:0:0:0:0:1
2026-08-16 13:50:07.661 [http-nio-8080-exec-13] INFO  c.e.config.RequestAuditLoggingFilter [f9acf70d-63ab-45bd-afdf-ffbe592d360a] - http_request method=GET uri=/api/dashboard/me status=200 durationMs=2303 remoteAddr=0:0:0:0:0:0:0:1
2026-08-16 13:51:13.632 [http-nio-8080-exec-11] INFO  c.e.config.RequestAuditLoggingFilter [ab839fa1-a7f8-4ff0-977c-16a3791b4332] - http_request method=OPTIONS uri=/api/dashboard/me status=200 durationMs=6 remoteAddr=0:0:0:0:0:0:0:1
2026-08-16 13:51:13.634 [http-nio-8080-exec-16] INFO  c.e.config.RequestAuditLoggingFilter [f24770f8-41a2-4c57-ac67-4f36f2d8ea19] - http_request method=OPTIONS uri=/api/dashboard/me status=200 durationMs=3 remoteAddr=0:0:0:0:0:0:0:1
2026-08-16 13:51:13.807 [http-nio-8080-exec-15] INFO  c.e.config.RequestAuditLoggingFilter [6d3c70a6-f207-47c2-a3b5-3df74e679b24] - http_request method=GET uri=/api/dashboard/me status=200 durationMs=160 remoteAddr=0:0:0:0:0:0:0:1
2026-08-16 13:51:13.861 [http-nio-8080-exec-14] INFO  c.e.config.RequestAuditLoggingFilter [806edfc4-3e40-415b-98b7-764eed20fdd5] - http_request method=GET uri=/api/dashboard/me status=200 durationMs=215 remoteAddr=0:0:0:0:0:0:0:1
2026-08-16 13:52:28.515 [http-nio-8080-exec-19] INFO  c.e.config.RequestAuditLoggingFilter [e111b9fd-eef1-41a6-97f7-75221a738568] - http_request method=OPTIONS uri=/api/exam-workflow/applications/39/schedule status=200 durationMs=66 remoteAddr=0:0:0:0:0:0:0:1
2026-08-16 13:52:29.125 [http-nio-8080-exec-2] INFO  c.e.config.RequestAuditLoggingFilter [8f9a6f31-9ee0-4722-81c4-ee701337ce4d] - http_request method=POST uri=/api/exam-workflow/applications/39/schedule status=200 durationMs=603 remoteAddr=0:0:0:0:0:0:0:1
2026-08-16 13:53:36.217 [http-nio-8080-exec-17] INFO  c.e.config.RequestAuditLoggingFilter [317bcde2-dcf6-4bbf-990a-cce451d6f7c6] - http_request method=OPTIONS uri=/api/dashboard/me status=200 durationMs=2 remoteAddr=0:0:0:0:0:0:0:1
2026-08-16 13:53:36.218 [http-nio-8080-exec-3] INFO  c.e.config.RequestAuditLoggingFilter [b9df3471-5a64-435c-a355-63ba9e628271] - http_request method=OPTIONS uri=/api/dashboard/me status=200 durationMs=2 remoteAddr=0:0:0:0:0:0:0:1
2026-08-16 13:53:41.563 [http-nio-8080-exec-5] INFO  c.e.config.RequestAuditLoggingFilter [a6c9eaf8-ac6a-4588-ba4d-f293ef633f1b] - http_request method=GET uri=/api/dashboard/me status=200 durationMs=5331 remoteAddr=0:0:0:0:0:0:0:1
2026-08-16 13:53:41.651 [http-nio-8080-exec-6] INFO  c.e.config.RequestAuditLoggingFilter [5614c966-582d-4113-b12f-f797238185c1] - http_request method=GET uri=/api/dashboard/me status=200 durationMs=5419 remoteAddr=0:0:0:0:0:0:0:1
2026-08-16 13:54:15.305 [http-nio-8080-exec-7] INFO  c.e.config.RequestAuditLoggingFilter [53832b04-412c-42ce-849d-0a731437900f] - http_request method=OPTIONS uri=/api/dashboard/me status=200 durationMs=2 remoteAddr=0:0:0:0:0:0:0:1
2026-08-16 13:54:15.306 [http-nio-8080-exec-4] INFO  c.e.config.RequestAuditLoggingFilter [dae3c6c9-d6d7-45fd-aac5-3272a65befa1] - http_request method=OPTIONS uri=/api/dashboard/me status=200 durationMs=1 remoteAddr=0:0:0:0:0:0:0:1
2026-08-16 13:54:15.456 [http-nio-8080-exec-13] INFO  c.e.config.RequestAuditLoggingFilter [703ecef8-a79f-41a5-be80-f5ae9906db38] - http_request method=GET uri=/api/dashboard/me status=200 durationMs=135 remoteAddr=0:0:0:0:0:0:0:1
2026-08-16 13:54:15.457 [http-nio-8080-exec-8] INFO  c.e.config.RequestAuditLoggingFilter [2caa5e13-7ae2-418a-880e-844fbf741667] - http_request method=GET uri=/api/dashboard/me status=200 durationMs=136 remoteAddr=0:0:0:0:0:0:0:1
2026-08-16 13:54:20.864 [http-nio-8080-exec-10] INFO  c.e.config.RequestAuditLoggingFilter [e753fdfd-5167-4681-bf96-17d60aa8ccc7] - http_request method=OPTIONS uri=/api/dashboard/me status=200 durationMs=5 remoteAddr=0:0:0:0:0:0:0:1
2026-08-16 13:54:20.870 [http-nio-8080-exec-12] INFO  c.e.config.RequestAuditLoggingFilter [d27141fd-576b-4b3a-bff6-57abbaa01fc9] - http_request method=OPTIONS uri=/api/exam-workflow/re-applyable status=200 durationMs=6 remoteAddr=0:0:0:0:0:0:0:1
2026-08-16 13:54:20.873 [http-nio-8080-exec-11] INFO  c.e.config.RequestAuditLoggingFilter [27b79258-8466-40f9-8c58-116c6e76a50a] - http_request method=OPTIONS uri=/api/dashboard/me status=200 durationMs=3 remoteAddr=0:0:0:0:0:0:0:1
2026-08-16 13:54:20.902 [http-nio-8080-exec-15] INFO  c.e.config.RequestAuditLoggingFilter [4b248dc2-10ae-4f0c-bbed-5d76ebb79580] - http_request method=OPTIONS uri=/api/exam-workflow/re-applyable status=200 durationMs=3 remoteAddr=0:0:0:0:0:0:0:1
2026-08-16 13:54:21.028 [http-nio-8080-exec-11] INFO  c.e.config.RequestAuditLoggingFilter [c1e9656e-f618-4921-b7a8-aa7422a45601] - http_request method=GET uri=/api/dashboard/me status=200 durationMs=149 remoteAddr=0:0:0:0:0:0:0:1
2026-08-16 13:54:21.040 [http-nio-8080-exec-9] INFO  c.e.config.RequestAuditLoggingFilter [f8d6a1f9-7c87-418c-9758-b40078fbe7c8] - http_request method=GET uri=/api/dashboard/me status=200 durationMs=170 remoteAddr=0:0:0:0:0:0:0:1
2026-08-16 13:54:21.446 [http-nio-8080-exec-14] INFO  c.e.config.RequestAuditLoggingFilter [73cd527e-9425-4281-9d95-449157296873] - http_request method=GET uri=/api/exam-workflow/re-applyable status=200 durationMs=536 remoteAddr=0:0:0:0:0:0:0:1
2026-08-16 13:54:21.531 [http-nio-8080-exec-16] INFO  c.e.config.RequestAuditLoggingFilter [14f571a5-28f7-4c50-aa10-f0e186ecbc6d] - http_request method=GET uri=/api/exam-workflow/re-applyable status=200 durationMs=651 remoteAddr=0:0:0:0:0:0:0:1
2026-08-16 13:54:23.637 [http-nio-8080-exec-18] INFO  c.e.config.RequestAuditLoggingFilter [5fb52d5c-a8e9-4c36-998c-47ea09d09716] - http_request method=OPTIONS uri=/api/dashboard/me status=200 durationMs=6 remoteAddr=0:0:0:0:0:0:0:1
2026-08-16 13:54:23.638 [http-nio-8080-exec-1] INFO  c.e.config.RequestAuditLoggingFilter [88fc1ff8-7bde-4d14-9038-e263e8fa0b4d] - http_request method=OPTIONS uri=/api/dashboard/me status=200 durationMs=6 remoteAddr=0:0:0:0:0:0:0:1
2026-08-16 13:54:23.822 [http-nio-8080-exec-2] INFO  c.e.config.RequestAuditLoggingFilter [847ce924-aa25-48b2-80ec-7042033b0fb6] - http_request method=GET uri=/api/dashboard/me status=200 durationMs=172 remoteAddr=0:0:0:0:0:0:0:1
2026-08-16 13:54:23.887 [http-nio-8080-exec-19] INFO  c.e.config.RequestAuditLoggingFilter [a418a88a-b4af-4f0a-9d7d-6ac4848b7188] - http_request method=GET uri=/api/dashboard/me status=200 durationMs=238 remoteAddr=0:0:0:0:0:0:0:1
2026-08-16 13:54:35.124 [http-nio-8080-exec-20] INFO  c.e.config.RequestAuditLoggingFilter [d8e5119b-9c64-41ad-a361-2206d019c26b] - http_request method=OPTIONS uri=/api/exam-workflow/applications/39/schedule status=200 durationMs=73 remoteAddr=0:0:0:0:0:0:0:1
2026-08-16 13:54:35.711 [http-nio-8080-exec-17] INFO  c.e.config.RequestAuditLoggingFilter [422f9bb3-8da4-470a-9ee8-e81a2261f311] - http_request method=POST uri=/api/exam-workflow/applications/39/schedule status=200 durationMs=556 remoteAddr=0:0:0:0:0:0:0:1
2026-08-16 13:56:26.502 [http-nio-8080-exec-13] INFO  c.e.config.RequestAuditLoggingFilter [d2eca02d-3f1c-4031-a3dd-a909bf265def] - http_request method=OPTIONS uri=/api/dashboard/me status=200 durationMs=11 remoteAddr=0:0:0:0:0:0:0:1
2026-08-16 13:56:26.509 [http-nio-8080-exec-4] INFO  c.e.config.RequestAuditLoggingFilter [e6e97360-0940-4573-af8c-565ace530a3f] - http_request method=OPTIONS uri=/api/dashboard/me status=200 durationMs=54 remoteAddr=0:0:0:0:0:0:0:1
2026-08-16 13:56:31.265 [http-nio-8080-exec-8] INFO  c.e.config.RequestAuditLoggingFilter [4710fed0-4a88-466b-bff7-194e8e176563] - http_request method=GET uri=/api/dashboard/me status=200 durationMs=4741 remoteAddr=0:0:0:0:0:0:0:1
2026-08-16 13:56:31.327 [http-nio-8080-exec-10] INFO  c.e.config.RequestAuditLoggingFilter [46b63f12-09b2-4c3e-bbc8-9126fc84bd27] - http_request method=GET uri=/api/dashboard/me status=200 durationMs=4802 remoteAddr=0:0:0:0:0:0:0:1
2026-08-16 13:57:17.998 [http-nio-8080-exec-15] INFO  c.e.config.RequestAuditLoggingFilter [a3eb6842-45f6-412f-9cad-fcdfcba3b76e] - http_request method=OPTIONS uri=/api/dashboard/me status=200 durationMs=3 remoteAddr=0:0:0:0:0:0:0:1
2026-08-16 13:57:17.998 [http-nio-8080-exec-12] INFO  c.e.config.RequestAuditLoggingFilter [f6df6c73-a9e4-4fbc-b41b-99e273e337c2] - http_request method=OPTIONS uri=/api/dashboard/me status=200 durationMs=8 remoteAddr=0:0:0:0:0:0:0:1
2026-08-16 13:57:18.188 [http-nio-8080-exec-11] INFO  c.e.config.RequestAuditLoggingFilter [2b270008-1835-47cc-a703-a035e67649cb] - http_request method=GET uri=/api/dashboard/me status=200 durationMs=163 remoteAddr=0:0:0:0:0:0:0:1
2026-08-16 13:57:18.230 [http-nio-8080-exec-12] INFO  c.e.config.RequestAuditLoggingFilter [8af9208c-72c8-4289-b515-217dd7745cec] - http_request method=GET uri=/api/dashboard/me status=200 durationMs=209 remoteAddr=0:0:0:0:0:0:0:1
2026-08-16 13:57:46.281 [http-nio-8080-exec-9] INFO  c.e.config.RequestAuditLoggingFilter [fb248d4e-d4f4-436f-b00e-692c7434997b] - http_request method=OPTIONS uri=/api/dashboard/me status=200 durationMs=1 remoteAddr=0:0:0:0:0:0:0:1
2026-08-16 13:57:46.296 [http-nio-8080-exec-16] INFO  c.e.config.RequestAuditLoggingFilter [42cb1bb5-3086-4c7e-98f9-5157f0232f26] - http_request method=OPTIONS uri=/api/dashboard/me status=200 durationMs=2 remoteAddr=0:0:0:0:0:0:0:1
2026-08-16 13:57:46.452 [http-nio-8080-exec-18] INFO  c.e.config.RequestAuditLoggingFilter [3cba7967-b69f-4d92-a450-815cc67752a6] - http_request method=GET uri=/api/dashboard/me status=200 durationMs=152 remoteAddr=0:0:0:0:0:0:0:1
2026-08-16 13:57:46.468 [http-nio-8080-exec-14] INFO  c.e.config.RequestAuditLoggingFilter [a83685dc-f1f1-4afa-8f96-7ef1b88e17d7] - http_request method=GET uri=/api/dashboard/me status=200 durationMs=182 remoteAddr=0:0:0:0:0:0:0:1
2026-08-16 13:57:48.853 [http-nio-8080-exec-1] INFO  c.e.config.RequestAuditLoggingFilter [ab270c10-9be1-41d9-ac0b-a588ddc1141a] - http_request method=OPTIONS uri=/api/dashboard/me status=200 durationMs=11 remoteAddr=0:0:0:0:0:0:0:1
2026-08-16 13:57:48.853 [http-nio-8080-exec-2] INFO  c.e.config.RequestAuditLoggingFilter [30c3d75b-5481-46a3-a11e-07913c68ed44] - http_request method=OPTIONS uri=/api/exam-workflow/re-applyable status=200 durationMs=9 remoteAddr=0:0:0:0:0:0:0:1
2026-08-16 13:57:48.873 [http-nio-8080-exec-19] INFO  c.e.config.RequestAuditLoggingFilter [45c78bb4-2536-44fb-8868-7f8e7b8caf33] - http_request method=OPTIONS uri=/api/dashboard/me status=200 durationMs=15 remoteAddr=0:0:0:0:0:0:0:1
2026-08-16 13:57:48.873 [http-nio-8080-exec-2] INFO  c.e.config.RequestAuditLoggingFilter [0e915d52-ffe3-4cc2-a0ac-01be9c23edbb] - http_request method=OPTIONS uri=/api/exam-workflow/re-applyable status=200 durationMs=15 remoteAddr=0:0:0:0:0:0:0:1
2026-08-16 13:57:49.075 [http-nio-8080-exec-5] INFO  c.e.config.RequestAuditLoggingFilter [17f608eb-c019-4432-af89-864b6fd1c835] - http_request method=GET uri=/api/dashboard/me status=200 durationMs=189 remoteAddr=0:0:0:0:0:0:0:1
2026-08-16 13:57:49.115 [http-nio-8080-exec-3] INFO  c.e.config.RequestAuditLoggingFilter [675808ca-72d1-4923-89e7-58808104865c] - http_request method=GET uri=/api/dashboard/me status=200 durationMs=240 remoteAddr=0:0:0:0:0:0:0:1
2026-08-16 13:57:49.398 [http-nio-8080-exec-17] INFO  c.e.config.RequestAuditLoggingFilter [e9afe27f-e0a9-4f4d-a24a-035a85433a0c] - http_request method=GET uri=/api/exam-workflow/re-applyable status=200 durationMs=525 remoteAddr=0:0:0:0:0:0:0:1
2026-08-16 13:57:49.460 [http-nio-8080-exec-6] INFO  c.e.config.RequestAuditLoggingFilter [95b7852a-fae6-41a6-8494-547b0bacb6f5] - http_request method=GET uri=/api/exam-workflow/re-applyable status=200 durationMs=574 remoteAddr=0:0:0:0:0:0:0:1
2026-08-16 13:57:52.033 [http-nio-8080-exec-7] INFO  c.e.config.RequestAuditLoggingFilter [30b88dfc-1e49-40ae-b5e7-3d12988b8d9e] - http_request method=OPTIONS uri=/api/dashboard/me status=200 durationMs=3 remoteAddr=0:0:0:0:0:0:0:1
2026-08-16 13:57:52.050 [http-nio-8080-exec-13] INFO  c.e.config.RequestAuditLoggingFilter [9bbf5c53-7eca-4941-bf43-404db0225211] - http_request method=OPTIONS uri=/api/dashboard/me status=200 durationMs=8 remoteAddr=0:0:0:0:0:0:0:1
2026-08-16 13:57:52.198 [http-nio-8080-exec-4] INFO  c.e.config.RequestAuditLoggingFilter [d2f0104e-730e-4f7e-bfd3-8d6c360357a7] - http_request method=GET uri=/api/dashboard/me status=200 durationMs=154 remoteAddr=0:0:0:0:0:0:0:1
2026-08-16 13:57:52.208 [http-nio-8080-exec-8] INFO  c.e.config.RequestAuditLoggingFilter [e089bfd8-d828-4099-b5b8-df14fd27fa66] - http_request method=GET uri=/api/dashboard/me status=200 durationMs=149 remoteAddr=0:0:0:0:0:0:0:1
2026-08-16 13:57:56.524 [http-nio-8080-exec-10] INFO  c.e.config.RequestAuditLoggingFilter [1aafccf1-f8d0-46aa-8e20-aa6a780bcfd6] - http_request method=OPTIONS uri=/api/exam-workflow/applications/39/schedule status=200 durationMs=1 remoteAddr=0:0:0:0:0:0:0:1
2026-08-16 13:57:57.152 [http-nio-8080-exec-15] INFO  c.e.config.RequestAuditLoggingFilter [c622dd4e-eea1-4529-a677-06fe104b8d48] - http_request method=POST uri=/api/exam-workflow/applications/39/schedule status=200 durationMs=593 remoteAddr=0:0:0:0:0:0:0:1
2026-08-16 13:58:12.375 [http-nio-8080-exec-11] INFO  c.e.config.RequestAuditLoggingFilter [10c1c0b0-51f6-46b0-a320-25961da476a8] - http_request method=OPTIONS uri=/api/dashboard/me status=200 durationMs=5 remoteAddr=0:0:0:0:0:0:0:1
2026-08-16 13:58:12.376 [http-nio-8080-exec-12] INFO  c.e.config.RequestAuditLoggingFilter [3a592bd9-85e5-4177-8dc8-486dd38a53c0] - http_request method=OPTIONS uri=/api/dashboard/me status=200 durationMs=2 remoteAddr=0:0:0:0:0:0:0:1
2026-08-16 13:58:14.810 [http-nio-8080-exec-16] INFO  c.e.config.RequestAuditLoggingFilter [66c0278a-945b-4bef-9d87-7cb42af02f24] - http_request method=GET uri=/api/dashboard/me status=200 durationMs=2423 remoteAddr=0:0:0:0:0:0:0:1
2026-08-16 13:58:14.814 [http-nio-8080-exec-9] INFO  c.e.config.RequestAuditLoggingFilter [75bec199-4c7f-4fcd-a721-cacc2444f74d] - http_request method=GET uri=/api/dashboard/me status=200 durationMs=2424 remoteAddr=0:0:0:0:0:0:0:1
2026-08-16 13:58:17.765 [http-nio-8080-exec-18] INFO  c.e.config.RequestAuditLoggingFilter [a9b69624-b620-445f-a074-2728c4cff678] - http_request method=OPTIONS uri=/api/dashboard/me status=200 durationMs=3 remoteAddr=0:0:0:0:0:0:0:1
2026-08-16 13:58:17.799 [http-nio-8080-exec-1] INFO  c.e.config.RequestAuditLoggingFilter [dc5f1f64-5de7-4a5e-a825-abb1200b4454] - http_request method=OPTIONS uri=/api/dashboard/me status=200 durationMs=3 remoteAddr=0:0:0:0:0:0:0:1
2026-08-16 13:58:17.955 [http-nio-8080-exec-20] INFO  c.e.config.RequestAuditLoggingFilter [28df3d61-fac7-45cd-98f5-95aeb9982f97] - http_request method=GET uri=/api/dashboard/me status=200 durationMs=149 remoteAddr=0:0:0:0:0:0:0:1
2026-08-16 13:58:17.956 [http-nio-8080-exec-14] INFO  c.e.config.RequestAuditLoggingFilter [c8659093-3ae4-416f-8da0-54fcf9359dbf] - http_request method=GET uri=/api/dashboard/me status=200 durationMs=179 remoteAddr=0:0:0:0:0:0:0:1
2026-08-16 13:58:19.812 [http-nio-8080-exec-19] INFO  c.e.config.RequestAuditLoggingFilter [fbe57074-0932-4deb-ab5b-98a03c5d35ad] - http_request method=OPTIONS uri=/api/dashboard/me status=200 durationMs=1 remoteAddr=0:0:0:0:0:0:0:1
2026-08-16 13:58:19.817 [http-nio-8080-exec-2] INFO  c.e.config.RequestAuditLoggingFilter [e06e570f-3705-42b8-8ab1-f8c73258bea9] - http_request method=OPTIONS uri=/api/dashboard/me status=200 durationMs=4 remoteAddr=0:0:0:0:0:0:0:1
2026-08-16 13:58:20.050 [http-nio-8080-exec-3] INFO  c.e.config.RequestAuditLoggingFilter [4d05e56f-0fab-4b02-b8c9-70be18868692] - http_request method=GET uri=/api/dashboard/me status=200 durationMs=229 remoteAddr=0:0:0:0:0:0:0:1
2026-08-16 13:58:20.055 [http-nio-8080-exec-5] INFO  c.e.config.RequestAuditLoggingFilter [a783463a-2eb5-4ca2-861c-e98ec4bafcad] - http_request method=GET uri=/api/dashboard/me status=200 durationMs=237 remoteAddr=0:0:0:0:0:0:0:1
2026-08-16 13:58:24.161 [http-nio-8080-exec-17] INFO  c.e.config.RequestAuditLoggingFilter [89616814-db6f-495d-ade5-f7ab2d6a7c4e] - http_request method=OPTIONS uri=/api/exam-workflow/applications/39/schedule status=200 durationMs=6 remoteAddr=0:0:0:0:0:0:0:1
2026-08-16 13:58:25.045 [http-nio-8080-exec-6] INFO  c.e.config.RequestAuditLoggingFilter [5b33131e-6a3e-46a2-80e0-2eae98c3b43e] - http_request method=POST uri=/api/exam-workflow/applications/39/schedule status=200 durationMs=878 remoteAddr=0:0:0:0:0:0:0:1
2026-08-16 13:58:51.206 [http-nio-8080-exec-4] INFO  c.e.config.RequestAuditLoggingFilter [d914dc0d-b174-4161-bcfc-c5ca8d5d572c] - http_request method=OPTIONS uri=/api/dashboard/me status=200 durationMs=3 remoteAddr=0:0:0:0:0:0:0:1
2026-08-16 13:58:51.214 [http-nio-8080-exec-8] INFO  c.e.config.RequestAuditLoggingFilter [aaac8611-5f05-4236-b619-2d7eb17a703c] - http_request method=OPTIONS uri=/api/dashboard/me status=200 durationMs=5 remoteAddr=0:0:0:0:0:0:0:1
2026-08-16 13:58:53.449 [http-nio-8080-exec-10] INFO  c.e.config.RequestAuditLoggingFilter [de765abb-395e-4308-93cc-7d6ad133e41d] - http_request method=GET uri=/api/dashboard/me status=200 durationMs=2234 remoteAddr=0:0:0:0:0:0:0:1
2026-08-16 13:58:53.588 [http-nio-8080-exec-15] INFO  c.e.config.RequestAuditLoggingFilter [df375551-8f98-4ef7-8b67-b431763f3311] - http_request method=GET uri=/api/dashboard/me status=200 durationMs=2366 remoteAddr=0:0:0:0:0:0:0:1
2026-08-16 13:59:05.017 [http-nio-8080-exec-11] INFO  c.e.config.RequestAuditLoggingFilter [cfca5a2b-5a21-4037-b819-c49c612ebd64] - http_request method=OPTIONS uri=/api/dashboard/me status=200 durationMs=1 remoteAddr=0:0:0:0:0:0:0:1
2026-08-16 13:59:05.019 [http-nio-8080-exec-12] INFO  c.e.config.RequestAuditLoggingFilter [7a73e806-fde7-4a7b-8dce-8527e1bd2eb7] - http_request method=OPTIONS uri=/api/dashboard/me status=200 durationMs=1 remoteAddr=0:0:0:0:0:0:0:1
2026-08-16 13:59:05.293 [http-nio-8080-exec-9] INFO  c.e.config.RequestAuditLoggingFilter [7ab6b1ee-b518-46f4-a4a6-8ef4fcc3f456] - http_request method=GET uri=/api/dashboard/me status=200 durationMs=266 remoteAddr=0:0:0:0:0:0:0:1
2026-08-16 13:59:05.295 [http-nio-8080-exec-16] INFO  c.e.config.RequestAuditLoggingFilter [3eb87d6b-6c62-472e-a7a9-63ea4e3eed92] - http_request method=GET uri=/api/dashboard/me status=200 durationMs=268 remoteAddr=0:0:0:0:0:0:0:1
2026-08-16 13:59:06.874 [http-nio-8080-exec-18] INFO  c.e.config.RequestAuditLoggingFilter [a0a38cfe-b1e9-4522-9470-77e9d87f2415] - http_request method=OPTIONS uri=/api/dashboard/me status=200 durationMs=1 remoteAddr=0:0:0:0:0:0:0:1
2026-08-16 13:59:06.885 [http-nio-8080-exec-1] INFO  c.e.config.RequestAuditLoggingFilter [fb98fb2d-a3dc-4a7e-a5c7-c12de3246e3c] - http_request method=OPTIONS uri=/api/dashboard/me status=200 durationMs=4 remoteAddr=0:0:0:0:0:0:0:1
2026-08-16 13:59:07.014 [http-nio-8080-exec-20] INFO  c.e.config.RequestAuditLoggingFilter [ef0cac1d-79c5-4848-a968-e6d3ce10e8cf] - http_request method=GET uri=/api/dashboard/me status=200 durationMs=133 remoteAddr=0:0:0:0:0:0:0:1
2026-08-16 13:59:07.437 [http-nio-8080-exec-14] INFO  c.e.config.RequestAuditLoggingFilter [3a154998-ccef-44d4-9f32-e532423aa77f] - http_request method=GET uri=/api/dashboard/me status=200 durationMs=544 remoteAddr=0:0:0:0:0:0:0:1
2026-08-16 13:59:09.984 [http-nio-8080-exec-19] INFO  c.e.config.RequestAuditLoggingFilter [9f684c63-1a06-46ea-b012-0bc380bc3c7b] - http_request method=OPTIONS uri=/api/exam-workflow/applications/39/schedule status=200 durationMs=2 remoteAddr=0:0:0:0:0:0:0:1
2026-08-16 13:59:10.568 [http-nio-8080-exec-2] INFO  c.e.config.RequestAuditLoggingFilter [fe3c1067-d705-469d-b6b1-3f8fefd2447c] - http_request method=POST uri=/api/exam-workflow/applications/39/schedule status=200 durationMs=580 remoteAddr=0:0:0:0:0:0:0:1
2026-08-16 14:02:46.106 [http-nio-8080-exec-6] INFO  c.e.config.RequestAuditLoggingFilter [c0739e53-aba0-43cd-8044-ee74db080e84] - http_request method=OPTIONS uri=/api/dashboard/me status=200 durationMs=2 remoteAddr=0:0:0:0:0:0:0:1
2026-08-16 14:02:46.106 [http-nio-8080-exec-17] INFO  c.e.config.RequestAuditLoggingFilter [6e226354-7f78-440c-94fb-d6d133d052bd] - http_request method=OPTIONS uri=/api/dashboard/me status=200 durationMs=2 remoteAddr=0:0:0:0:0:0:0:1
2026-08-16 14:02:51.123 [http-nio-8080-exec-8] INFO  c.e.config.RequestAuditLoggingFilter [89446716-4273-42df-a8e6-1ce72f70c05f] - http_request method=OPTIONS uri=/api/dashboard/me status=200 durationMs=1 remoteAddr=0:0:0:0:0:0:0:1
2026-08-16 14:02:51.123 [http-nio-8080-exec-4] INFO  c.e.config.RequestAuditLoggingFilter [bedcbb2d-8ac2-46cc-81ea-35544751d57a] - http_request method=OPTIONS uri=/api/dashboard/me status=200 durationMs=2 remoteAddr=0:0:0:0:0:0:0:1
2026-08-16 14:02:52.798 [http-nio-8080-exec-13] INFO  c.e.config.RequestAuditLoggingFilter [c3bb890d-34e7-42bc-bc7a-45a391cc5149] - http_request method=GET uri=/api/dashboard/me status=200 durationMs=6649 remoteAddr=0:0:0:0:0:0:0:1
2026-08-16 14:02:52.936 [http-nio-8080-exec-7] INFO  c.e.config.RequestAuditLoggingFilter [2e0d9b3e-465c-4c3f-b488-fb361d51592b] - http_request method=GET uri=/api/dashboard/me status=200 durationMs=6791 remoteAddr=0:0:0:0:0:0:0:1
2026-08-16 14:02:54.532 [http-nio-8080-exec-10] INFO  c.e.config.RequestAuditLoggingFilter [72697d40-8604-4c9a-8fcf-d2483a4119ac] - http_request method=GET uri=/api/dashboard/me status=200 durationMs=3266 remoteAddr=0:0:0:0:0:0:0:1
2026-08-16 14:02:55.030 [http-nio-8080-exec-15] INFO  c.e.config.RequestAuditLoggingFilter [357db30d-eebe-4f9d-ab09-57949bbca319] - http_request method=GET uri=/api/dashboard/me status=200 durationMs=3762 remoteAddr=0:0:0:0:0:0:0:1
2026-08-16 14:02:56.991 [http-nio-8080-exec-11] INFO  c.e.config.RequestAuditLoggingFilter [656737d8-2589-466c-a335-6f29f9834c61] - http_request method=OPTIONS uri=/api/dashboard/me status=200 durationMs=14 remoteAddr=0:0:0:0:0:0:0:1
2026-08-16 14:02:57.007 [http-nio-8080-exec-12] INFO  c.e.config.RequestAuditLoggingFilter [945a7943-1976-4420-a7fc-f245859aee4d] - http_request method=OPTIONS uri=/api/dashboard/me status=200 durationMs=30 remoteAddr=0:0:0:0:0:0:0:1
2026-08-16 14:02:57.450 [http-nio-8080-exec-9] INFO  c.e.config.RequestAuditLoggingFilter [18da8c36-c405-41d9-9d27-da7fc0963e09] - http_request method=GET uri=/api/dashboard/me status=200 durationMs=440 remoteAddr=0:0:0:0:0:0:0:1
2026-08-16 14:02:57.461 [http-nio-8080-exec-12] INFO  c.e.config.RequestAuditLoggingFilter [3aea33dd-44f2-4baf-9264-5d255735ca51] - http_request method=GET uri=/api/dashboard/me status=200 durationMs=381 remoteAddr=0:0:0:0:0:0:0:1
2026-08-16 14:03:02.319 [http-nio-8080-exec-16] INFO  c.e.config.RequestAuditLoggingFilter [562d2ee3-c5c2-4099-abe2-74a1e37de7df] - http_request method=OPTIONS uri=/api/exam-workflow/applications/39/schedule status=200 durationMs=5 remoteAddr=0:0:0:0:0:0:0:1
2026-08-16 14:03:02.969 [http-nio-8080-exec-18] INFO  c.e.config.RequestAuditLoggingFilter [f3c6c284-df24-4360-ba49-811953ba12ac] - http_request method=POST uri=/api/exam-workflow/applications/39/schedule status=200 durationMs=644 remoteAddr=0:0:0:0:0:0:0:1
2026-08-16 14:03:14.559 [http-nio-8080-exec-20] INFO  c.e.config.RequestAuditLoggingFilter [cc63dee9-2b3f-438b-a2a0-b2941fa09fdf] - http_request method=OPTIONS uri=/api/dashboard/me status=200 durationMs=2 remoteAddr=0:0:0:0:0:0:0:1
2026-08-16 14:03:14.561 [http-nio-8080-exec-1] INFO  c.e.config.RequestAuditLoggingFilter [1ecdabbe-8c42-45d7-83e5-eaf19ee94306] - http_request method=OPTIONS uri=/api/dashboard/me status=200 durationMs=7 remoteAddr=0:0:0:0:0:0:0:1
2026-08-16 14:03:17.156 [http-nio-8080-exec-19] INFO  c.e.config.RequestAuditLoggingFilter [b2b60544-f561-42ad-88a5-bc0913e9eae7] - http_request method=GET uri=/api/dashboard/me status=200 durationMs=2586 remoteAddr=0:0:0:0:0:0:0:1
2026-08-16 14:03:17.568 [http-nio-8080-exec-14] INFO  c.e.config.RequestAuditLoggingFilter [e325d695-d678-49c5-b4db-8d84bf2f31b3] - http_request method=GET uri=/api/dashboard/me status=200 durationMs=2999 remoteAddr=0:0:0:0:0:0:0:1
2026-08-16 14:03:46.894 [http-nio-8080-exec-2] INFO  c.e.config.RequestAuditLoggingFilter [4159b575-5058-42a1-93f0-4403626da6ac] - http_request method=OPTIONS uri=/api/dashboard/me status=200 durationMs=16 remoteAddr=0:0:0:0:0:0:0:1
2026-08-16 14:03:46.894 [http-nio-8080-exec-3] INFO  c.e.config.RequestAuditLoggingFilter [0c2d534c-8990-4b6b-bf1c-35ef2dd8cfbe] - http_request method=OPTIONS uri=/api/dashboard/me status=200 durationMs=16 remoteAddr=0:0:0:0:0:0:0:1
2026-08-16 14:03:47.167 [http-nio-8080-exec-5] INFO  c.e.config.RequestAuditLoggingFilter [eedb8ab2-beed-443e-b0e4-ef5a99ab96a2] - http_request method=GET uri=/api/dashboard/me status=200 durationMs=260 remoteAddr=0:0:0:0:0:0:0:1
2026-08-16 14:03:47.169 [http-nio-8080-exec-6] INFO  c.e.config.RequestAuditLoggingFilter [7bc054d7-d7a7-48d8-acf5-8ffa0286693b] - http_request method=GET uri=/api/dashboard/me status=200 durationMs=262 remoteAddr=0:0:0:0:0:0:0:1
2026-08-16 14:03:58.496 [http-nio-8080-exec-8] INFO  c.e.config.RequestAuditLoggingFilter [57b5fd8d-9a59-40c4-b03a-c7532c96b850] - http_request method=OPTIONS uri=/api/dashboard/me status=200 durationMs=6 remoteAddr=0:0:0:0:0:0:0:1
2026-08-16 14:03:58.496 [http-nio-8080-exec-13] INFO  c.e.config.RequestAuditLoggingFilter [4fdc9cfb-a255-402d-9c6d-233b82121b30] - http_request method=OPTIONS uri=/api/dashboard/me status=200 durationMs=2 remoteAddr=0:0:0:0:0:0:0:1
2026-08-16 14:03:58.657 [http-nio-8080-exec-10] INFO  c.e.config.RequestAuditLoggingFilter [c9ee4be1-42b9-4b9f-bb4c-a421c84d3a5f] - http_request method=GET uri=/api/dashboard/me status=200 durationMs=150 remoteAddr=0:0:0:0:0:0:0:1
2026-08-16 14:03:58.657 [http-nio-8080-exec-7] INFO  c.e.config.RequestAuditLoggingFilter [6e9721e6-1038-4daa-bfc4-921475b9743b] - http_request method=GET uri=/api/dashboard/me status=200 durationMs=150 remoteAddr=0:0:0:0:0:0:0:1
2026-08-16 14:06:16.178 [http-nio-8080-exec-9] INFO  c.e.config.RequestAuditLoggingFilter [1778b480-c2c4-41c1-9144-f4f3f9c5994d] - http_request method=OPTIONS uri=/api/dashboard/me status=200 durationMs=20 remoteAddr=0:0:0:0:0:0:0:1
2026-08-16 14:06:16.178 [http-nio-8080-exec-12] INFO  c.e.config.RequestAuditLoggingFilter [cbc2e2aa-05c2-4273-886d-b03a814c32fb] - http_request method=OPTIONS uri=/api/dashboard/me status=200 durationMs=20 remoteAddr=0:0:0:0:0:0:0:1
2026-08-16 14:06:19.636 [http-nio-8080-exec-16] INFO  c.e.config.RequestAuditLoggingFilter [36ff1f46-2922-4914-b887-e3bcf88eb204] - http_request method=GET uri=/api/dashboard/me status=200 durationMs=3434 remoteAddr=0:0:0:0:0:0:0:1
2026-08-16 14:06:19.701 [http-nio-8080-exec-18] INFO  c.e.config.RequestAuditLoggingFilter [82172dcf-bb64-4e6e-af76-d13cdfd73e40] - http_request method=GET uri=/api/dashboard/me status=200 durationMs=3500 remoteAddr=0:0:0:0:0:0:0:1
2026-08-16 14:06:28.744 [http-nio-8080-exec-20] INFO  c.e.config.RequestAuditLoggingFilter [b0d3d15b-a926-4641-a729-d7ea20354236] - http_request method=OPTIONS uri=/api/users/me status=200 durationMs=6 remoteAddr=0:0:0:0:0:0:0:1
2026-08-16 14:06:28.756 [http-nio-8080-exec-1] INFO  c.e.config.RequestAuditLoggingFilter [1a615406-e0e7-40b1-a1ab-4d77c8b2b244] - http_request method=OPTIONS uri=/api/payments/history status=200 durationMs=6 remoteAddr=0:0:0:0:0:0:0:1
2026-08-16 14:06:28.762 [http-nio-8080-exec-19] INFO  c.e.config.RequestAuditLoggingFilter [ff70d5fc-421f-4d93-90b7-3382ecad7ab7] - http_request method=OPTIONS uri=/api/certificates/me status=200 durationMs=10 remoteAddr=0:0:0:0:0:0:0:1
2026-08-16 14:06:28.780 [http-nio-8080-exec-19] INFO  c.e.config.RequestAuditLoggingFilter [0df07bc3-276d-48c1-8343-038ddeb2c891] - http_request method=OPTIONS uri=/api/users/me status=200 durationMs=4 remoteAddr=0:0:0:0:0:0:0:1
2026-08-16 14:06:28.838 [http-nio-8080-exec-3] INFO  c.e.config.RequestAuditLoggingFilter [478ef4bb-0f70-4909-8220-8e0c569a792f] - http_request method=OPTIONS uri=/api/certificates/me status=200 durationMs=2 remoteAddr=0:0:0:0:0:0:0:1
2026-08-16 14:06:28.858 [http-nio-8080-exec-2] INFO  c.e.config.RequestAuditLoggingFilter [1e0a3f9f-8787-46ed-af98-a0e8eb902bc6] - http_request method=OPTIONS uri=/api/payments/history status=200 durationMs=22 remoteAddr=0:0:0:0:0:0:0:1
2026-08-16 14:06:29.410 [http-nio-8080-exec-5] INFO  c.e.config.RequestAuditLoggingFilter [e4e3bc8c-0fb1-4c6d-86a9-830c20a2efdb] - http_request method=GET uri=/api/users/me status=200 durationMs=539 remoteAddr=0:0:0:0:0:0:0:1
2026-08-16 14:06:29.419 [http-nio-8080-exec-2] INFO  c.e.config.RequestAuditLoggingFilter [b9893e95-528a-4d3b-aeba-a40394ad5386] - http_request method=GET uri=/api/users/me status=200 durationMs=557 remoteAddr=0:0:0:0:0:0:0:1
2026-08-16 14:06:29.521 [http-nio-8080-exec-14] INFO  c.e.config.RequestAuditLoggingFilter [a391f440-07e3-41df-bab2-c51f75e7042a] - http_request method=GET uri=/api/certificates/me status=200 durationMs=732 remoteAddr=0:0:0:0:0:0:0:1
2026-08-16 14:06:29.544 [http-nio-8080-exec-4] INFO  c.e.config.RequestAuditLoggingFilter [e8b56ced-c409-49a1-b05a-bd9694fdeaa8] - http_request method=GET uri=/api/certificates/me status=200 durationMs=669 remoteAddr=0:0:0:0:0:0:0:1
2026-08-16 14:06:29.632 [http-nio-8080-exec-13] INFO  c.e.config.RequestAuditLoggingFilter [e5a7edbe-d765-4e99-b573-5930eae04504] - http_request method=OPTIONS uri=/api/users/me/photo status=200 durationMs=6 remoteAddr=0:0:0:0:0:0:0:1
2026-08-16 14:06:30.259 [http-nio-8080-exec-10] INFO  c.e.config.RequestAuditLoggingFilter [2548c527-5546-4036-afce-f7e9e35843c3] - http_request method=GET uri=/api/users/me/photo status=200 durationMs=609 remoteAddr=0:0:0:0:0:0:0:1
2026-08-16 14:06:30.810 [http-nio-8080-exec-17] INFO  c.e.config.RequestAuditLoggingFilter [57180c13-b1dd-415b-a97b-8cb5a6b1c0bb] - http_request method=GET uri=/api/payments/history status=200 durationMs=1932 remoteAddr=0:0:0:0:0:0:0:1
2026-08-16 14:06:31.307 [http-nio-8080-exec-6] INFO  c.e.config.RequestAuditLoggingFilter [e86d031a-8d12-4a69-9b1f-8d499275c02d] - http_request method=GET uri=/api/payments/history status=200 durationMs=2433 remoteAddr=0:0:0:0:0:0:0:1
2026-08-16 14:06:46.502 [http-nio-8080-exec-7] INFO  c.e.config.RequestAuditLoggingFilter [4dc89082-1f17-4e6d-834b-fcb2331bd901] - http_request method=OPTIONS uri=/api/dashboard/me status=200 durationMs=2 remoteAddr=0:0:0:0:0:0:0:1
2026-08-16 14:06:46.503 [http-nio-8080-exec-15] INFO  c.e.config.RequestAuditLoggingFilter [d1d3353b-e537-4aac-b0f1-76cc290a97f4] - http_request method=OPTIONS uri=/api/dashboard/me status=200 durationMs=3 remoteAddr=0:0:0:0:0:0:0:1
2026-08-16 14:06:46.721 [http-nio-8080-exec-7] INFO  c.e.config.RequestAuditLoggingFilter [15c79360-a5a8-4ec0-b950-bdd88bc3c69a] - http_request method=GET uri=/api/dashboard/me status=200 durationMs=205 remoteAddr=0:0:0:0:0:0:0:1
2026-08-16 14:06:46.729 [http-nio-8080-exec-11] INFO  c.e.config.RequestAuditLoggingFilter [f53b59b1-d355-4116-8c55-39bee01694fa] - http_request method=GET uri=/api/dashboard/me status=200 durationMs=210 remoteAddr=0:0:0:0:0:0:0:1
2026-08-16 14:06:49.421 [http-nio-8080-exec-9] INFO  c.e.config.RequestAuditLoggingFilter [95b100d5-2e4c-4655-b52d-e5cc8c5d5ad1] - http_request method=OPTIONS uri=/api/dashboard/me status=200 durationMs=4 remoteAddr=0:0:0:0:0:0:0:1
2026-08-16 14:06:49.421 [http-nio-8080-exec-12] INFO  c.e.config.RequestAuditLoggingFilter [8e75a451-1c9e-4703-8c12-49f273a36e71] - http_request method=OPTIONS uri=/api/exam-workflow/re-applyable status=200 durationMs=3 remoteAddr=0:0:0:0:0:0:0:1
2026-08-16 14:06:49.438 [http-nio-8080-exec-18] INFO  c.e.config.RequestAuditLoggingFilter [4a8138e1-b458-4a3d-a288-824a5b6e5420] - http_request method=OPTIONS uri=/api/dashboard/me status=200 durationMs=1 remoteAddr=0:0:0:0:0:0:0:1
2026-08-16 14:06:49.464 [http-nio-8080-exec-20] INFO  c.e.config.RequestAuditLoggingFilter [dd77a36c-b73a-41d7-8a73-9d2e1558d798] - http_request method=OPTIONS uri=/api/exam-workflow/re-applyable status=200 durationMs=4 remoteAddr=0:0:0:0:0:0:0:1
2026-08-16 14:06:49.583 [http-nio-8080-exec-16] INFO  c.e.config.RequestAuditLoggingFilter [2a049a5e-6e9e-440b-aee5-acbb5304cc99] - http_request method=GET uri=/api/dashboard/me status=200 durationMs=147 remoteAddr=0:0:0:0:0:0:0:1
2026-08-16 14:06:49.622 [http-nio-8080-exec-1] INFO  c.e.config.RequestAuditLoggingFilter [5173488e-767d-45ff-bb86-586b6de864bd] - http_request method=GET uri=/api/dashboard/me status=200 durationMs=178 remoteAddr=0:0:0:0:0:0:0:1
2026-08-16 14:06:49.845 [http-nio-8080-exec-19] INFO  c.e.config.RequestAuditLoggingFilter [fed22973-e47c-4b3d-a6d0-270757ee066e] - http_request method=GET uri=/api/exam-workflow/re-applyable status=200 durationMs=408 remoteAddr=0:0:0:0:0:0:0:1
2026-08-16 14:06:50.040 [http-nio-8080-exec-3] INFO  c.e.config.RequestAuditLoggingFilter [28d36ca1-1d8a-4449-812d-f552a86ca80e] - http_request method=GET uri=/api/exam-workflow/re-applyable status=200 durationMs=566 remoteAddr=0:0:0:0:0:0:0:1
2026-08-16 14:06:54.526 [http-nio-8080-exec-8] INFO  c.e.config.RequestAuditLoggingFilter [d7cf1a80-b774-498a-9a9c-c99b11c840f0] - http_request method=OPTIONS uri=/api/certificates/me status=200 durationMs=3 remoteAddr=0:0:0:0:0:0:0:1
2026-08-16 14:06:54.540 [http-nio-8080-exec-5] INFO  c.e.config.RequestAuditLoggingFilter [df09864a-8d0d-47b6-a936-bce33f10159c] - http_request method=OPTIONS uri=/api/certificates/me status=200 durationMs=10 remoteAddr=0:0:0:0:0:0:0:1
2026-08-16 14:06:55.055 [http-nio-8080-exec-14] INFO  c.e.config.RequestAuditLoggingFilter [283ffb1d-e97d-4ec9-95dd-2eca3330b1ee] - http_request method=GET uri=/api/certificates/me status=200 durationMs=498 remoteAddr=0:0:0:0:0:0:0:1
2026-08-16 14:06:55.104 [http-nio-8080-exec-2] INFO  c.e.config.RequestAuditLoggingFilter [6afbca82-1b82-469d-9b0c-c6c7015944d3] - http_request method=GET uri=/api/certificates/me status=200 durationMs=564 remoteAddr=0:0:0:0:0:0:0:1
2026-08-16 14:06:58.056 [http-nio-8080-exec-4] INFO  c.e.config.RequestAuditLoggingFilter [0518cd70-d7ec-44a3-8e65-0fc65697d998] - http_request method=OPTIONS uri=/api/results/me status=200 durationMs=1 remoteAddr=0:0:0:0:0:0:0:1
2026-08-16 14:06:58.056 [http-nio-8080-exec-13] INFO  c.e.config.RequestAuditLoggingFilter [b570d53d-9955-4d3c-ae23-132c3f09fcc1] - http_request method=OPTIONS uri=/api/certificates/me status=200 durationMs=1 remoteAddr=0:0:0:0:0:0:0:1
2026-08-16 14:06:58.084 [http-nio-8080-exec-6] INFO  c.e.config.RequestAuditLoggingFilter [295617bd-12d0-44fe-8a60-f1778837c52a] - http_request method=OPTIONS uri=/api/results/me status=200 durationMs=1 remoteAddr=0:0:0:0:0:0:0:1
2026-08-16 14:06:58.084 [http-nio-8080-exec-15] INFO  c.e.config.RequestAuditLoggingFilter [4649fa1f-153c-48d7-bb9f-a1fe658612f7] - http_request method=OPTIONS uri=/api/certificates/me status=200 durationMs=1 remoteAddr=0:0:0:0:0:0:0:1
2026-08-16 14:06:58.581 [http-nio-8080-exec-10] INFO  c.e.config.RequestAuditLoggingFilter [f4b4f493-17b0-462a-986e-b4c86beb8335] - http_request method=GET uri=/api/certificates/me status=200 durationMs=518 remoteAddr=0:0:0:0:0:0:0:1
2026-08-16 14:06:58.814 [http-nio-8080-exec-11] INFO  c.e.config.RequestAuditLoggingFilter [2d0eeb21-99b8-4076-8d25-919b7b802f9c] - http_request method=GET uri=/api/certificates/me status=200 durationMs=712 remoteAddr=0:0:0:0:0:0:0:1
2026-08-16 14:06:59.189 [http-nio-8080-exec-17] INFO  c.e.config.RequestAuditLoggingFilter [0ab68112-973a-4d81-bf0e-4e8d81c31846] - http_request method=GET uri=/api/results/me status=200 durationMs=1124 remoteAddr=0:0:0:0:0:0:0:1
2026-08-16 14:06:59.281 [http-nio-8080-exec-7] INFO  c.e.config.RequestAuditLoggingFilter [22a12514-4057-471c-b65b-f68fce38d7b3] - http_request method=GET uri=/api/results/me status=200 durationMs=1179 remoteAddr=0:0:0:0:0:0:0:1
2026-08-16 14:07:02.992 [http-nio-8080-exec-12] INFO  c.e.config.RequestAuditLoggingFilter [bca8aa94-7b4e-4f1e-9361-c22e35de1b0d] - http_request method=OPTIONS uri=/api/dashboard/me status=200 durationMs=3 remoteAddr=0:0:0:0:0:0:0:1
2026-08-16 14:07:02.994 [http-nio-8080-exec-9] INFO  c.e.config.RequestAuditLoggingFilter [ac470635-5b07-4ff7-bd8e-c314829baa72] - http_request method=OPTIONS uri=/api/dashboard/me status=200 durationMs=2 remoteAddr=0:0:0:0:0:0:0:1
2026-08-16 14:07:03.224 [http-nio-8080-exec-18] INFO  c.e.config.RequestAuditLoggingFilter [b9a43e87-b57a-406e-9a7d-8d55bbd7d21a] - http_request method=GET uri=/api/dashboard/me status=200 durationMs=217 remoteAddr=0:0:0:0:0:0:0:1
2026-08-16 14:07:03.223 [http-nio-8080-exec-20] INFO  c.e.config.RequestAuditLoggingFilter [0956d592-0dfa-4779-9eb4-64887d93e8f2] - http_request method=GET uri=/api/dashboard/me status=200 durationMs=216 remoteAddr=0:0:0:0:0:0:0:1
2026-08-16 14:07:11.405 [http-nio-8080-exec-1] INFO  c.e.config.RequestAuditLoggingFilter [de1f94a6-6116-4df3-b8e2-39cd9cc93e8d] - http_request method=OPTIONS uri=/api/payments/history status=200 durationMs=1 remoteAddr=0:0:0:0:0:0:0:1
2026-08-16 14:07:11.411 [http-nio-8080-exec-16] INFO  c.e.config.RequestAuditLoggingFilter [bfc0ae49-22d0-4ac7-a305-1e48ca54ea3f] - http_request method=OPTIONS uri=/api/users/me status=200 durationMs=7 remoteAddr=0:0:0:0:0:0:0:1
2026-08-16 14:07:11.413 [http-nio-8080-exec-19] INFO  c.e.config.RequestAuditLoggingFilter [addc8eed-47a0-4246-8eb8-8c8b129745e8] - http_request method=OPTIONS uri=/api/certificates/me status=200 durationMs=9 remoteAddr=0:0:0:0:0:0:0:1
2026-08-16 14:07:11.459 [http-nio-8080-exec-14] INFO  c.e.config.RequestAuditLoggingFilter [140b401e-10e0-4cca-aeca-6783f7716183] - http_request method=OPTIONS uri=/api/users/me status=200 durationMs=2 remoteAddr=0:0:0:0:0:0:0:1
2026-08-16 14:07:11.481 [http-nio-8080-exec-13] INFO  c.e.config.RequestAuditLoggingFilter [d86af978-b5a0-4ea0-9645-ab54fdcc18c3] - http_request method=OPTIONS uri=/api/payments/history status=200 durationMs=1 remoteAddr=0:0:0:0:0:0:0:1
2026-08-16 14:07:11.491 [http-nio-8080-exec-4] INFO  c.e.config.RequestAuditLoggingFilter [606cffd5-8221-46e4-8133-68ba50c9b1bd] - http_request method=OPTIONS uri=/api/certificates/me status=200 durationMs=3 remoteAddr=0:0:0:0:0:0:0:1
2026-08-16 14:07:11.809 [http-nio-8080-exec-8] INFO  c.e.config.RequestAuditLoggingFilter [ab1cb70f-fcfe-4da7-8466-b51ebb66e228] - http_request method=GET uri=/api/users/me status=200 durationMs=379 remoteAddr=0:0:0:0:0:0:0:1
2026-08-16 14:07:11.860 [http-nio-8080-exec-2] INFO  c.e.config.RequestAuditLoggingFilter [b97b9e07-3a2a-4cf0-a33f-3556b2b1b4e4] - http_request method=GET uri=/api/users/me status=200 durationMs=392 remoteAddr=0:0:0:0:0:0:0:1
2026-08-16 14:07:12.047 [http-nio-8080-exec-5] INFO  c.e.config.RequestAuditLoggingFilter [d8695ab2-2146-44a2-b1bb-d9ceea9813c9] - http_request method=GET uri=/api/certificates/me status=200 durationMs=612 remoteAddr=0:0:0:0:0:0:0:1
2026-08-16 14:07:12.155 [http-nio-8080-exec-15] INFO  c.e.config.RequestAuditLoggingFilter [1635338f-bb70-4f52-847d-41cd03f6c2e9] - http_request method=GET uri=/api/certificates/me status=200 durationMs=655 remoteAddr=0:0:0:0:0:0:0:1
2026-08-16 14:07:13.499 [http-nio-8080-exec-6] INFO  c.e.config.RequestAuditLoggingFilter [9a92fe34-1608-47b7-8fb8-0b6307d28f6e] - http_request method=GET uri=/api/payments/history status=200 durationMs=2011 remoteAddr=0:0:0:0:0:0:0:1
2026-08-16 14:07:13.928 [http-nio-8080-exec-3] INFO  c.e.config.RequestAuditLoggingFilter [ff2a6e3f-3833-4df0-baf0-869bf4893c0d] - http_request method=GET uri=/api/payments/history status=200 durationMs=2503 remoteAddr=0:0:0:0:0:0:0:1
2026-08-16 14:08:07.904 [http-nio-8080-exec-10] INFO  c.e.config.RequestAuditLoggingFilter [92ceae73-bd4d-4d03-8266-243ad28a7ae5] - http_request method=OPTIONS uri=/api/dashboard/me status=200 durationMs=3 remoteAddr=0:0:0:0:0:0:0:1
2026-08-16 14:08:07.906 [http-nio-8080-exec-11] INFO  c.e.config.RequestAuditLoggingFilter [1092bae4-331f-4e54-8049-1a124bde07e2] - http_request method=OPTIONS uri=/api/dashboard/me status=200 durationMs=2 remoteAddr=0:0:0:0:0:0:0:1
2026-08-16 14:08:08.119 [http-nio-8080-exec-17] INFO  c.e.config.RequestAuditLoggingFilter [039cd2f3-8938-4415-ac07-c1a9af8fb15b] - http_request method=GET uri=/api/dashboard/me status=200 durationMs=200 remoteAddr=0:0:0:0:0:0:0:1
2026-08-16 14:08:08.123 [http-nio-8080-exec-7] INFO  c.e.config.RequestAuditLoggingFilter [944163e2-51fe-4eb2-8ddb-c70c960d1dec] - http_request method=GET uri=/api/dashboard/me status=200 durationMs=203 remoteAddr=0:0:0:0:0:0:0:1
2026-08-16 14:08:09.040 [http-nio-8080-exec-12] INFO  c.e.config.RequestAuditLoggingFilter [cc6c5572-0a0d-4986-b30f-a73d9cca5852] - http_request method=OPTIONS uri=/api/results/me status=200 durationMs=2 remoteAddr=0:0:0:0:0:0:0:1
2026-08-16 14:08:09.044 [http-nio-8080-exec-9] INFO  c.e.config.RequestAuditLoggingFilter [031a9a42-e0f0-49d9-a7c4-9db7d2c5b522] - http_request method=OPTIONS uri=/api/certificates/me status=200 durationMs=5 remoteAddr=0:0:0:0:0:0:0:1
2026-08-16 14:08:09.068 [http-nio-8080-exec-18] INFO  c.e.config.RequestAuditLoggingFilter [4990245f-fe86-4711-981a-7977f7e1b7fa] - http_request method=OPTIONS uri=/api/results/me status=200 durationMs=16 remoteAddr=0:0:0:0:0:0:0:1
2026-08-16 14:08:09.078 [http-nio-8080-exec-9] INFO  c.e.config.RequestAuditLoggingFilter [0de1afb7-8853-4ba2-80df-a681812d1f78] - http_request method=OPTIONS uri=/api/certificates/me status=200 durationMs=26 remoteAddr=0:0:0:0:0:0:0:1
2026-08-16 14:08:09.569 [http-nio-8080-exec-20] INFO  c.e.config.RequestAuditLoggingFilter [86b51be3-2712-41bd-b73e-15b9e750aa9e] - http_request method=GET uri=/api/certificates/me status=200 durationMs=508 remoteAddr=0:0:0:0:0:0:0:1
2026-08-16 14:08:09.686 [http-nio-8080-exec-9] INFO  c.e.config.RequestAuditLoggingFilter [baa7fa56-ed49-4472-8653-eaf7422f91d0] - http_request method=GET uri=/api/certificates/me status=200 durationMs=600 remoteAddr=0:0:0:0:0:0:0:1
2026-08-16 14:08:10.327 [http-nio-8080-exec-19] INFO  c.e.config.RequestAuditLoggingFilter [53a654af-e1a7-4bbc-8942-ccefa38f7ab8] - http_request method=GET uri=/api/results/me status=200 durationMs=1241 remoteAddr=0:0:0:0:0:0:0:1
2026-08-16 14:08:10.346 [http-nio-8080-exec-18] INFO  c.e.config.RequestAuditLoggingFilter [855125fd-3e84-4db3-ae0a-374d16c1f2cf] - http_request method=GET uri=/api/results/me status=200 durationMs=1276 remoteAddr=0:0:0:0:0:0:0:1
2026-08-16 14:09:50.552 [http-nio-8080-exec-3] INFO  c.e.config.RequestAuditLoggingFilter [0e08e169-5fdd-4486-b804-5d2b848ea32b] - http_request method=OPTIONS uri=/api/certificates/me status=200 durationMs=14 remoteAddr=0:0:0:0:0:0:0:1
2026-08-16 14:09:50.552 [http-nio-8080-exec-15] INFO  c.e.config.RequestAuditLoggingFilter [4788bc23-2b9d-442a-b66d-976a67892b31] - http_request method=OPTIONS uri=/api/results/me status=200 durationMs=14 remoteAddr=0:0:0:0:0:0:0:1
2026-08-16 14:09:50.552 [http-nio-8080-exec-6] INFO  c.e.config.RequestAuditLoggingFilter [97d0176d-a820-4f47-a835-cfc0e31e26af] - http_request method=OPTIONS uri=/api/users/me/photo status=200 durationMs=14 remoteAddr=0:0:0:0:0:0:0:1
2026-08-16 14:09:50.552 [http-nio-8080-exec-10] INFO  c.e.config.RequestAuditLoggingFilter [ac2f5e68-a229-4ea9-92cf-082f3fd2751c] - http_request method=OPTIONS uri=/api/results/me status=200 durationMs=14 remoteAddr=0:0:0:0:0:0:0:1
2026-08-16 14:09:50.628 [http-nio-8080-exec-1] INFO  c.e.config.RequestAuditLoggingFilter [8765beba-beba-42f3-b20c-7ba3c3fe89dd] - http_request method=OPTIONS uri=/api/certificates/me status=200 durationMs=2 remoteAddr=0:0:0:0:0:0:0:1
2026-08-16 14:09:50.628 [http-nio-8080-exec-16] INFO  c.e.config.RequestAuditLoggingFilter [94669124-3272-4cb5-a2c8-ad4ac2edc1ab] - http_request method=OPTIONS uri=/api/users/me/photo status=200 durationMs=2 remoteAddr=0:0:0:0:0:0:0:1
2026-08-16 14:09:50.912 [http-nio-8080-exec-9] INFO  c.e.config.RequestAuditLoggingFilter [6c245313-4384-4622-aa45-fd7c7ba9f550] - http_request method=GET uri=/api/users/me/photo status=200 durationMs=276 remoteAddr=0:0:0:0:0:0:0:1
2026-08-16 14:09:50.944 [http-nio-8080-exec-11] INFO  c.e.config.RequestAuditLoggingFilter [67ea5d26-f9c6-4ad3-b5ac-1977fb7b2170] - http_request method=GET uri=/api/users/me/photo status=200 durationMs=375 remoteAddr=0:0:0:0:0:0:0:1
2026-08-16 14:09:51.082 [http-nio-8080-exec-12] INFO  c.e.config.RequestAuditLoggingFilter [35e17572-2979-4331-9248-013ad8a5bb7b] - http_request method=GET uri=/api/certificates/me status=200 durationMs=514 remoteAddr=0:0:0:0:0:0:0:1
2026-08-16 14:09:51.082 [http-nio-8080-exec-20] INFO  c.e.config.RequestAuditLoggingFilter [a3774f79-efd2-4acc-8c2e-5889b6fbd882] - http_request method=GET uri=/api/certificates/me status=200 durationMs=450 remoteAddr=0:0:0:0:0:0:0:1
2026-08-16 14:09:51.502 [http-nio-8080-exec-17] INFO  c.e.config.RequestAuditLoggingFilter [171882b6-121d-4e3d-9d6c-584d510c5b7d] - http_request method=GET uri=/api/results/me status=200 durationMs=934 remoteAddr=0:0:0:0:0:0:0:1
2026-08-16 14:09:51.533 [http-nio-8080-exec-7] INFO  c.e.config.RequestAuditLoggingFilter [a545eaec-e6c8-4c66-b1f2-dae6c5a921cf] - http_request method=GET uri=/api/results/me status=200 durationMs=965 remoteAddr=0:0:0:0:0:0:0:1
2026-08-16 14:19:38.311 [http-nio-8080-exec-5] INFO  c.e.config.RequestAuditLoggingFilter [cd1514fa-b9d7-43ff-b88d-2fa68ba639a9] - http_request method=OPTIONS uri=/api/auth/logout status=200 durationMs=9 remoteAddr=0:0:0:0:0:0:0:1
2026-08-16 14:19:38.362 [http-nio-8080-exec-2] WARN  com.zaxxer.hikari.pool.PoolBase [ca9aab08-2e40-4a3c-9257-fc18d9e540b1] - HikariPool-1 - Failed to validate connection org.postgresql.jdbc.PgConnection@151a5e87 (This connection has been closed.). Possibly consider using a shorter maxLifetime value.
2026-08-16 14:19:38.363 [http-nio-8080-exec-2] WARN  com.zaxxer.hikari.pool.PoolBase [ca9aab08-2e40-4a3c-9257-fc18d9e540b1] - HikariPool-1 - Failed to validate connection org.postgresql.jdbc.PgConnection@7a5719de (This connection has been closed.). Possibly consider using a shorter maxLifetime value.
2026-08-16 14:19:38.364 [http-nio-8080-exec-2] WARN  com.zaxxer.hikari.pool.PoolBase [ca9aab08-2e40-4a3c-9257-fc18d9e540b1] - HikariPool-1 - Failed to validate connection org.postgresql.jdbc.PgConnection@2fd1e0bd (This connection has been closed.). Possibly consider using a shorter maxLifetime value.
2026-08-16 14:19:38.365 [http-nio-8080-exec-2] WARN  com.zaxxer.hikari.pool.PoolBase [ca9aab08-2e40-4a3c-9257-fc18d9e540b1] - HikariPool-1 - Failed to validate connection org.postgresql.jdbc.PgConnection@68786da6 (This connection has been closed.). Possibly consider using a shorter maxLifetime value.
2026-08-16 14:19:38.585 [http-nio-8080-exec-2] INFO  c.e.s.impl.AuthenticationServiceImpl [ca9aab08-2e40-4a3c-9257-fc18d9e540b1] - Refresh token revoked successfully during logout
2026-08-16 14:19:38.651 [http-nio-8080-exec-2] INFO  c.e.config.RequestAuditLoggingFilter [ca9aab08-2e40-4a3c-9257-fc18d9e540b1] - http_request method=POST uri=/api/auth/logout status=200 durationMs=333 remoteAddr=0:0:0:0:0:0:0:1
2026-08-16 14:40:50.651 [SpringApplicationShutdownHook] INFO  o.s.b.w.e.tomcat.GracefulShutdown [] - Commencing graceful shutdown. Waiting for active requests to complete
2026-08-16 14:40:50.735 [tomcat-shutdown] INFO  o.s.b.w.e.tomcat.GracefulShutdown [] - Graceful shutdown complete
2026-08-16 14:40:50.858 [SpringApplicationShutdownHook] INFO  o.s.o.j.LocalContainerEntityManagerFactoryBean [] - Closing JPA EntityManagerFactory for persistence unit 'default'
2026-08-16 14:40:50.916 [SpringApplicationShutdownHook] INFO  com.zaxxer.hikari.HikariDataSource [] - HikariPool-1 - Shutdown initiated...
2026-08-16 14:40:50.967 [SpringApplicationShutdownHook] INFO  com.zaxxer.hikari.HikariDataSource [] - HikariPool-1 - Shutdown completed.
2026-08-16 14:41:32.982 [background-preinit] INFO  o.h.validator.internal.util.Version [] - HV000001: Hibernate Validator 8.0.2.Final
2026-08-16 14:41:33.207 [main] INFO  com.ems.EmsBackendApplication [] - Starting EmsBackendApplication using Java 21.0.12 with PID 33685 (/Users/vignesh/ems/EMS_SERVICES/target/classes started by vignesh in /Users/vignesh/ems/EMS_SERVICES)
2026-08-16 14:41:33.210 [main] INFO  com.ems.EmsBackendApplication [] - The following 1 profile is active: "postgresql"
2026-08-16 14:41:40.193 [main] INFO  o.s.d.r.c.RepositoryConfigurationDelegate [] - Bootstrapping Spring Data JPA repositories in DEFAULT mode.
2026-08-16 14:41:40.716 [main] INFO  o.s.d.r.c.RepositoryConfigurationDelegate [] - Finished Spring Data repository scanning in 486 ms. Found 17 JPA repository interfaces.
2026-08-16 14:41:45.427 [main] INFO  o.s.b.w.e.tomcat.TomcatWebServer [] - Tomcat initialized with port 8080 (http)
2026-08-16 14:41:45.483 [main] INFO  o.a.coyote.http11.Http11NioProtocol [] - Initializing ProtocolHandler ["http-nio-8080"]
2026-08-16 14:41:45.495 [main] INFO  o.a.catalina.core.StandardService [] - Starting service [Tomcat]
2026-08-16 14:41:45.496 [main] INFO  o.a.catalina.core.StandardEngine [] - Starting Servlet engine: [Apache Tomcat/10.1.34]
2026-08-16 14:41:45.760 [main] INFO  o.a.c.c.C.[Tomcat].[localhost].[/] [] - Initializing Spring embedded WebApplicationContext
2026-08-16 14:41:45.761 [main] INFO  o.s.b.w.s.c.ServletWebServerApplicationContext [] - Root WebApplicationContext: initialization completed in 12368 ms
2026-08-16 14:41:48.538 [main] INFO  com.zaxxer.hikari.HikariDataSource [] - HikariPool-1 - Starting...
2026-08-16 14:41:52.151 [main] INFO  com.zaxxer.hikari.pool.HikariPool [] - HikariPool-1 - Added connection org.postgresql.jdbc.PgConnection@4bab804f
2026-08-16 14:41:52.158 [main] INFO  com.zaxxer.hikari.HikariDataSource [] - HikariPool-1 - Start completed.
2026-08-16 14:41:52.363 [main] INFO  org.flywaydb.core.FlywayExecutor [] - Database: jdbc:postgresql://ep-shiny-dew-azddlrs7-pooler.c-3.ap-southeast-1.aws.neon.tech/neondb (PostgreSQL 18.4)
2026-08-16 14:41:52.809 [main] WARN  o.f.c.i.database.base.Database [] - Flyway upgrade recommended: PostgreSQL 18.4 is newer than this version of Flyway and support has not been tested. The latest supported version of PostgreSQL is 16.
2026-08-16 14:41:53.480 [main] INFO  o.f.core.internal.command.DbValidate [] - Successfully validated 25 migrations (execution time 00:00.528s)
2026-08-16 14:41:54.052 [main] INFO  o.f.core.internal.command.DbMigrate [] - Current version of schema "public": 24
2026-08-16 14:41:54.243 [main] INFO  o.f.core.internal.command.DbMigrate [] - Migrating schema "public" to version "25 - add exam session progress"
2026-08-16 14:41:55.196 [main] INFO  o.f.core.internal.command.DbMigrate [] - Successfully applied 1 migration to schema "public", now at version v25 (execution time 00:00.441s)
2026-08-16 14:41:56.003 [main] INFO  o.h.jpa.internal.util.LogHelper [] - HHH000204: Processing PersistenceUnitInfo [name: default]
2026-08-16 14:41:56.409 [main] INFO  org.hibernate.Version [] - HHH000412: Hibernate ORM core version 6.5.3.Final
2026-08-16 14:41:56.600 [main] INFO  o.h.c.i.RegionFactoryInitiator [] - HHH000026: Second-level cache disabled
2026-08-16 14:41:58.124 [main] INFO  o.s.o.j.p.SpringPersistenceUnitInfo [] - No LoadTimeWeaver setup: ignoring JPA class transformer
2026-08-16 14:41:58.714 [main] WARN  org.hibernate.orm.deprecation [] - HHH90000025: PostgreSQLDialect does not need to be specified explicitly using 'hibernate.dialect' (remove the property setting and it will be selected by default)
2026-08-16 14:42:05.274 [main] INFO  o.h.e.t.j.p.i.JtaPlatformInitiator [] - HHH000489: No JTA platform available (set 'hibernate.transaction.jta.platform' to enable JTA platform integration)
2026-08-16 14:42:09.252 [main] INFO  o.s.o.j.LocalContainerEntityManagerFactoryBean [] - Initialized JPA EntityManagerFactory for persistence unit 'default'
2026-08-16 14:42:10.833 [main] INFO  o.s.d.j.r.query.QueryEnhancerFactory [] - Hibernate is in classpath; If applicable, HQL parser will be used.
2026-08-16 14:42:16.683 [main] INFO  o.s.s.c.a.a.c.InitializeAuthenticationProviderBeanManagerConfigurer$InitializeAuthenticationProviderManagerConfigurer [] - Global AuthenticationManager configured with AuthenticationProvider bean with name authenticationProvider
2026-08-16 14:42:16.688 [main] WARN  o.s.s.c.a.a.c.InitializeUserDetailsBeanManagerConfigurer$InitializeUserDetailsManagerConfigurer [] - Global AuthenticationManager configured with an AuthenticationProvider bean. UserDetailsService beans will not be used for username/password login. Consider removing the AuthenticationProvider bean. Alternatively, consider using the UserDetailsService in a manually instantiated DaoAuthenticationProvider.
2026-08-16 14:42:21.016 [main] INFO  o.s.b.a.e.web.EndpointLinksResolver [] - Exposing 6 endpoints beneath base path '/actuator'
2026-08-16 14:42:24.588 [main] INFO  o.a.coyote.http11.Http11NioProtocol [] - Starting ProtocolHandler ["http-nio-8080"]
2026-08-16 14:42:24.696 [main] INFO  o.s.b.w.e.tomcat.TomcatWebServer [] - Tomcat started on port 8080 (http) with context path '/'
2026-08-16 14:42:24.743 [main] INFO  com.ems.EmsBackendApplication [] - Started EmsBackendApplication in 54.447 seconds (process running for 56.235)
2026-08-16 14:45:38.738 [http-nio-8080-exec-1] INFO  o.a.c.c.C.[Tomcat].[localhost].[/] [] - Initializing Spring DispatcherServlet 'dispatcherServlet'
2026-08-16 14:45:38.741 [http-nio-8080-exec-1] INFO  o.s.web.servlet.DispatcherServlet [] - Initializing Servlet 'dispatcherServlet'
2026-08-16 14:45:38.746 [http-nio-8080-exec-1] INFO  o.s.web.servlet.DispatcherServlet [] - Completed initialization in 5 ms
2026-08-16 14:45:39.078 [http-nio-8080-exec-1] INFO  c.e.config.RequestAuditLoggingFilter [08abf6fe-4d84-45ae-84cb-791b114f5730] - http_request method=OPTIONS uri=/api/auth/login status=200 durationMs=203 remoteAddr=0:0:0:0:0:0:0:1
2026-08-16 14:45:40.581 [http-nio-8080-exec-2] INFO  c.e.s.impl.AuthenticationServiceImpl [92d250da-d288-4ebd-b1ec-d9eb957a5e55] - Login success for userId=Aaru@123, email=aaru@gmail.com
2026-08-16 14:45:41.900 [http-nio-8080-exec-2] INFO  c.e.config.RequestAuditLoggingFilter [92d250da-d288-4ebd-b1ec-d9eb957a5e55] - http_request method=POST uri=/api/auth/login status=200 durationMs=2788 remoteAddr=0:0:0:0:0:0:0:1
2026-08-16 14:45:42.561 [http-nio-8080-exec-3] INFO  c.e.config.RequestAuditLoggingFilter [fbd6ad2b-24b3-4afa-bf6a-a1ea4ca26029] - http_request method=OPTIONS uri=/api/dashboard/me status=200 durationMs=3 remoteAddr=0:0:0:0:0:0:0:1
2026-08-16 14:45:42.568 [http-nio-8080-exec-4] INFO  c.e.config.RequestAuditLoggingFilter [eef827d5-86f2-43f2-aae2-24272a56a214] - http_request method=OPTIONS uri=/api/users/me/photo status=200 durationMs=8 remoteAddr=0:0:0:0:0:0:0:1
2026-08-16 14:45:42.580 [http-nio-8080-exec-4] INFO  c.e.config.RequestAuditLoggingFilter [482b9b88-9292-4cc3-aa37-bcc5fe5b78bb] - http_request method=OPTIONS uri=/api/dashboard/me status=200 durationMs=4 remoteAddr=0:0:0:0:0:0:0:1
2026-08-16 14:45:42.585 [http-nio-8080-exec-6] INFO  c.e.config.RequestAuditLoggingFilter [7aa638de-3c4a-4991-a1f7-eca6cb6681a4] - http_request method=OPTIONS uri=/api/users/me/photo status=200 durationMs=6 remoteAddr=0:0:0:0:0:0:0:1
2026-08-16 14:45:43.151 [http-nio-8080-exec-10] INFO  c.e.config.RequestAuditLoggingFilter [a8b389b5-85c7-417b-a9f8-71aa5be6c585] - http_request method=GET uri=/api/users/me/photo status=200 durationMs=559 remoteAddr=0:0:0:0:0:0:0:1
2026-08-16 14:45:43.205 [http-nio-8080-exec-8] INFO  c.e.config.RequestAuditLoggingFilter [e9821b25-4950-4e25-a413-6689ed49f3c0] - http_request method=GET uri=/api/users/me/photo status=200 durationMs=623 remoteAddr=0:0:0:0:0:0:0:1
2026-08-16 14:45:45.483 [http-nio-8080-exec-6] INFO  c.e.config.RequestAuditLoggingFilter [37a911cb-621c-41a2-94aa-a03d5b4620d8] - http_request method=GET uri=/api/dashboard/me status=200 durationMs=2892 remoteAddr=0:0:0:0:0:0:0:1
2026-08-16 14:45:45.484 [http-nio-8080-exec-5] INFO  c.e.config.RequestAuditLoggingFilter [f19efe9e-a8e4-4d38-97d3-a99e1b0c071a] - http_request method=GET uri=/api/dashboard/me status=200 durationMs=2912 remoteAddr=0:0:0:0:0:0:0:1
2026-08-16 14:45:50.891 [http-nio-8080-exec-12] INFO  c.e.config.RequestAuditLoggingFilter [b64e6440-5d96-408b-8f3f-517de7b4c69e] - http_request method=OPTIONS uri=/api/dashboard/me status=200 durationMs=7 remoteAddr=0:0:0:0:0:0:0:1
2026-08-16 14:45:50.900 [http-nio-8080-exec-11] INFO  c.e.config.RequestAuditLoggingFilter [e1698b00-aeab-4db7-b127-58be521d9940] - http_request method=OPTIONS uri=/api/dashboard/me status=200 durationMs=8 remoteAddr=0:0:0:0:0:0:0:1
2026-08-16 14:45:51.077 [http-nio-8080-exec-12] INFO  c.e.config.RequestAuditLoggingFilter [72c87ca6-dc93-4c3c-8955-610717e18fb5] - http_request method=GET uri=/api/dashboard/me status=200 durationMs=160 remoteAddr=0:0:0:0:0:0:0:1
2026-08-16 14:45:51.077 [http-nio-8080-exec-11] INFO  c.e.config.RequestAuditLoggingFilter [7b384cb1-fd23-444f-995b-b1e5b815b2eb] - http_request method=GET uri=/api/dashboard/me status=200 durationMs=158 remoteAddr=0:0:0:0:0:0:0:1
2026-08-16 14:46:44.444 [http-nio-8080-exec-15] INFO  c.e.config.RequestAuditLoggingFilter [d4858410-fd08-41be-aaee-1f8a363e5648] - http_request method=OPTIONS uri=/api/exam-workflow/applications/39/schedule status=200 durationMs=4 remoteAddr=0:0:0:0:0:0:0:1
2026-08-16 14:46:45.335 [http-nio-8080-exec-15] INFO  c.e.config.RequestAuditLoggingFilter [b3eb6eae-4bd6-4390-808b-44a9294432f3] - http_request method=POST uri=/api/exam-workflow/applications/39/schedule status=200 durationMs=876 remoteAddr=0:0:0:0:0:0:0:1
2026-08-16 14:46:56.695 [http-nio-8080-exec-17] INFO  c.e.config.RequestAuditLoggingFilter [68a259dd-0708-4f43-b441-59e77de62d9f] - http_request method=OPTIONS uri=/api/dashboard/me status=200 durationMs=5 remoteAddr=0:0:0:0:0:0:0:1
2026-08-16 14:46:56.695 [http-nio-8080-exec-18] INFO  c.e.config.RequestAuditLoggingFilter [acdc9d1a-cd75-4a17-b9a7-c446334d6610] - http_request method=OPTIONS uri=/api/dashboard/me status=200 durationMs=5 remoteAddr=0:0:0:0:0:0:0:1
2026-08-16 14:46:59.033 [http-nio-8080-exec-20] INFO  c.e.config.RequestAuditLoggingFilter [ef3c9c05-6779-47d1-93e4-84cf2141c017] - http_request method=GET uri=/api/dashboard/me status=200 durationMs=2315 remoteAddr=0:0:0:0:0:0:0:1
2026-08-16 14:46:59.039 [http-nio-8080-exec-19] INFO  c.e.config.RequestAuditLoggingFilter [ff525dd8-211a-4c40-b504-8315a3700918] - http_request method=GET uri=/api/dashboard/me status=200 durationMs=2326 remoteAddr=0:0:0:0:0:0:0:1
2026-08-16 14:48:17.007 [http-nio-8080-exec-3] INFO  c.e.config.RequestAuditLoggingFilter [45b278eb-62a7-4d9d-b0e5-3768cabd4a05] - http_request method=OPTIONS uri=/api/exam-workflow/applications/39/start status=200 durationMs=4 remoteAddr=0:0:0:0:0:0:0:1
2026-08-16 14:48:18.447 [http-nio-8080-exec-7] INFO  c.e.s.impl.ExamWorkflowServiceImpl [b2fdc062-35a0-4990-83a1-052ffe92816f] - Exam started applicationId=39 sessionToken=cebe69be-0606-44a0-985b-19ed58b6c7d7 questionCount=30
2026-08-16 14:48:18.599 [http-nio-8080-exec-7] INFO  c.e.config.RequestAuditLoggingFilter [b2fdc062-35a0-4990-83a1-052ffe92816f] - http_request method=POST uri=/api/exam-workflow/applications/39/start status=200 durationMs=1580 remoteAddr=0:0:0:0:0:0:0:1
2026-08-16 14:48:19.640 [http-nio-8080-exec-4] INFO  c.e.config.RequestAuditLoggingFilter [a287b4d8-4411-4878-b04a-ed7adf953c0e] - http_request method=OPTIONS uri=/api/exam-workflow/sessions/cebe69be-0606-44a0-985b-19ed58b6c7d7/progress status=200 durationMs=8 remoteAddr=0:0:0:0:0:0:0:1
2026-08-16 14:48:21.092 [http-nio-8080-exec-9] INFO  c.e.config.RequestAuditLoggingFilter [71a636f9-2cca-43c5-9303-9146d23bdafb] - http_request method=POST uri=/api/exam-workflow/sessions/cebe69be-0606-44a0-985b-19ed58b6c7d7/progress status=200 durationMs=1436 remoteAddr=0:0:0:0:0:0:0:1
2026-08-16 14:48:32.541 [http-nio-8080-exec-10] INFO  c.e.config.RequestAuditLoggingFilter [f25a1afe-bc2e-427a-ac12-4a059e0c6a8d] - http_request method=OPTIONS uri=/api/proctor/log-violation status=200 durationMs=8 remoteAddr=0:0:0:0:0:0:0:1
2026-08-16 14:48:32.850 [http-nio-8080-exec-8] INFO  c.e.config.RequestAuditLoggingFilter [2b984ab7-8a6b-4f0a-ac52-05153a2c07a3] - http_request method=POST uri=/api/proctor/log-violation status=200 durationMs=299 remoteAddr=0:0:0:0:0:0:0:1
2026-08-16 14:48:34.404 [proctor-async-1] INFO  c.e.s.impl.ViolationStrikeRecorder [] - AI proctoring violation recorded: sessionId=26 type=SOUND_DETECTED strike=0/3 action=FLAGGED_FOR_REVIEW evidence=true
2026-08-16 14:48:45.443 [http-nio-8080-exec-6] INFO  c.e.config.RequestAuditLoggingFilter [3b5ae273-9708-482a-a58b-c4e3cbb21a7b] - http_request method=OPTIONS uri=/api/proctor/log-violation status=200 durationMs=3 remoteAddr=0:0:0:0:0:0:0:1
2026-08-16 14:48:45.638 [http-nio-8080-exec-12] INFO  c.e.config.RequestAuditLoggingFilter [8d7d9550-dadc-42db-806d-231ac451a58b] - http_request method=POST uri=/api/proctor/log-violation status=200 durationMs=179 remoteAddr=0:0:0:0:0:0:0:1
2026-08-16 14:48:46.177 [proctor-async-2] INFO  c.e.s.impl.ViolationStrikeRecorder [] - AI proctoring violation recorded: sessionId=26 type=VOICE_DETECTED strike=1/3 action=WARNING evidence=true
2026-08-16 14:48:50.710 [http-nio-8080-exec-13] INFO  c.e.config.RequestAuditLoggingFilter [a83de5e5-1af5-466a-b551-d12faca28899] - http_request method=OPTIONS uri=/api/proctoring/sessions/26/violations/summary status=200 durationMs=9 remoteAddr=0:0:0:0:0:0:0:1
2026-08-16 14:48:51.469 [http-nio-8080-exec-14] INFO  c.e.config.RequestAuditLoggingFilter [ee810295-3131-41fb-b62a-ea741f7c7639] - http_request method=GET uri=/api/proctoring/sessions/26/violations/summary status=200 durationMs=740 remoteAddr=0:0:0:0:0:0:0:1
2026-08-16 14:48:52.649 [http-nio-8080-exec-15] INFO  c.e.config.RequestAuditLoggingFilter [019eb888-7ea7-4317-9609-21b41e310e30] - http_request method=OPTIONS uri=/api/proctor/log-violation status=200 durationMs=10 remoteAddr=0:0:0:0:0:0:0:1
2026-08-16 14:48:53.414 [http-nio-8080-exec-16] INFO  c.e.config.RequestAuditLoggingFilter [707fc7b3-71e9-46bb-8000-267165661786] - http_request method=POST uri=/api/proctor/log-violation status=200 durationMs=753 remoteAddr=0:0:0:0:0:0:0:1
2026-08-16 14:48:54.677 [proctor-async-3] INFO  c.e.s.impl.ViolationStrikeRecorder [] - AI proctoring violation recorded: sessionId=26 type=SOUND_DETECTED strike=1/3 action=FLAGGED_FOR_REVIEW evidence=true
2026-08-16 14:49:00.963 [http-nio-8080-exec-18] INFO  c.e.config.RequestAuditLoggingFilter [75ecee33-7ccd-4f9d-ab8a-49963edc2a6a] - http_request method=OPTIONS uri=/api/dashboard/me status=200 durationMs=2 remoteAddr=0:0:0:0:0:0:0:1
2026-08-16 14:49:00.964 [http-nio-8080-exec-20] INFO  c.e.config.RequestAuditLoggingFilter [7271c19b-0304-47e9-96c1-1b35630bf794] - http_request method=OPTIONS uri=/api/exam-workflow/re-applyable status=200 durationMs=2 remoteAddr=0:0:0:0:0:0:0:1
2026-08-16 14:49:00.965 [http-nio-8080-exec-19] INFO  c.e.config.RequestAuditLoggingFilter [901be473-24e0-4edd-b01f-3f246d52856e] - http_request method=OPTIONS uri=/api/users/me/photo status=200 durationMs=2 remoteAddr=0:0:0:0:0:0:0:1
2026-08-16 14:49:00.965 [http-nio-8080-exec-1] INFO  c.e.config.RequestAuditLoggingFilter [bd24c4b4-4517-4f1d-ad9f-60b51503060a] - http_request method=OPTIONS uri=/api/dashboard/me status=200 durationMs=1 remoteAddr=0:0:0:0:0:0:0:1
2026-08-16 14:49:01.064 [http-nio-8080-exec-9] INFO  c.e.config.RequestAuditLoggingFilter [677ce033-3c19-49ea-8e88-f44672b885bd] - http_request method=OPTIONS uri=/api/users/me/photo status=200 durationMs=3 remoteAddr=0:0:0:0:0:0:0:1
2026-08-16 14:49:01.064 [http-nio-8080-exec-10] INFO  c.e.config.RequestAuditLoggingFilter [77adee86-4b6a-421c-a148-75c48f0c8cfc] - http_request method=OPTIONS uri=/api/exam-workflow/re-applyable status=200 durationMs=3 remoteAddr=0:0:0:0:0:0:0:1
2026-08-16 14:49:01.354 [http-nio-8080-exec-4] INFO  c.e.config.RequestAuditLoggingFilter [1990af90-bb70-4995-a146-acf3f29ca1fb] - http_request method=GET uri=/api/users/me/photo status=200 durationMs=374 remoteAddr=0:0:0:0:0:0:0:1
2026-08-16 14:49:01.553 [http-nio-8080-exec-7] INFO  c.e.config.RequestAuditLoggingFilter [262225f1-d193-48a8-a2c8-543f49474b92] - http_request method=GET uri=/api/exam-workflow/re-applyable status=200 durationMs=574 remoteAddr=0:0:0:0:0:0:0:1
2026-08-16 14:49:01.568 [http-nio-8080-exec-8] INFO  c.e.config.RequestAuditLoggingFilter [3e258046-57db-49d6-83de-891de9134a15] - http_request method=GET uri=/api/users/me/photo status=200 durationMs=497 remoteAddr=0:0:0:0:0:0:0:1
2026-08-16 14:49:01.574 [http-nio-8080-exec-5] INFO  c.e.config.RequestAuditLoggingFilter [3654cf1b-0d30-4347-8483-4869a6e1f299] - http_request method=GET uri=/api/exam-workflow/re-applyable status=200 durationMs=503 remoteAddr=0:0:0:0:0:0:0:1
2026-08-16 14:49:03.412 [http-nio-8080-exec-2] INFO  c.e.config.RequestAuditLoggingFilter [f019a7e8-3b4e-4e5e-8b3d-e0abd5619e3e] - http_request method=GET uri=/api/dashboard/me status=200 durationMs=2437 remoteAddr=0:0:0:0:0:0:0:1
2026-08-16 14:49:03.458 [http-nio-8080-exec-3] INFO  c.e.config.RequestAuditLoggingFilter [18005f7c-d1e8-4167-999e-b76671f87391] - http_request method=GET uri=/api/dashboard/me status=200 durationMs=2482 remoteAddr=0:0:0:0:0:0:0:1
2026-08-16 14:49:12.805 [http-nio-8080-exec-6] INFO  c.e.config.RequestAuditLoggingFilter [089d8992-470c-4d6e-8d4f-377f3f5aba69] - http_request method=OPTIONS uri=/api/dashboard/me status=200 durationMs=3 remoteAddr=0:0:0:0:0:0:0:1
2026-08-16 14:49:12.807 [http-nio-8080-exec-12] INFO  c.e.config.RequestAuditLoggingFilter [52d6018a-bdbe-4a23-80ee-20ef685f0acb] - http_request method=OPTIONS uri=/api/exam-workflow/re-applyable status=200 durationMs=3 remoteAddr=0:0:0:0:0:0:0:1
2026-08-16 14:49:12.813 [http-nio-8080-exec-11] INFO  c.e.config.RequestAuditLoggingFilter [44e556a3-4222-4c17-9a40-3345883d65a9] - http_request method=OPTIONS uri=/api/users/me/photo status=200 durationMs=1 remoteAddr=0:0:0:0:0:0:0:1
2026-08-16 14:49:12.825 [http-nio-8080-exec-15] INFO  c.e.config.RequestAuditLoggingFilter [d190d8af-39ae-467b-9463-cae7efe8797e] - http_request method=OPTIONS uri=/api/dashboard/me status=200 durationMs=2 remoteAddr=0:0:0:0:0:0:0:1
2026-08-16 14:49:12.830 [http-nio-8080-exec-16] INFO  c.e.config.RequestAuditLoggingFilter [d19db273-ebba-438c-aaf2-737f45700e29] - http_request method=OPTIONS uri=/api/exam-workflow/re-applyable status=200 durationMs=1 remoteAddr=0:0:0:0:0:0:0:1
2026-08-16 14:49:12.845 [http-nio-8080-exec-20] INFO  c.e.config.RequestAuditLoggingFilter [e81b164a-7369-4d86-92bd-de014f3fd048] - http_request method=OPTIONS uri=/api/users/me/photo status=200 durationMs=5 remoteAddr=0:0:0:0:0:0:0:1
2026-08-16 14:49:12.996 [http-nio-8080-exec-13] INFO  c.e.config.RequestAuditLoggingFilter [eb3abbff-b7ad-4209-8ede-ef4271963e99] - http_request method=GET uri=/api/dashboard/me status=200 durationMs=183 remoteAddr=0:0:0:0:0:0:0:1
2026-08-16 14:49:13.050 [http-nio-8080-exec-17] INFO  c.e.config.RequestAuditLoggingFilter [8b0b1fc9-e55b-497a-bf5d-6e25c861dc2b] - http_request method=GET uri=/api/dashboard/me status=200 durationMs=220 remoteAddr=0:0:0:0:0:0:0:1
2026-08-16 14:49:13.122 [http-nio-8080-exec-14] INFO  c.e.config.RequestAuditLoggingFilter [564f668b-1184-4c35-a810-0e1b88204d8e] - http_request method=GET uri=/api/users/me/photo status=200 durationMs=303 remoteAddr=0:0:0:0:0:0:0:1
2026-08-16 14:49:13.219 [http-nio-8080-exec-12] INFO  c.e.config.RequestAuditLoggingFilter [6fc62f0e-10d7-46b8-a0da-168e18a926a8] - http_request method=GET uri=/api/exam-workflow/re-applyable status=200 durationMs=407 remoteAddr=0:0:0:0:0:0:0:1
2026-08-16 14:49:13.222 [http-nio-8080-exec-19] INFO  c.e.config.RequestAuditLoggingFilter [76e328d2-dea1-4411-8438-cc98a7d147aa] - http_request method=GET uri=/api/users/me/photo status=200 durationMs=371 remoteAddr=0:0:0:0:0:0:0:1
2026-08-16 14:49:13.233 [http-nio-8080-exec-18] INFO  c.e.config.RequestAuditLoggingFilter [7759488e-443b-4e5c-9170-21c0c38e6da2] - http_request method=GET uri=/api/exam-workflow/re-applyable status=200 durationMs=399 remoteAddr=0:0:0:0:0:0:0:1
2026-08-16 14:49:17.788 [http-nio-8080-exec-1] INFO  c.e.config.RequestAuditLoggingFilter [b26c6e93-ca57-47ca-a388-949e9d83442e] - http_request method=OPTIONS uri=/api/dashboard/me status=200 durationMs=2 remoteAddr=0:0:0:0:0:0:0:1
2026-08-16 14:49:17.789 [http-nio-8080-exec-9] INFO  c.e.config.RequestAuditLoggingFilter [70dc9cac-7a5f-4c5d-97ed-770119e9b023] - http_request method=OPTIONS uri=/api/dashboard/me status=200 durationMs=1 remoteAddr=0:0:0:0:0:0:0:1
2026-08-16 14:49:17.945 [http-nio-8080-exec-10] INFO  c.e.config.RequestAuditLoggingFilter [bf5fe451-fbf1-4811-84f4-42ec8c216258] - http_request method=GET uri=/api/dashboard/me status=200 durationMs=147 remoteAddr=0:0:0:0:0:0:0:1
2026-08-16 14:49:17.961 [http-nio-8080-exec-4] INFO  c.e.config.RequestAuditLoggingFilter [61501deb-edbf-4e76-a7c6-67ed4c29f763] - http_request method=GET uri=/api/dashboard/me status=200 durationMs=163 remoteAddr=0:0:0:0:0:0:0:1
2026-08-16 14:49:25.523 [http-nio-8080-exec-7] INFO  c.e.config.RequestAuditLoggingFilter [233cabe3-eabc-4c91-9b48-9025cb6fd818] - http_request method=OPTIONS uri=/api/dashboard/me status=200 durationMs=1 remoteAddr=0:0:0:0:0:0:0:1
2026-08-16 14:49:25.530 [http-nio-8080-exec-8] INFO  c.e.config.RequestAuditLoggingFilter [a7d2766c-8b71-4433-bec7-7db124418c25] - http_request method=OPTIONS uri=/api/users/me/photo status=200 durationMs=3 remoteAddr=0:0:0:0:0:0:0:1
2026-08-16 14:49:25.548 [http-nio-8080-exec-3] INFO  c.e.config.RequestAuditLoggingFilter [b36bd9ba-e7d9-40aa-ab0b-278086a534da] - http_request method=OPTIONS uri=/api/dashboard/me status=200 durationMs=1 remoteAddr=0:0:0:0:0:0:0:1
2026-08-16 14:49:25.553 [http-nio-8080-exec-6] INFO  c.e.config.RequestAuditLoggingFilter [4e33d6b9-4ad2-49ef-a18c-e459430659cd] - http_request method=OPTIONS uri=/api/users/me/photo status=200 durationMs=1 remoteAddr=0:0:0:0:0:0:0:1
2026-08-16 14:49:25.672 [http-nio-8080-exec-5] INFO  c.e.config.RequestAuditLoggingFilter [0db7817c-88ea-492c-a4a3-dec08103e9c4] - http_request method=GET uri=/api/dashboard/me status=200 durationMs=139 remoteAddr=0:0:0:0:0:0:0:1
2026-08-16 14:49:25.691 [http-nio-8080-exec-11] INFO  c.e.config.RequestAuditLoggingFilter [6cd84165-070c-4e50-b108-917dd583a9f1] - http_request method=GET uri=/api/dashboard/me status=200 durationMs=138 remoteAddr=0:0:0:0:0:0:0:1
2026-08-16 14:49:25.813 [http-nio-8080-exec-2] INFO  c.e.config.RequestAuditLoggingFilter [6fe75e3b-ceec-44be-8d3b-0502778e140f] - http_request method=GET uri=/api/users/me/photo status=200 durationMs=276 remoteAddr=0:0:0:0:0:0:0:1
2026-08-16 14:49:26.081 [http-nio-8080-exec-15] INFO  c.e.config.RequestAuditLoggingFilter [328ca36a-4730-4e01-9187-f60117c56a01] - http_request method=GET uri=/api/users/me/photo status=200 durationMs=524 remoteAddr=0:0:0:0:0:0:0:1
2026-08-16 14:49:29.665 [http-nio-8080-exec-16] INFO  c.e.config.RequestAuditLoggingFilter [4a28f89a-58fe-476b-9e8c-2dd3cb9ee78b] - http_request method=OPTIONS uri=/api/dashboard/me status=200 durationMs=5 remoteAddr=0:0:0:0:0:0:0:1
2026-08-16 14:49:29.671 [http-nio-8080-exec-13] INFO  c.e.config.RequestAuditLoggingFilter [029ecd31-cc77-4519-ad8f-6ee29f2524bd] - http_request method=OPTIONS uri=/api/dashboard/me status=200 durationMs=4 remoteAddr=0:0:0:0:0:0:0:1
2026-08-16 14:49:29.672 [http-nio-8080-exec-20] INFO  c.e.config.RequestAuditLoggingFilter [71c16dbb-bf30-42f8-9540-bde7a2222ecd] - http_request method=OPTIONS uri=/api/exam-workflow/re-applyable status=200 durationMs=13 remoteAddr=0:0:0:0:0:0:0:1
2026-08-16 14:49:29.772 [http-nio-8080-exec-20] INFO  c.e.config.RequestAuditLoggingFilter [1e8171a1-e4b9-40cd-a366-287c9a36a1a5] - http_request method=OPTIONS uri=/api/exam-workflow/re-applyable status=200 durationMs=56 remoteAddr=0:0:0:0:0:0:0:1
2026-08-16 14:49:29.968 [http-nio-8080-exec-16] INFO  c.e.config.RequestAuditLoggingFilter [3c651918-aede-475b-8ef3-9dfc87793320] - http_request method=GET uri=/api/dashboard/me status=200 durationMs=243 remoteAddr=0:0:0:0:0:0:0:1
2026-08-16 14:49:30.024 [http-nio-8080-exec-13] INFO  c.e.config.RequestAuditLoggingFilter [916e9b8b-e2a8-4fa3-a667-252c0a93cdfe] - http_request method=GET uri=/api/dashboard/me status=200 durationMs=321 remoteAddr=0:0:0:0:0:0:0:1
2026-08-16 14:49:30.343 [http-nio-8080-exec-20] INFO  c.e.config.RequestAuditLoggingFilter [69eee50f-1848-43b9-8f19-28538ba543c9] - http_request method=GET uri=/api/exam-workflow/re-applyable status=200 durationMs=562 remoteAddr=0:0:0:0:0:0:0:1
2026-08-16 14:49:30.463 [http-nio-8080-exec-14] INFO  c.e.config.RequestAuditLoggingFilter [5eeebd4f-3dda-44da-b0e2-01dc3e53c94c] - http_request method=GET uri=/api/exam-workflow/re-applyable status=200 durationMs=681 remoteAddr=0:0:0:0:0:0:0:1
2026-08-16 14:59:37.422 [http-nio-8080-exec-4] INFO  c.e.config.RequestAuditLoggingFilter [2da857fe-91df-4f84-89c7-8267b95c588c] - http_request method=OPTIONS uri=/api/auth/logout status=200 durationMs=15 remoteAddr=0:0:0:0:0:0:0:1
2026-08-16 14:59:37.524 [http-nio-8080-exec-7] WARN  com.zaxxer.hikari.pool.PoolBase [c408dec8-fc8f-4295-8b30-434a4c1844ee] - HikariPool-1 - Failed to validate connection org.postgresql.jdbc.PgConnection@4bab804f (This connection has been closed.). Possibly consider using a shorter maxLifetime value.
2026-08-16 14:59:37.526 [http-nio-8080-exec-7] WARN  com.zaxxer.hikari.pool.PoolBase [c408dec8-fc8f-4295-8b30-434a4c1844ee] - HikariPool-1 - Failed to validate connection org.postgresql.jdbc.PgConnection@38f4d6a5 (This connection has been closed.). Possibly consider using a shorter maxLifetime value.
2026-08-16 14:59:37.529 [http-nio-8080-exec-7] WARN  com.zaxxer.hikari.pool.PoolBase [c408dec8-fc8f-4295-8b30-434a4c1844ee] - HikariPool-1 - Failed to validate connection org.postgresql.jdbc.PgConnection@4d7f2213 (This connection has been closed.). Possibly consider using a shorter maxLifetime value.
2026-08-16 14:59:38.624 [http-nio-8080-exec-7] WARN  com.zaxxer.hikari.pool.PoolBase [c408dec8-fc8f-4295-8b30-434a4c1844ee] - HikariPool-1 - Failed to validate connection org.postgresql.jdbc.PgConnection@bf34bc3 (This connection has been closed.). Possibly consider using a shorter maxLifetime value.
2026-08-16 14:59:38.625 [http-nio-8080-exec-7] WARN  com.zaxxer.hikari.pool.PoolBase [c408dec8-fc8f-4295-8b30-434a4c1844ee] - HikariPool-1 - Failed to validate connection org.postgresql.jdbc.PgConnection@751545d1 (This connection has been closed.). Possibly consider using a shorter maxLifetime value.
2026-08-16 14:59:38.820 [http-nio-8080-exec-7] INFO  c.e.s.impl.AuthenticationServiceImpl [c408dec8-fc8f-4295-8b30-434a4c1844ee] - Refresh token revoked successfully during logout
2026-08-16 14:59:38.869 [http-nio-8080-exec-7] INFO  c.e.config.RequestAuditLoggingFilter [c408dec8-fc8f-4295-8b30-434a4c1844ee] - http_request method=POST uri=/api/auth/logout status=200 durationMs=1401 remoteAddr=0:0:0:0:0:0:0:1
2026-08-16 15:02:39.089 [http-nio-8080-exec-3] INFO  c.e.config.RequestAuditLoggingFilter [6589c5e3-2566-41a9-ae95-ccaca5e57c83] - http_request method=OPTIONS uri=/api/auth/login status=200 durationMs=2 remoteAddr=0:0:0:0:0:0:0:1
2026-08-16 15:02:39.822 [http-nio-8080-exec-6] INFO  c.e.s.impl.AuthenticationServiceImpl [99a89a3f-f40a-4958-860f-950b48a2899d] - Login success for userId=Aaru@123, email=aaru@gmail.com
2026-08-16 15:02:39.939 [http-nio-8080-exec-6] INFO  c.e.config.RequestAuditLoggingFilter [99a89a3f-f40a-4958-860f-950b48a2899d] - http_request method=POST uri=/api/auth/login status=200 durationMs=843 remoteAddr=0:0:0:0:0:0:0:1
2026-08-16 15:02:40.959 [http-nio-8080-exec-5] INFO  c.e.config.RequestAuditLoggingFilter [40673307-35c2-4271-83b8-dc5c99b81f9b] - http_request method=OPTIONS uri=/api/dashboard/me status=200 durationMs=43 remoteAddr=0:0:0:0:0:0:0:1
2026-08-16 15:02:40.990 [http-nio-8080-exec-2] INFO  c.e.config.RequestAuditLoggingFilter [575bd2fa-42b8-45cd-a89f-cc7705413324] - http_request method=OPTIONS uri=/api/users/me/photo status=200 durationMs=73 remoteAddr=0:0:0:0:0:0:0:1
2026-08-16 15:02:40.991 [http-nio-8080-exec-11] INFO  c.e.config.RequestAuditLoggingFilter [fc173037-9bb0-49e5-815d-80522072a260] - http_request method=OPTIONS uri=/api/users/me/photo status=200 durationMs=102 remoteAddr=0:0:0:0:0:0:0:1
2026-08-16 15:02:40.992 [http-nio-8080-exec-15] INFO  c.e.config.RequestAuditLoggingFilter [067e3dc4-1517-48a1-bae9-4c7c5ec1fb48] - http_request method=OPTIONS uri=/api/dashboard/me status=200 durationMs=98 remoteAddr=0:0:0:0:0:0:0:1
2026-08-16 15:02:42.511 [http-nio-8080-exec-17] INFO  c.e.config.RequestAuditLoggingFilter [6e444497-81e4-4f52-ae99-975a986d050e] - http_request method=GET uri=/api/users/me/photo status=200 durationMs=1508 remoteAddr=0:0:0:0:0:0:0:1
2026-08-16 15:02:42.516 [http-nio-8080-exec-13] INFO  c.e.config.RequestAuditLoggingFilter [4a7cf715-2b4a-45a3-9894-74393be831c2] - http_request method=GET uri=/api/users/me/photo status=200 durationMs=1511 remoteAddr=0:0:0:0:0:0:0:1
2026-08-16 15:02:45.936 [http-nio-8080-exec-16] INFO  c.e.config.RequestAuditLoggingFilter [33e68497-47ec-4480-8427-4ad58d2d19eb] - http_request method=GET uri=/api/dashboard/me status=200 durationMs=4932 remoteAddr=0:0:0:0:0:0:0:1
2026-08-16 15:02:47.024 [http-nio-8080-exec-20] INFO  c.e.config.RequestAuditLoggingFilter [ac051a34-1120-4d6e-930f-82a13458df34] - http_request method=GET uri=/api/dashboard/me status=200 durationMs=5991 remoteAddr=0:0:0:0:0:0:0:1
2026-08-16 15:02:51.241 [http-nio-8080-exec-14] INFO  c.e.config.RequestAuditLoggingFilter [527bbd23-2da5-4588-8157-954ee0d4d53c] - http_request method=OPTIONS uri=/api/dashboard/me status=200 durationMs=4 remoteAddr=0:0:0:0:0:0:0:1
2026-08-16 15:02:51.242 [http-nio-8080-exec-19] INFO  c.e.config.RequestAuditLoggingFilter [9489e186-716a-408b-bfd7-5f4dc144cf95] - http_request method=OPTIONS uri=/api/dashboard/me status=200 durationMs=4 remoteAddr=0:0:0:0:0:0:0:1
2026-08-16 15:02:51.531 [http-nio-8080-exec-12] INFO  c.e.config.RequestAuditLoggingFilter [42d2ef39-64e0-4b0d-80a3-c54bdecf4f96] - http_request method=GET uri=/api/dashboard/me status=200 durationMs=281 remoteAddr=0:0:0:0:0:0:0:1
2026-08-16 15:02:51.531 [http-nio-8080-exec-1] INFO  c.e.config.RequestAuditLoggingFilter [06b4bda6-6082-4715-bc8f-e41dcc07aa18] - http_request method=GET uri=/api/dashboard/me status=200 durationMs=281 remoteAddr=0:0:0:0:0:0:0:1
2026-08-16 15:03:21.986 [http-nio-8080-exec-10] INFO  c.e.config.RequestAuditLoggingFilter [b385cab7-7fb2-4c47-bb96-3b1ceda4ca94] - http_request method=OPTIONS uri=/api/exam-workflow/applications/39/start status=200 durationMs=8 remoteAddr=0:0:0:0:0:0:0:1
2026-08-16 15:03:22.590 [http-nio-8080-exec-18] INFO  c.e.s.impl.ExamWorkflowServiceImpl [90148bfe-d31c-4975-8f3c-a842b055ade6] - Exam resume applicationId=39 sessionToken=cebe69be-0606-44a0-985b-19ed58b6c7d7 questionCount=30 remainingSeconds=6296 answersRestored=0
2026-08-16 15:03:22.651 [http-nio-8080-exec-18] INFO  c.e.config.RequestAuditLoggingFilter [90148bfe-d31c-4975-8f3c-a842b055ade6] - http_request method=POST uri=/api/exam-workflow/applications/39/start status=200 durationMs=655 remoteAddr=0:0:0:0:0:0:0:1
2026-08-16 15:03:23.299 [http-nio-8080-exec-9] INFO  c.e.config.RequestAuditLoggingFilter [895c98c1-37d1-44e3-af89-c33515a623ec] - http_request method=OPTIONS uri=/api/exam-workflow/sessions/cebe69be-0606-44a0-985b-19ed58b6c7d7/progress status=200 durationMs=11 remoteAddr=0:0:0:0:0:0:0:1
2026-08-16 15:03:24.105 [http-nio-8080-exec-4] INFO  c.e.config.RequestAuditLoggingFilter [c21af3c3-bfa7-4446-a31b-047fb938c929] - http_request method=POST uri=/api/exam-workflow/sessions/cebe69be-0606-44a0-985b-19ed58b6c7d7/progress status=200 durationMs=799 remoteAddr=0:0:0:0:0:0:0:1
2026-08-16 15:03:38.670 [http-nio-8080-exec-7] INFO  c.e.config.RequestAuditLoggingFilter [3cd5c24a-b3ab-443a-bbe4-7f0b221eafd9] - http_request method=OPTIONS uri=/api/proctor/log-violation status=200 durationMs=2 remoteAddr=0:0:0:0:0:0:0:1
2026-08-16 15:03:38.847 [http-nio-8080-exec-8] INFO  c.e.config.RequestAuditLoggingFilter [72cc6cc2-2302-489b-91ac-5a0ecaa560c7] - http_request method=POST uri=/api/proctor/log-violation status=200 durationMs=161 remoteAddr=0:0:0:0:0:0:0:1
2026-08-16 15:03:39.178 [proctor-async-4] INFO  c.e.s.impl.ViolationStrikeRecorder [] - AI proctoring violation recorded: sessionId=26 type=VOICE_DETECTED strike=2/3 action=WARNING evidence=true
2026-08-16 15:03:40.236 [http-nio-8080-exec-6] INFO  c.e.config.RequestAuditLoggingFilter [3e820ad7-0ecc-4a55-8eda-81a00856d6a7] - http_request method=OPTIONS uri=/api/proctor/log-violation status=200 durationMs=4 remoteAddr=0:0:0:0:0:0:0:1
2026-08-16 15:03:40.515 [http-nio-8080-exec-2] INFO  c.e.config.RequestAuditLoggingFilter [cba81323-faa2-481f-86f5-44263708f310] - http_request method=POST uri=/api/proctor/log-violation status=200 durationMs=268 remoteAddr=0:0:0:0:0:0:0:1
2026-08-16 15:03:40.757 [proctor-async-1] INFO  c.e.s.impl.ViolationStrikeRecorder [] - AI proctoring violation recorded: sessionId=26 type=SOUND_DETECTED strike=2/3 action=FLAGGED_FOR_REVIEW evidence=true
2026-08-16 15:03:41.743 [http-nio-8080-exec-11] INFO  c.e.config.RequestAuditLoggingFilter [f0f4b402-75d4-48b9-a72b-768fd5213d8e] - http_request method=OPTIONS uri=/api/proctor/log-violation status=200 durationMs=2 remoteAddr=0:0:0:0:0:0:0:1
2026-08-16 15:03:41.909 [http-nio-8080-exec-15] INFO  c.e.config.RequestAuditLoggingFilter [fa1ed49a-14d4-4c29-80b6-1523f6544e1e] - http_request method=POST uri=/api/proctor/log-violation status=200 durationMs=156 remoteAddr=0:0:0:0:0:0:0:1
2026-08-16 15:03:43.670 [proctor-async-2] INFO  c.e.s.impl.ExamInvalidationHandler [] - Certification application marked TERMINATED after proctoring invalidation: sessionId=26 applicationId=39
2026-08-16 15:03:43.670 [proctor-async-2] INFO  c.e.s.impl.ViolationStrikeRecorder [] - AI proctoring violation recorded: sessionId=26 type=PHONE_DETECTED strike=3/3 action=EXAM_TERMINATED evidence=true
2026-08-16 15:03:48.590 [http-nio-8080-exec-20] INFO  c.e.config.RequestAuditLoggingFilter [daf7be0e-2deb-45f6-9f36-6b6d1dd090b6] - http_request method=OPTIONS uri=/api/dashboard/me status=200 durationMs=2 remoteAddr=0:0:0:0:0:0:0:1
2026-08-16 15:03:48.601 [http-nio-8080-exec-14] INFO  c.e.config.RequestAuditLoggingFilter [bb8564cb-101e-41b5-849a-7067cad3ed08] - http_request method=OPTIONS uri=/api/exam-workflow/re-applyable status=200 durationMs=10 remoteAddr=0:0:0:0:0:0:0:1
2026-08-16 15:03:48.631 [http-nio-8080-exec-19] INFO  c.e.config.RequestAuditLoggingFilter [199f4291-cd39-42a5-b241-457c09f07bb6] - http_request method=OPTIONS uri=/api/users/me/photo status=200 durationMs=2 remoteAddr=0:0:0:0:0:0:0:1
2026-08-16 15:03:48.655 [http-nio-8080-exec-18] INFO  c.e.config.RequestAuditLoggingFilter [75e2c204-4412-4001-97f3-dcf75749252d] - http_request method=OPTIONS uri=/api/dashboard/me status=200 durationMs=2 remoteAddr=0:0:0:0:0:0:0:1
2026-08-16 15:03:48.655 [http-nio-8080-exec-9] INFO  c.e.config.RequestAuditLoggingFilter [f2ec8a39-b98b-4f9f-9cd9-acd0c7881716] - http_request method=OPTIONS uri=/api/exam-workflow/re-applyable status=200 durationMs=2 remoteAddr=0:0:0:0:0:0:0:1
2026-08-16 15:03:48.685 [http-nio-8080-exec-8] INFO  c.e.config.RequestAuditLoggingFilter [98344e11-5f57-405a-a76c-35c71f94c563] - http_request method=OPTIONS uri=/api/users/me/photo status=200 durationMs=3 remoteAddr=0:0:0:0:0:0:0:1
2026-08-16 15:03:49.011 [http-nio-8080-exec-10] INFO  c.e.config.RequestAuditLoggingFilter [d602efd0-48fb-414d-b8dc-6a5050b7b866] - http_request method=GET uri=/api/users/me/photo status=200 durationMs=372 remoteAddr=0:0:0:0:0:0:0:1
2026-08-16 15:03:49.066 [http-nio-8080-exec-3] INFO  c.e.config.RequestAuditLoggingFilter [347da9ba-d11c-4d26-93c6-fa9b746afde9] - http_request method=GET uri=/api/users/me/photo status=200 durationMs=373 remoteAddr=0:0:0:0:0:0:0:1
2026-08-16 15:03:49.212 [http-nio-8080-exec-7] INFO  c.e.config.RequestAuditLoggingFilter [f736d791-385f-4a02-b45a-6fc725d53282] - http_request method=GET uri=/api/exam-workflow/re-applyable status=200 durationMs=546 remoteAddr=0:0:0:0:0:0:0:1
2026-08-16 15:03:49.214 [http-nio-8080-exec-1] INFO  c.e.config.RequestAuditLoggingFilter [86ce31e9-fe8d-4dbe-81e4-f79722328a84] - http_request method=GET uri=/api/exam-workflow/re-applyable status=200 durationMs=583 remoteAddr=0:0:0:0:0:0:0:1
2026-08-16 15:03:51.021 [http-nio-8080-exec-12] INFO  c.e.config.RequestAuditLoggingFilter [5c4f3e30-d426-4a66-adda-3c4b25846eda] - http_request method=GET uri=/api/dashboard/me status=200 durationMs=2391 remoteAddr=0:0:0:0:0:0:0:1
2026-08-16 15:03:51.682 [http-nio-8080-exec-4] INFO  c.e.config.RequestAuditLoggingFilter [5051d3b2-6685-4463-b126-24c64991a498] - http_request method=GET uri=/api/dashboard/me status=200 durationMs=3017 remoteAddr=0:0:0:0:0:0:0:1
2026-08-16 15:04:10.685 [http-nio-8080-exec-6] INFO  c.e.config.RequestAuditLoggingFilter [46f432ec-4611-4d3d-a4a0-06e5832354a8] - http_request method=OPTIONS uri=/api/exam-workflow/applications/39/re-apply status=200 durationMs=5 remoteAddr=0:0:0:0:0:0:0:1
2026-08-16 15:04:11.409 [http-nio-8080-exec-2] INFO  c.e.s.impl.ExamWorkflowServiceImpl [551dd5a3-8a08-4596-800b-134a0f600c5e] - re-apply userId=aaru@gmail.com level=L3 sourceApplicationId=39 newApplicationId=40
2026-08-16 15:04:11.465 [http-nio-8080-exec-2] INFO  c.e.config.RequestAuditLoggingFilter [551dd5a3-8a08-4596-800b-134a0f600c5e] - http_request method=POST uri=/api/exam-workflow/applications/39/re-apply status=200 durationMs=769 remoteAddr=0:0:0:0:0:0:0:1
2026-08-16 15:04:11.785 [http-nio-8080-exec-5] INFO  c.e.config.RequestAuditLoggingFilter [2cdd814e-1153-4703-a061-a84852e064f0] - http_request method=OPTIONS uri=/api/dashboard/me status=200 durationMs=2 remoteAddr=0:0:0:0:0:0:0:1
2026-08-16 15:04:11.791 [http-nio-8080-exec-11] INFO  c.e.config.RequestAuditLoggingFilter [e747d401-5a8d-4644-a032-7c63b362e65d] - http_request method=OPTIONS uri=/api/dashboard/me status=200 durationMs=7 remoteAddr=0:0:0:0:0:0:0:1
2026-08-16 15:04:14.074 [http-nio-8080-exec-11] INFO  c.e.config.RequestAuditLoggingFilter [680e410b-7662-4c57-be0f-a753a8e9787f] - http_request method=GET uri=/api/dashboard/me status=200 durationMs=2271 remoteAddr=0:0:0:0:0:0:0:1
2026-08-16 15:04:14.150 [http-nio-8080-exec-17] INFO  c.e.config.RequestAuditLoggingFilter [3c2cbc31-3872-401e-9587-f592837b3427] - http_request method=GET uri=/api/dashboard/me status=200 durationMs=2347 remoteAddr=0:0:0:0:0:0:0:1
2026-08-16 15:04:23.106 [http-nio-8080-exec-13] INFO  c.e.config.RequestAuditLoggingFilter [1fc1566c-b1ec-4367-8772-bfd1a306948b] - http_request method=OPTIONS uri=/api/exam-workflow/applications/40/payments/initiate status=200 durationMs=2 remoteAddr=0:0:0:0:0:0:0:1
2026-08-16 15:04:23.594 [http-nio-8080-exec-16] INFO  c.e.service.impl.PaymentServiceImpl [00a1e173-00a6-49b7-9c95-bc06a74f222f] - Payment initiated: transactionId=51CC0DFA3A254C42, provider=RAZORPAY, applicationId=40
2026-08-16 15:04:23.695 [http-nio-8080-exec-16] INFO  c.e.config.RequestAuditLoggingFilter [00a1e173-00a6-49b7-9c95-bc06a74f222f] - http_request method=POST uri=/api/exam-workflow/applications/40/payments/initiate status=200 durationMs=581 remoteAddr=0:0:0:0:0:0:0:1
2026-08-16 15:04:23.722 [http-nio-8080-exec-20] INFO  c.e.config.RequestAuditLoggingFilter [17e4f314-c274-425f-9760-8e66b3ea8eb8] - http_request method=OPTIONS uri=/api/exam-workflow/applications/40/payments/complete status=200 durationMs=3 remoteAddr=0:0:0:0:0:0:0:1
2026-08-16 15:04:25.902 [http-nio-8080-exec-14] INFO  c.e.config.RequestAuditLoggingFilter [d588b4fd-22b9-4269-a373-7c49b52a524d] - http_request method=POST uri=/api/exam-workflow/applications/40/payments/complete status=200 durationMs=2173 remoteAddr=0:0:0:0:0:0:0:1
2026-08-16 15:04:27.488 [http-nio-8080-exec-19] INFO  c.e.config.RequestAuditLoggingFilter [f16142ae-e96f-4936-8f17-43ed5beff852] - http_request method=OPTIONS uri=/api/dashboard/me status=200 durationMs=2 remoteAddr=0:0:0:0:0:0:0:1
2026-08-16 15:04:27.489 [http-nio-8080-exec-18] INFO  c.e.config.RequestAuditLoggingFilter [57ba25ed-3acc-4184-b7fa-b5ee61989708] - http_request method=OPTIONS uri=/api/dashboard/me status=200 durationMs=2 remoteAddr=0:0:0:0:0:0:0:1
2026-08-16 15:04:30.135 [http-nio-8080-exec-9] INFO  c.e.config.RequestAuditLoggingFilter [d09ba202-ab39-4f44-8349-260878f6c400] - http_request method=GET uri=/api/dashboard/me status=200 durationMs=2625 remoteAddr=0:0:0:0:0:0:0:1
2026-08-16 15:04:30.252 [http-nio-8080-exec-8] INFO  c.e.config.RequestAuditLoggingFilter [a571ae1b-6194-4fb7-a540-7a4c5874743f] - http_request method=GET uri=/api/dashboard/me status=200 durationMs=2755 remoteAddr=0:0:0:0:0:0:0:1
2026-08-16 15:04:43.086 [http-nio-8080-exec-10] INFO  c.e.config.RequestAuditLoggingFilter [a7f83e2b-2a70-4029-af56-7c47581b5eda] - http_request method=OPTIONS uri=/api/exam-workflow/applications/40/schedule status=200 durationMs=31 remoteAddr=0:0:0:0:0:0:0:1
2026-08-16 15:04:43.751 [http-nio-8080-exec-10] INFO  c.e.config.RequestAuditLoggingFilter [7c55fe1d-9fac-437f-93ed-ecec54875e48] - http_request method=POST uri=/api/exam-workflow/applications/40/schedule status=200 durationMs=649 remoteAddr=0:0:0:0:0:0:0:1
2026-08-16 15:04:56.112 [http-nio-8080-exec-4] INFO  c.e.config.RequestAuditLoggingFilter [c48ce661-50a5-40fd-93c6-7bf2fe90f5a0] - http_request method=OPTIONS uri=/api/dashboard/me status=200 durationMs=2 remoteAddr=0:0:0:0:0:0:0:1
2026-08-16 15:04:56.118 [http-nio-8080-exec-6] INFO  c.e.config.RequestAuditLoggingFilter [88976830-7d10-4224-b65b-eb7838dec6b2] - http_request method=OPTIONS uri=/api/dashboard/me status=200 durationMs=6 remoteAddr=0:0:0:0:0:0:0:1
2026-08-16 15:04:58.556 [http-nio-8080-exec-5] INFO  c.e.config.RequestAuditLoggingFilter [e3b8b5f8-d731-4875-a89b-528945a7a036] - http_request method=GET uri=/api/dashboard/me status=200 durationMs=2423 remoteAddr=0:0:0:0:0:0:0:1
2026-08-16 15:04:58.633 [http-nio-8080-exec-2] INFO  c.e.config.RequestAuditLoggingFilter [a4183cd9-4691-4e3a-9594-c1027c3b142b] - http_request method=GET uri=/api/dashboard/me status=200 durationMs=2509 remoteAddr=0:0:0:0:0:0:0:1
2026-08-16 16:59:44.559 [http-nio-8080-exec-17] INFO  c.e.config.RequestAuditLoggingFilter [a6bb39b2-e041-43ab-b19f-723f724ed47e] - http_request method=OPTIONS uri=/api/dashboard/me status=200 durationMs=14 remoteAddr=0:0:0:0:0:0:0:1
2026-08-16 16:59:44.559 [http-nio-8080-exec-20] INFO  c.e.config.RequestAuditLoggingFilter [c786e506-c540-4da3-835f-f12eae3e82f7] - http_request method=OPTIONS uri=/api/users/me/photo status=200 durationMs=13 remoteAddr=0:0:0:0:0:0:0:1
2026-08-16 16:59:44.559 [http-nio-8080-exec-13] INFO  c.e.config.RequestAuditLoggingFilter [b75d7dae-d8dc-4bd5-8523-7ce72a9201ba] - http_request method=OPTIONS uri=/api/users/me/photo status=200 durationMs=14 remoteAddr=0:0:0:0:0:0:0:1
2026-08-16 16:59:44.559 [http-nio-8080-exec-16] INFO  c.e.config.RequestAuditLoggingFilter [ae2edba8-3d6c-416a-b23c-0e9015f4d278] - http_request method=OPTIONS uri=/api/dashboard/me status=200 durationMs=14 remoteAddr=0:0:0:0:0:0:0:1
2026-08-16 16:59:44.662 [http-nio-8080-exec-14] INFO  c.e.config.RequestAuditLoggingFilter [68bc0019-5e02-4282-9a77-a5092c3ad57a] - http_request method=GET uri=/api/dashboard/me status=401 durationMs=84 remoteAddr=0:0:0:0:0:0:0:1
2026-08-16 16:59:44.663 [http-nio-8080-exec-18] INFO  c.e.config.RequestAuditLoggingFilter [12a40ba1-0065-4cac-8aad-b888b89e876f] - http_request method=GET uri=/api/users/me/photo status=401 durationMs=84 remoteAddr=0:0:0:0:0:0:0:1
2026-08-16 16:59:44.665 [http-nio-8080-exec-9] INFO  c.e.config.RequestAuditLoggingFilter [e2d660fa-e717-4336-9ec5-120bfb515e1e] - http_request method=GET uri=/api/users/me/photo status=401 durationMs=86 remoteAddr=0:0:0:0:0:0:0:1
2026-08-16 16:59:44.667 [http-nio-8080-exec-19] INFO  c.e.config.RequestAuditLoggingFilter [33bbcaaa-e29b-4d82-b0c4-8d975e342e71] - http_request method=GET uri=/api/dashboard/me status=401 durationMs=88 remoteAddr=0:0:0:0:0:0:0:1
2026-08-16 16:59:44.721 [http-nio-8080-exec-8] INFO  c.e.config.RequestAuditLoggingFilter [321866bd-7347-41df-a594-c0198bf9773e] - http_request method=OPTIONS uri=/api/auth/refresh-token status=200 durationMs=2 remoteAddr=0:0:0:0:0:0:0:1
2026-08-16 16:59:44.732 [http-nio-8080-exec-3] INFO  c.e.config.RequestAuditLoggingFilter [8dd2a19a-f5db-414f-a061-5a37961953a4] - http_request method=OPTIONS uri=/api/auth/refresh-token status=200 durationMs=1 remoteAddr=0:0:0:0:0:0:0:1
2026-08-16 16:59:44.999 [http-nio-8080-exec-7] INFO  c.e.config.RequestAuditLoggingFilter [046c4e36-afd0-4445-932f-440f751e9d85] - http_request method=OPTIONS uri=/api/auth/refresh-token status=200 durationMs=1 remoteAddr=0:0:0:0:0:0:0:1
2026-08-16 16:59:45.054 [http-nio-8080-exec-4] INFO  c.e.config.RequestAuditLoggingFilter [f9664482-c5f8-4965-b35f-bb72ccdf2f29] - http_request method=OPTIONS uri=/api/auth/refresh-token status=200 durationMs=25 remoteAddr=0:0:0:0:0:0:0:1
2026-08-16 16:59:45.227 [http-nio-8080-exec-1] INFO  c.e.config.RequestAuditLoggingFilter [2670981e-464b-466e-a1e6-f5786f653e42] - http_request method=POST uri=/api/auth/refresh-token status=200 durationMs=491 remoteAddr=0:0:0:0:0:0:0:1
2026-08-16 16:59:45.377 [http-nio-8080-exec-5] INFO  c.e.config.RequestAuditLoggingFilter [59eedd2c-7f57-4de7-a9f8-70d7fe827c54] - http_request method=OPTIONS uri=/api/dashboard/me status=200 durationMs=1 remoteAddr=0:0:0:0:0:0:0:1
2026-08-16 16:59:45.396 [http-nio-8080-exec-12] INFO  c.e.config.RequestAuditLoggingFilter [f27aed63-2cb7-4876-9eef-f00d2d6b0c8b] - http_request method=POST uri=/api/auth/refresh-token status=401 durationMs=390 remoteAddr=0:0:0:0:0:0:0:1
2026-08-16 16:59:45.398 [http-nio-8080-exec-6] INFO  c.e.config.RequestAuditLoggingFilter [85f9d633-048e-4a1e-a8da-1154717414c6] - http_request method=POST uri=/api/auth/refresh-token status=401 durationMs=335 remoteAddr=0:0:0:0:0:0:0:1
2026-08-16 16:59:45.399 [http-nio-8080-exec-10] INFO  c.e.config.RequestAuditLoggingFilter [64ea52e3-89a6-41b0-a4f3-5f45e2dcdb0e] - http_request method=POST uri=/api/auth/refresh-token status=401 durationMs=673 remoteAddr=0:0:0:0:0:0:0:1
2026-08-16 16:59:47.747 [http-nio-8080-exec-2] INFO  c.e.config.RequestAuditLoggingFilter [c1642fb6-b9ac-46d6-9191-c11580e93d8e] - http_request method=GET uri=/api/dashboard/me status=200 durationMs=2365 remoteAddr=0:0:0:0:0:0:0:1
2026-08-16 17:08:32.518 [background-preinit] INFO  o.h.validator.internal.util.Version [] - HV000001: Hibernate Validator 8.0.2.Final
2026-08-16 17:08:32.670 [main] INFO  c.e.r.ProctoringRepositoryQueryTest [] - Starting ProctoringRepositoryQueryTest using Java 21.0.12 with PID 34989 (started by vignesh in /Users/vignesh/ems/EMS_SERVICES)
2026-08-16 17:08:32.672 [main] DEBUG c.e.r.ProctoringRepositoryQueryTest [] - Running with Spring Boot v3.3.7, Spring v6.1.16
2026-08-16 17:08:32.674 [main] INFO  c.e.r.ProctoringRepositoryQueryTest [] - The following 1 profile is active: "dev"
2026-08-16 17:08:35.546 [main] INFO  o.s.d.r.c.RepositoryConfigurationDelegate [] - Bootstrapping Spring Data JPA repositories in DEFAULT mode.
2026-08-16 17:08:36.169 [main] INFO  o.s.d.r.c.RepositoryConfigurationDelegate [] - Finished Spring Data repository scanning in 593 ms. Found 17 JPA repository interfaces.
2026-08-16 17:08:36.432 [main] INFO  o.s.b.t.a.j.TestDatabaseAutoConfiguration$EmbeddedDataSourceBeanFactoryPostProcessor [] - Replacing 'dataSource' DataSource bean with embedded version
2026-08-16 17:08:37.315 [main] INFO  o.s.j.d.e.EmbeddedDatabaseFactory [] - Starting embedded database: url='jdbc:h2:mem:0a9a083b-9b19-4ed0-8a96-64383acb95da;DB_CLOSE_DELAY=-1;DB_CLOSE_ON_EXIT=false', username='sa'
2026-08-16 17:08:38.599 [main] INFO  o.h.jpa.internal.util.LogHelper [] - HHH000204: Processing PersistenceUnitInfo [name: default]
2026-08-16 17:08:38.893 [main] INFO  org.hibernate.Version [] - HHH000412: Hibernate ORM core version 6.5.3.Final
2026-08-16 17:08:39.167 [main] INFO  o.h.c.i.RegionFactoryInitiator [] - HHH000026: Second-level cache disabled
2026-08-16 17:08:40.794 [main] INFO  o.s.o.j.p.SpringPersistenceUnitInfo [] - No LoadTimeWeaver setup: ignoring JPA class transformer
2026-08-16 17:08:41.018 [main] WARN  org.hibernate.orm.deprecation [] - HHH90000025: H2Dialect does not need to be specified explicitly using 'hibernate.dialect' (remove the property setting and it will be selected by default)
2026-08-16 17:08:47.683 [main] INFO  o.h.e.t.j.p.i.JtaPlatformInitiator [] - HHH000489: No JTA platform available (set 'hibernate.transaction.jta.platform' to enable JTA platform integration)
2026-08-16 17:08:48.301 [main] INFO  o.s.o.j.LocalContainerEntityManagerFactoryBean [] - Initialized JPA EntityManagerFactory for persistence unit 'default'
2026-08-16 17:08:50.184 [main] INFO  o.s.d.j.r.query.QueryEnhancerFactory [] - Hibernate is in classpath; If applicable, HQL parser will be used.
2026-08-16 17:08:55.587 [main] INFO  c.e.r.ProctoringRepositoryQueryTest [] - Started ProctoringRepositoryQueryTest in 25.19 seconds (process running for 29.987)
2026-08-16 17:09:02.088 [main] INFO  c.e.s.impl.ProctoringServiceImpl [] - Proctoring violation recorded: sessionId=301, violationType=WEBCAM_OFF, level=1, action=WARNING
2026-08-16 17:09:02.156 [main] INFO  c.e.s.impl.ExamInvalidationHandler [] - Certification application marked TERMINATED after proctoring invalidation: sessionId=300 applicationId=400
2026-08-16 17:09:02.160 [main] INFO  c.e.s.impl.ProctoringServiceImpl [] - Proctoring violation recorded: sessionId=300, violationType=TAB_SWITCH, level=3, action=EXAM_TERMINATED
2026-08-16 17:09:02.553 [main] WARN  c.e.s.impl.ExamInvalidationHandler [] - No certification application found to mark as terminated after exam invalidation: sessionId=300 examCode=EX-L1
2026-08-16 17:09:02.554 [main] INFO  c.e.s.impl.ViolationStrikeRecorder [] - AI proctoring violation recorded: sessionId=300 type=MULTIPLE_FACES strike=3/3 action=EXAM_TERMINATED evidence=false
2026-08-16 17:09:02.573 [main] WARN  c.e.s.impl.ViolationStrikeRecorder [] - Discarding malformed evidence frame for sessionId=300: Illegal base64 character 21
2026-08-16 17:09:02.575 [main] INFO  c.e.s.impl.ViolationStrikeRecorder [] - AI proctoring violation recorded: sessionId=300 type=PHONE_DETECTED strike=1/3 action=WARNING evidence=false
2026-08-16 17:09:02.587 [main] INFO  c.e.s.impl.ViolationStrikeRecorder [] - AI proctoring violation recorded: sessionId=300 type=SOUND_DETECTED strike=2/3 action=WARNING evidence=false
2026-08-16 17:09:02.604 [main] DEBUG c.e.s.impl.ViolationStrikeRecorder [] - Ignoring violation for non-active session: sessionId=300 status=INVALIDATED type=PHONE_DETECTED
2026-08-16 17:09:02.659 [main] INFO  c.e.s.impl.ViolationStrikeRecorder [] - AI proctoring violation recorded: sessionId=300 type=PHONE_DETECTED strike=1/3 action=WARNING evidence=true
2026-08-16 17:09:02.714 [main] WARN  c.e.s.impl.ViolationStrikeRecorder [] - Rejected proctoring violation: studentId mismatch. caller=candidate@example.com claimed=EMS-9999 owner=EMS-0007 sessionId=300
2026-08-16 17:09:02.787 [main] INFO  c.e.s.impl.ViolationStrikeRecorder [] - AI proctoring violation recorded: sessionId=300 type=PHONE_DETECTED strike=1/3 action=WARNING evidence=false
2026-08-16 17:09:02.818 [main] INFO  c.e.s.impl.ExamInvalidationHandler [] - Certification application marked TERMINATED after proctoring invalidation: sessionId=300 applicationId=400
2026-08-16 17:09:02.819 [main] INFO  c.e.s.impl.ViolationStrikeRecorder [] - AI proctoring violation recorded: sessionId=300 type=PHONE_DETECTED strike=3/3 action=EXAM_TERMINATED evidence=false
2026-08-16 17:09:02.868 [main] INFO  c.e.s.impl.ViolationStrikeRecorder [] - AI proctoring violation recorded: sessionId=300 type=PROCTOR_SETUP_INVALID strike=2/3 action=FLAGGED_FOR_REVIEW evidence=false
2026-08-16 17:09:02.882 [main] INFO  c.e.s.impl.ViolationStrikeRecorder [] - AI proctoring violation recorded: sessionId=300 type=EYES_OFF_SCREEN strike=0/3 action=FLAGGED_FOR_REVIEW evidence=true
2026-08-16 17:09:02.899 [main] INFO  c.e.s.impl.ViolationStrikeRecorder [] - AI proctoring violation recorded: sessionId=300 type=VOICE_DETECTED strike=1/3 action=WARNING evidence=false
2026-08-16 17:09:02.921 [main] INFO  c.e.s.impl.ViolationStrikeRecorder [] - AI proctoring violation recorded: sessionId=300 type=EYES_OFF_SCREEN strike=1/3 action=FLAGGED_FOR_REVIEW evidence=false
2026-08-16 17:09:02.939 [main] INFO  c.e.s.impl.ExamInvalidationHandler [] - Certification application marked TERMINATED after proctoring invalidation: sessionId=300 applicationId=400
2026-08-16 17:09:02.942 [main] INFO  c.e.s.impl.ViolationStrikeRecorder [] - AI proctoring violation recorded: sessionId=300 type=SOUND_DETECTED strike=3/3 action=EXAM_TERMINATED evidence=false
2026-08-16 17:09:03.010 [SpringApplicationShutdownHook] INFO  o.s.o.j.LocalContainerEntityManagerFactoryBean [] - Closing JPA EntityManagerFactory for persistence unit 'default'
2026-08-16 17:09:46.685 [background-preinit] INFO  o.h.validator.internal.util.Version [] - HV000001: Hibernate Validator 8.0.2.Final
2026-08-16 17:09:46.809 [main] INFO  c.e.r.ProctoringRepositoryQueryTest [] - Starting ProctoringRepositoryQueryTest using Java 21.0.12 with PID 35059 (started by vignesh in /Users/vignesh/ems/EMS_SERVICES)
2026-08-16 17:09:46.810 [main] DEBUG c.e.r.ProctoringRepositoryQueryTest [] - Running with Spring Boot v3.3.7, Spring v6.1.16
2026-08-16 17:09:46.812 [main] INFO  c.e.r.ProctoringRepositoryQueryTest [] - The following 1 profile is active: "dev"
2026-08-16 17:09:49.389 [main] INFO  o.s.d.r.c.RepositoryConfigurationDelegate [] - Bootstrapping Spring Data JPA repositories in DEFAULT mode.
2026-08-16 17:09:49.892 [main] INFO  o.s.d.r.c.RepositoryConfigurationDelegate [] - Finished Spring Data repository scanning in 463 ms. Found 17 JPA repository interfaces.
2026-08-16 17:09:50.137 [main] INFO  o.s.b.t.a.j.TestDatabaseAutoConfiguration$EmbeddedDataSourceBeanFactoryPostProcessor [] - Replacing 'dataSource' DataSource bean with embedded version
2026-08-16 17:09:50.770 [main] INFO  o.s.j.d.e.EmbeddedDatabaseFactory [] - Starting embedded database: url='jdbc:h2:mem:eb294996-585d-49e7-a02a-8f5434da04d4;DB_CLOSE_DELAY=-1;DB_CLOSE_ON_EXIT=false', username='sa'
2026-08-16 17:09:51.751 [main] INFO  o.h.jpa.internal.util.LogHelper [] - HHH000204: Processing PersistenceUnitInfo [name: default]
2026-08-16 17:09:52.039 [main] INFO  org.hibernate.Version [] - HHH000412: Hibernate ORM core version 6.5.3.Final
2026-08-16 17:09:52.208 [main] INFO  o.h.c.i.RegionFactoryInitiator [] - HHH000026: Second-level cache disabled
2026-08-16 17:09:53.667 [main] INFO  o.s.o.j.p.SpringPersistenceUnitInfo [] - No LoadTimeWeaver setup: ignoring JPA class transformer
2026-08-16 17:09:53.953 [main] WARN  org.hibernate.orm.deprecation [] - HHH90000025: H2Dialect does not need to be specified explicitly using 'hibernate.dialect' (remove the property setting and it will be selected by default)
2026-08-16 17:09:59.777 [main] INFO  o.h.e.t.j.p.i.JtaPlatformInitiator [] - HHH000489: No JTA platform available (set 'hibernate.transaction.jta.platform' to enable JTA platform integration)
2026-08-16 17:10:00.217 [main] INFO  o.s.o.j.LocalContainerEntityManagerFactoryBean [] - Initialized JPA EntityManagerFactory for persistence unit 'default'
2026-08-16 17:10:01.667 [main] INFO  o.s.d.j.r.query.QueryEnhancerFactory [] - Hibernate is in classpath; If applicable, HQL parser will be used.
2026-08-16 17:10:10.360 [main] INFO  c.e.r.ProctoringRepositoryQueryTest [] - Started ProctoringRepositoryQueryTest in 25.493 seconds (process running for 29.803)
2026-08-16 17:10:19.267 [main] INFO  c.e.s.impl.ProctoringServiceImpl [] - Proctoring violation recorded: sessionId=301, violationType=WEBCAM_OFF, level=1, action=WARNING
2026-08-16 17:10:19.355 [main] INFO  c.e.s.impl.ExamInvalidationHandler [] - Certification application marked TERMINATED after proctoring invalidation: sessionId=300 applicationId=400
2026-08-16 17:10:19.356 [main] INFO  c.e.s.impl.ProctoringServiceImpl [] - Proctoring violation recorded: sessionId=300, violationType=TAB_SWITCH, level=3, action=EXAM_TERMINATED
2026-08-16 17:10:19.836 [main] WARN  c.e.s.impl.ExamInvalidationHandler [] - No certification application found to mark as terminated after exam invalidation: sessionId=300 examCode=EX-L1
2026-08-16 17:10:19.837 [main] INFO  c.e.s.impl.ViolationStrikeRecorder [] - AI proctoring violation recorded: sessionId=300 type=MULTIPLE_FACES strike=3/3 action=EXAM_TERMINATED evidence=false
2026-08-16 17:10:19.858 [main] WARN  c.e.s.impl.ViolationStrikeRecorder [] - Discarding malformed evidence frame for sessionId=300: Illegal base64 character 21
2026-08-16 17:10:19.859 [main] INFO  c.e.s.impl.ViolationStrikeRecorder [] - AI proctoring violation recorded: sessionId=300 type=PHONE_DETECTED strike=1/3 action=WARNING evidence=false
2026-08-16 17:10:19.882 [main] INFO  c.e.s.impl.ViolationStrikeRecorder [] - AI proctoring violation recorded: sessionId=300 type=SOUND_DETECTED strike=2/3 action=WARNING evidence=false
2026-08-16 17:10:19.909 [main] DEBUG c.e.s.impl.ViolationStrikeRecorder [] - Ignoring violation for non-active session: sessionId=300 status=INVALIDATED type=PHONE_DETECTED
2026-08-16 17:10:19.995 [main] INFO  c.e.s.impl.ViolationStrikeRecorder [] - AI proctoring violation recorded: sessionId=300 type=PHONE_DETECTED strike=1/3 action=WARNING evidence=true
2026-08-16 17:10:20.023 [main] WARN  c.e.s.impl.ViolationStrikeRecorder [] - Rejected proctoring violation: studentId mismatch. caller=candidate@example.com claimed=EMS-9999 owner=EMS-0007 sessionId=300
2026-08-16 17:10:20.159 [main] INFO  c.e.s.impl.ViolationStrikeRecorder [] - AI proctoring violation recorded: sessionId=300 type=PHONE_DETECTED strike=1/3 action=WARNING evidence=false
2026-08-16 17:10:20.176 [main] INFO  c.e.s.impl.ExamInvalidationHandler [] - Certification application marked TERMINATED after proctoring invalidation: sessionId=300 applicationId=400
2026-08-16 17:10:20.177 [main] INFO  c.e.s.impl.ViolationStrikeRecorder [] - AI proctoring violation recorded: sessionId=300 type=PHONE_DETECTED strike=3/3 action=EXAM_TERMINATED evidence=false
2026-08-16 17:10:20.204 [main] INFO  c.e.s.impl.ViolationStrikeRecorder [] - AI proctoring violation recorded: sessionId=300 type=PROCTOR_SETUP_INVALID strike=2/3 action=FLAGGED_FOR_REVIEW evidence=false
2026-08-16 17:10:20.224 [main] INFO  c.e.s.impl.ViolationStrikeRecorder [] - AI proctoring violation recorded: sessionId=300 type=EYES_OFF_SCREEN strike=0/3 action=FLAGGED_FOR_REVIEW evidence=true
2026-08-16 17:10:20.245 [main] INFO  c.e.s.impl.ViolationStrikeRecorder [] - AI proctoring violation recorded: sessionId=300 type=VOICE_DETECTED strike=1/3 action=WARNING evidence=false
2026-08-16 17:10:20.271 [main] INFO  c.e.s.impl.ViolationStrikeRecorder [] - AI proctoring violation recorded: sessionId=300 type=EYES_OFF_SCREEN strike=1/3 action=FLAGGED_FOR_REVIEW evidence=false
2026-08-16 17:10:20.288 [main] INFO  c.e.s.impl.ExamInvalidationHandler [] - Certification application marked TERMINATED after proctoring invalidation: sessionId=300 applicationId=400
2026-08-16 17:10:20.288 [main] INFO  c.e.s.impl.ViolationStrikeRecorder [] - AI proctoring violation recorded: sessionId=300 type=SOUND_DETECTED strike=3/3 action=EXAM_TERMINATED evidence=false
2026-08-16 17:10:20.389 [SpringApplicationShutdownHook] INFO  o.s.o.j.LocalContainerEntityManagerFactoryBean [] - Closing JPA EntityManagerFactory for persistence unit 'default'
2026-08-16 17:18:19.692 [background-preinit] INFO  o.h.validator.internal.util.Version [] - HV000001: Hibernate Validator 8.0.2.Final
2026-08-16 17:18:19.869 [main] INFO  c.e.r.ProctoringRepositoryQueryTest [] - Starting ProctoringRepositoryQueryTest using Java 21.0.12 with PID 35256 (started by vignesh in /Users/vignesh/ems/EMS_SERVICES)
2026-08-16 17:18:19.871 [main] DEBUG c.e.r.ProctoringRepositoryQueryTest [] - Running with Spring Boot v3.3.7, Spring v6.1.16
2026-08-16 17:18:19.873 [main] INFO  c.e.r.ProctoringRepositoryQueryTest [] - The following 1 profile is active: "dev"
2026-08-16 17:18:22.786 [main] INFO  o.s.d.r.c.RepositoryConfigurationDelegate [] - Bootstrapping Spring Data JPA repositories in DEFAULT mode.
2026-08-16 17:18:23.530 [main] INFO  o.s.d.r.c.RepositoryConfigurationDelegate [] - Finished Spring Data repository scanning in 707 ms. Found 17 JPA repository interfaces.
2026-08-16 17:18:23.780 [main] INFO  o.s.b.t.a.j.TestDatabaseAutoConfiguration$EmbeddedDataSourceBeanFactoryPostProcessor [] - Replacing 'dataSource' DataSource bean with embedded version
2026-08-16 17:18:24.470 [main] INFO  o.s.j.d.e.EmbeddedDatabaseFactory [] - Starting embedded database: url='jdbc:h2:mem:d3341e6e-68b4-4806-a342-1ae16650b2e7;DB_CLOSE_DELAY=-1;DB_CLOSE_ON_EXIT=false', username='sa'
2026-08-16 17:18:25.726 [main] INFO  o.h.jpa.internal.util.LogHelper [] - HHH000204: Processing PersistenceUnitInfo [name: default]
2026-08-16 17:18:26.032 [main] INFO  org.hibernate.Version [] - HHH000412: Hibernate ORM core version 6.5.3.Final
2026-08-16 17:18:26.204 [main] INFO  o.h.c.i.RegionFactoryInitiator [] - HHH000026: Second-level cache disabled
2026-08-16 17:18:27.545 [main] INFO  o.s.o.j.p.SpringPersistenceUnitInfo [] - No LoadTimeWeaver setup: ignoring JPA class transformer
2026-08-16 17:18:27.790 [main] WARN  org.hibernate.orm.deprecation [] - HHH90000025: H2Dialect does not need to be specified explicitly using 'hibernate.dialect' (remove the property setting and it will be selected by default)
2026-08-16 17:18:34.138 [main] INFO  o.h.e.t.j.p.i.JtaPlatformInitiator [] - HHH000489: No JTA platform available (set 'hibernate.transaction.jta.platform' to enable JTA platform integration)
2026-08-16 17:18:34.691 [main] INFO  o.s.o.j.LocalContainerEntityManagerFactoryBean [] - Initialized JPA EntityManagerFactory for persistence unit 'default'
2026-08-16 17:18:36.428 [main] INFO  o.s.d.j.r.query.QueryEnhancerFactory [] - Hibernate is in classpath; If applicable, HQL parser will be used.
2026-08-16 17:18:41.778 [main] INFO  c.e.r.ProctoringRepositoryQueryTest [] - Started ProctoringRepositoryQueryTest in 24.374 seconds (process running for 29.613)
2026-08-16 17:18:48.526 [main] INFO  c.e.s.impl.ProctoringServiceImpl [] - Proctoring violation recorded: sessionId=301, violationType=WEBCAM_OFF, level=1, action=WARNING
2026-08-16 17:18:48.596 [main] INFO  c.e.s.impl.ExamInvalidationHandler [] - Certification application marked TERMINATED after proctoring invalidation: sessionId=300 applicationId=400
2026-08-16 17:18:48.599 [main] INFO  c.e.s.impl.ProctoringServiceImpl [] - Proctoring violation recorded: sessionId=300, violationType=TAB_SWITCH, level=3, action=EXAM_TERMINATED
2026-08-16 17:18:49.107 [main] WARN  c.e.s.impl.ExamInvalidationHandler [] - No certification application found to mark as terminated after exam invalidation: sessionId=300 examCode=EX-L1
2026-08-16 17:18:49.107 [main] INFO  c.e.s.impl.ViolationStrikeRecorder [] - AI proctoring violation recorded: sessionId=300 type=MULTIPLE_FACES strike=3/3 action=EXAM_TERMINATED evidence=false
2026-08-16 17:18:49.135 [main] WARN  c.e.s.impl.ViolationStrikeRecorder [] - Discarding malformed evidence frame for sessionId=300: Illegal base64 character 21
2026-08-16 17:18:49.139 [main] INFO  c.e.s.impl.ViolationStrikeRecorder [] - AI proctoring violation recorded: sessionId=300 type=PHONE_DETECTED strike=1/3 action=WARNING evidence=false
2026-08-16 17:18:49.176 [main] DEBUG c.e.s.impl.ViolationStrikeRecorder [] - Ignoring violation for non-active session: sessionId=300 status=INVALIDATED type=PHONE_DETECTED
2026-08-16 17:18:49.254 [main] INFO  c.e.s.impl.ViolationStrikeRecorder [] - AI proctoring violation recorded: sessionId=300 type=PHONE_DETECTED strike=1/3 action=WARNING evidence=false
2026-08-16 17:18:49.288 [main] INFO  c.e.s.impl.ViolationStrikeRecorder [] - AI proctoring violation recorded: sessionId=300 type=SOUND_DETECTED strike=2/3 action=WARNING evidence=false
2026-08-16 17:18:49.306 [main] INFO  c.e.s.impl.ViolationStrikeRecorder [] - AI proctoring violation recorded: sessionId=300 type=PHONE_DETECTED strike=1/3 action=WARNING evidence=true
2026-08-16 17:18:49.325 [main] WARN  c.e.s.impl.ViolationStrikeRecorder [] - Rejected proctoring violation: studentId mismatch. caller=candidate@example.com claimed=EMS-9999 owner=EMS-0007 sessionId=300
2026-08-16 17:18:49.452 [main] INFO  c.e.s.impl.ViolationStrikeRecorder [] - AI proctoring violation recorded: sessionId=300 type=PHONE_DETECTED strike=1/3 action=WARNING evidence=false
2026-08-16 17:18:49.475 [main] INFO  c.e.s.impl.ExamInvalidationHandler [] - Certification application marked TERMINATED after proctoring invalidation: sessionId=300 applicationId=400
2026-08-16 17:18:49.476 [main] INFO  c.e.s.impl.ViolationStrikeRecorder [] - AI proctoring violation recorded: sessionId=300 type=PHONE_DETECTED strike=3/3 action=EXAM_TERMINATED evidence=false
2026-08-16 17:18:49.488 [main] INFO  c.e.s.impl.ViolationStrikeRecorder [] - AI proctoring violation recorded: sessionId=300 type=PROCTOR_SETUP_INVALID strike=2/3 action=FLAGGED_FOR_REVIEW evidence=false
2026-08-16 17:18:49.500 [main] INFO  c.e.s.impl.ViolationStrikeRecorder [] - AI proctoring violation recorded: sessionId=300 type=EYES_OFF_SCREEN strike=0/3 action=FLAGGED_FOR_REVIEW evidence=true
2026-08-16 17:18:49.519 [main] INFO  c.e.s.impl.ViolationStrikeRecorder [] - AI proctoring violation recorded: sessionId=300 type=SOUND_DETECTED strike=1/3 action=LOGGED evidence=false
2026-08-16 17:18:49.542 [main] INFO  c.e.s.impl.ViolationStrikeRecorder [] - AI proctoring violation recorded: sessionId=300 type=VOICE_DETECTED strike=1/3 action=WARNING evidence=false
2026-08-16 17:18:49.555 [main] INFO  c.e.s.impl.ViolationStrikeRecorder [] - AI proctoring violation recorded: sessionId=300 type=SOUND_DETECTED strike=0/3 action=LOGGED evidence=false
2026-08-16 17:18:49.569 [main] INFO  c.e.s.impl.ViolationStrikeRecorder [] - AI proctoring violation recorded: sessionId=300 type=EYES_OFF_SCREEN strike=1/3 action=FLAGGED_FOR_REVIEW evidence=false
2026-08-16 17:18:49.585 [main] INFO  c.e.s.impl.ExamInvalidationHandler [] - Certification application marked TERMINATED after proctoring invalidation: sessionId=300 applicationId=400
2026-08-16 17:18:49.586 [main] INFO  c.e.s.impl.ViolationStrikeRecorder [] - AI proctoring violation recorded: sessionId=300 type=SOUND_DETECTED strike=3/3 action=EXAM_TERMINATED evidence=false
2026-08-16 17:18:49.711 [SpringApplicationShutdownHook] INFO  o.s.o.j.LocalContainerEntityManagerFactoryBean [] - Closing JPA EntityManagerFactory for persistence unit 'default'
2026-08-16 17:21:50.045 [background-preinit] INFO  o.h.validator.internal.util.Version [] - HV000001: Hibernate Validator 8.0.2.Final
2026-08-16 17:21:50.330 [main] INFO  c.e.r.ProctoringRepositoryQueryTest [] - Starting ProctoringRepositoryQueryTest using Java 21.0.12 with PID 35409 (started by vignesh in /Users/vignesh/ems/EMS_SERVICES)
2026-08-16 17:21:50.332 [main] DEBUG c.e.r.ProctoringRepositoryQueryTest [] - Running with Spring Boot v3.3.7, Spring v6.1.16
2026-08-16 17:21:50.334 [main] INFO  c.e.r.ProctoringRepositoryQueryTest [] - The following 1 profile is active: "dev"
2026-08-16 17:21:54.978 [main] INFO  o.s.d.r.c.RepositoryConfigurationDelegate [] - Bootstrapping Spring Data JPA repositories in DEFAULT mode.
2026-08-16 17:21:56.290 [main] INFO  o.s.d.r.c.RepositoryConfigurationDelegate [] - Finished Spring Data repository scanning in 1260 ms. Found 17 JPA repository interfaces.
2026-08-16 17:21:56.708 [main] INFO  o.s.b.t.a.j.TestDatabaseAutoConfiguration$EmbeddedDataSourceBeanFactoryPostProcessor [] - Replacing 'dataSource' DataSource bean with embedded version
2026-08-16 17:21:57.914 [main] INFO  o.s.j.d.e.EmbeddedDatabaseFactory [] - Starting embedded database: url='jdbc:h2:mem:85a69fab-5468-47de-9dda-fbb26f2ccfb7;DB_CLOSE_DELAY=-1;DB_CLOSE_ON_EXIT=false', username='sa'
2026-08-16 17:21:59.921 [main] INFO  o.h.jpa.internal.util.LogHelper [] - HHH000204: Processing PersistenceUnitInfo [name: default]
2026-08-16 17:22:00.566 [main] INFO  org.hibernate.Version [] - HHH000412: Hibernate ORM core version 6.5.3.Final
2026-08-16 17:22:00.722 [main] INFO  o.h.c.i.RegionFactoryInitiator [] - HHH000026: Second-level cache disabled
2026-08-16 17:22:03.273 [main] INFO  o.s.o.j.p.SpringPersistenceUnitInfo [] - No LoadTimeWeaver setup: ignoring JPA class transformer
2026-08-16 17:22:03.932 [main] WARN  org.hibernate.orm.deprecation [] - HHH90000025: H2Dialect does not need to be specified explicitly using 'hibernate.dialect' (remove the property setting and it will be selected by default)
2026-08-16 17:22:15.365 [main] INFO  o.h.e.t.j.p.i.JtaPlatformInitiator [] - HHH000489: No JTA platform available (set 'hibernate.transaction.jta.platform' to enable JTA platform integration)
2026-08-16 17:22:16.239 [main] INFO  o.s.o.j.LocalContainerEntityManagerFactoryBean [] - Initialized JPA EntityManagerFactory for persistence unit 'default'
2026-08-16 17:22:19.058 [main] INFO  o.s.d.j.r.query.QueryEnhancerFactory [] - Hibernate is in classpath; If applicable, HQL parser will be used.
2026-08-16 17:22:34.054 [main] INFO  c.e.r.ProctoringRepositoryQueryTest [] - Started ProctoringRepositoryQueryTest in 47.282 seconds (process running for 55.051)
2026-08-16 17:22:41.775 [main] INFO  c.e.s.impl.ProctoringServiceImpl [] - Proctoring violation recorded: sessionId=301, violationType=WEBCAM_OFF, level=1, action=WARNING
2026-08-16 17:22:41.852 [main] INFO  c.e.s.impl.ExamInvalidationHandler [] - Certification application marked TERMINATED after proctoring invalidation: sessionId=300 applicationId=400
2026-08-16 17:22:41.852 [main] INFO  c.e.s.impl.ProctoringServiceImpl [] - Proctoring violation recorded: sessionId=300, violationType=TAB_SWITCH, level=3, action=EXAM_TERMINATED
2026-08-16 17:22:42.262 [main] WARN  c.e.s.impl.ExamInvalidationHandler [] - No certification application found to mark as terminated after exam invalidation: sessionId=300 examCode=EX-L1
2026-08-16 17:22:42.263 [main] INFO  c.e.s.impl.ViolationStrikeRecorder [] - AI proctoring violation recorded: sessionId=300 type=MULTIPLE_FACES strike=3/3 action=EXAM_TERMINATED evidence=false
2026-08-16 17:22:42.293 [main] WARN  c.e.s.impl.ViolationStrikeRecorder [] - Discarding malformed evidence frame for sessionId=300: Illegal base64 character 21
2026-08-16 17:22:42.294 [main] INFO  c.e.s.impl.ViolationStrikeRecorder [] - AI proctoring violation recorded: sessionId=300 type=PHONE_DETECTED strike=1/3 action=WARNING evidence=false
2026-08-16 17:22:42.318 [main] DEBUG c.e.s.impl.ViolationStrikeRecorder [] - Ignoring violation for non-active session: sessionId=300 status=INVALIDATED type=PHONE_DETECTED
2026-08-16 17:22:42.345 [main] INFO  c.e.s.impl.ViolationStrikeRecorder [] - AI proctoring violation recorded: sessionId=300 type=PHONE_DETECTED strike=1/3 action=WARNING evidence=false
2026-08-16 17:22:42.377 [main] INFO  c.e.s.impl.ViolationStrikeRecorder [] - AI proctoring violation recorded: sessionId=300 type=SOUND_DETECTED strike=2/3 action=WARNING evidence=false
2026-08-16 17:22:42.402 [main] INFO  c.e.s.impl.ViolationStrikeRecorder [] - AI proctoring violation recorded: sessionId=300 type=PHONE_DETECTED strike=1/3 action=WARNING evidence=true
2026-08-16 17:22:42.643 [main] WARN  c.e.s.impl.ViolationStrikeRecorder [] - Rejected proctoring violation: studentId mismatch. caller=candidate@example.com claimed=EMS-9999 owner=EMS-0007 sessionId=300
2026-08-16 17:22:42.684 [main] INFO  c.e.s.impl.ViolationStrikeRecorder [] - AI proctoring violation recorded: sessionId=300 type=PHONE_DETECTED strike=1/3 action=WARNING evidence=false
2026-08-16 17:22:42.705 [main] INFO  c.e.s.impl.ExamInvalidationHandler [] - Certification application marked TERMINATED after proctoring invalidation: sessionId=300 applicationId=400
2026-08-16 17:22:42.706 [main] INFO  c.e.s.impl.ViolationStrikeRecorder [] - AI proctoring violation recorded: sessionId=300 type=PHONE_DETECTED strike=3/3 action=EXAM_TERMINATED evidence=false
2026-08-16 17:22:42.740 [main] INFO  c.e.s.impl.ViolationStrikeRecorder [] - AI proctoring violation recorded: sessionId=300 type=PROCTOR_SETUP_INVALID strike=2/3 action=FLAGGED_FOR_REVIEW evidence=false
2026-08-16 17:22:42.864 [main] INFO  c.e.s.impl.ViolationStrikeRecorder [] - AI proctoring violation recorded: sessionId=300 type=EYES_OFF_SCREEN strike=0/3 action=FLAGGED_FOR_REVIEW evidence=true
2026-08-16 17:22:42.893 [main] INFO  c.e.s.impl.ViolationStrikeRecorder [] - AI proctoring violation recorded: sessionId=300 type=SOUND_DETECTED strike=1/3 action=LOGGED evidence=false
2026-08-16 17:22:42.946 [main] INFO  c.e.s.impl.ViolationStrikeRecorder [] - AI proctoring violation recorded: sessionId=300 type=VOICE_DETECTED strike=1/3 action=WARNING evidence=false
2026-08-16 17:22:42.965 [main] INFO  c.e.s.impl.ViolationStrikeRecorder [] - AI proctoring violation recorded: sessionId=300 type=SOUND_DETECTED strike=0/3 action=LOGGED evidence=false
2026-08-16 17:22:42.981 [main] INFO  c.e.s.impl.ViolationStrikeRecorder [] - AI proctoring violation recorded: sessionId=300 type=EYES_OFF_SCREEN strike=1/3 action=FLAGGED_FOR_REVIEW evidence=false
2026-08-16 17:22:42.999 [main] INFO  c.e.s.impl.ExamInvalidationHandler [] - Certification application marked TERMINATED after proctoring invalidation: sessionId=300 applicationId=400
2026-08-16 17:22:42.999 [main] INFO  c.e.s.impl.ViolationStrikeRecorder [] - AI proctoring violation recorded: sessionId=300 type=SOUND_DETECTED strike=3/3 action=EXAM_TERMINATED evidence=false
2026-08-16 17:22:43.132 [SpringApplicationShutdownHook] INFO  o.s.o.j.LocalContainerEntityManagerFactoryBean [] - Closing JPA EntityManagerFactory for persistence unit 'default'
2026-08-16 17:35:28.639 [background-preinit] INFO  o.h.validator.internal.util.Version [] - HV000001: Hibernate Validator 8.0.2.Final
2026-08-16 17:35:28.793 [main] INFO  c.e.r.ProctoringRepositoryQueryTest [] - Starting ProctoringRepositoryQueryTest using Java 21.0.12 with PID 35769 (started by vignesh in /Users/vignesh/ems/EMS_SERVICES)
2026-08-16 17:35:28.794 [main] DEBUG c.e.r.ProctoringRepositoryQueryTest [] - Running with Spring Boot v3.3.7, Spring v6.1.16
2026-08-16 17:35:28.796 [main] INFO  c.e.r.ProctoringRepositoryQueryTest [] - The following 1 profile is active: "dev"
2026-08-16 17:35:30.807 [main] INFO  o.s.d.r.c.RepositoryConfigurationDelegate [] - Bootstrapping Spring Data JPA repositories in DEFAULT mode.
2026-08-16 17:35:31.149 [main] INFO  o.s.d.r.c.RepositoryConfigurationDelegate [] - Finished Spring Data repository scanning in 323 ms. Found 17 JPA repository interfaces.
2026-08-16 17:35:31.312 [main] INFO  o.s.b.t.a.j.TestDatabaseAutoConfiguration$EmbeddedDataSourceBeanFactoryPostProcessor [] - Replacing 'dataSource' DataSource bean with embedded version
2026-08-16 17:35:31.713 [main] INFO  o.s.j.d.e.EmbeddedDatabaseFactory [] - Starting embedded database: url='jdbc:h2:mem:0d8b56f4-3c10-4b61-9f01-0e03cd5feba3;DB_CLOSE_DELAY=-1;DB_CLOSE_ON_EXIT=false', username='sa'
2026-08-16 17:35:32.477 [main] INFO  o.h.jpa.internal.util.LogHelper [] - HHH000204: Processing PersistenceUnitInfo [name: default]
2026-08-16 17:35:32.663 [main] INFO  org.hibernate.Version [] - HHH000412: Hibernate ORM core version 6.5.3.Final
2026-08-16 17:35:32.771 [main] INFO  o.h.c.i.RegionFactoryInitiator [] - HHH000026: Second-level cache disabled
2026-08-16 17:35:33.562 [main] INFO  o.s.o.j.p.SpringPersistenceUnitInfo [] - No LoadTimeWeaver setup: ignoring JPA class transformer
2026-08-16 17:35:33.695 [main] WARN  org.hibernate.orm.deprecation [] - HHH90000025: H2Dialect does not need to be specified explicitly using 'hibernate.dialect' (remove the property setting and it will be selected by default)
2026-08-16 17:35:37.191 [main] INFO  o.h.e.t.j.p.i.JtaPlatformInitiator [] - HHH000489: No JTA platform available (set 'hibernate.transaction.jta.platform' to enable JTA platform integration)
2026-08-16 17:35:37.512 [main] INFO  o.s.o.j.LocalContainerEntityManagerFactoryBean [] - Initialized JPA EntityManagerFactory for persistence unit 'default'
2026-08-16 17:35:38.582 [main] INFO  o.s.d.j.r.query.QueryEnhancerFactory [] - Hibernate is in classpath; If applicable, HQL parser will be used.
2026-08-16 17:35:42.172 [main] INFO  c.e.r.ProctoringRepositoryQueryTest [] - Started ProctoringRepositoryQueryTest in 14.758 seconds (process running for 18.363)
2026-08-16 17:35:46.282 [main] INFO  c.e.s.impl.ProctoringServiceImpl [] - Proctoring violation recorded: sessionId=301, violationType=WEBCAM_OFF, level=1, action=WARNING
2026-08-16 17:35:46.344 [main] INFO  c.e.s.impl.ExamInvalidationHandler [] - Certification application marked TERMINATED after proctoring invalidation: sessionId=300 applicationId=400
2026-08-16 17:35:46.344 [main] INFO  c.e.s.impl.ProctoringServiceImpl [] - Proctoring violation recorded: sessionId=300, violationType=TAB_SWITCH, level=3, action=EXAM_TERMINATED
2026-08-16 17:35:46.725 [main] WARN  c.e.s.impl.ExamInvalidationHandler [] - No certification application found to mark as terminated after exam invalidation: sessionId=300 examCode=EX-L1
2026-08-16 17:35:46.725 [main] INFO  c.e.s.impl.ViolationStrikeRecorder [] - AI proctoring violation recorded: sessionId=300 type=MULTIPLE_FACES strike=3/3 action=EXAM_TERMINATED evidence=false
2026-08-16 17:35:46.746 [main] WARN  c.e.s.impl.ViolationStrikeRecorder [] - Discarding malformed evidence frame for sessionId=300: Illegal base64 character 21
2026-08-16 17:35:46.747 [main] INFO  c.e.s.impl.ViolationStrikeRecorder [] - AI proctoring violation recorded: sessionId=300 type=PHONE_DETECTED strike=1/3 action=WARNING evidence=false
2026-08-16 17:35:46.765 [main] DEBUG c.e.s.impl.ViolationStrikeRecorder [] - Ignoring violation for non-active session: sessionId=300 status=INVALIDATED type=PHONE_DETECTED
2026-08-16 17:35:46.787 [main] INFO  c.e.s.impl.ViolationStrikeRecorder [] - AI proctoring violation recorded: sessionId=300 type=PHONE_DETECTED strike=1/3 action=WARNING evidence=false
2026-08-16 17:35:46.813 [main] INFO  c.e.s.impl.ViolationStrikeRecorder [] - AI proctoring violation recorded: sessionId=300 type=SOUND_DETECTED strike=2/3 action=WARNING evidence=false
2026-08-16 17:35:46.841 [main] INFO  c.e.s.impl.ViolationStrikeRecorder [] - AI proctoring violation recorded: sessionId=300 type=PHONE_DETECTED strike=1/3 action=WARNING evidence=true
2026-08-16 17:35:46.866 [main] WARN  c.e.s.impl.ViolationStrikeRecorder [] - Rejected proctoring violation: studentId mismatch. caller=candidate@example.com claimed=EMS-9999 owner=EMS-0007 sessionId=300
2026-08-16 17:35:46.897 [main] INFO  c.e.s.impl.ViolationStrikeRecorder [] - AI proctoring violation recorded: sessionId=300 type=PHONE_DETECTED strike=1/3 action=WARNING evidence=false
2026-08-16 17:35:46.932 [main] INFO  c.e.s.impl.ExamInvalidationHandler [] - Certification application marked TERMINATED after proctoring invalidation: sessionId=300 applicationId=400
2026-08-16 17:35:46.932 [main] INFO  c.e.s.impl.ViolationStrikeRecorder [] - AI proctoring violation recorded: sessionId=300 type=PHONE_DETECTED strike=3/3 action=EXAM_TERMINATED evidence=false
2026-08-16 17:35:46.946 [main] INFO  c.e.s.impl.ViolationStrikeRecorder [] - AI proctoring violation recorded: sessionId=300 type=PROCTOR_SETUP_INVALID strike=2/3 action=FLAGGED_FOR_REVIEW evidence=false
2026-08-16 17:35:46.960 [main] INFO  c.e.s.impl.ViolationStrikeRecorder [] - AI proctoring violation recorded: sessionId=300 type=EYES_OFF_SCREEN strike=0/3 action=FLAGGED_FOR_REVIEW evidence=true
2026-08-16 17:35:46.974 [main] INFO  c.e.s.impl.ViolationStrikeRecorder [] - AI proctoring violation recorded: sessionId=300 type=SOUND_DETECTED strike=1/3 action=LOGGED evidence=false
2026-08-16 17:35:46.992 [main] INFO  c.e.s.impl.ViolationStrikeRecorder [] - AI proctoring violation recorded: sessionId=300 type=VOICE_DETECTED strike=1/3 action=WARNING evidence=false
2026-08-16 17:35:47.021 [main] INFO  c.e.s.impl.ViolationStrikeRecorder [] - AI proctoring violation recorded: sessionId=300 type=SOUND_DETECTED strike=0/3 action=LOGGED evidence=false
2026-08-16 17:35:47.032 [main] INFO  c.e.s.impl.ViolationStrikeRecorder [] - AI proctoring violation recorded: sessionId=300 type=EYES_OFF_SCREEN strike=1/3 action=FLAGGED_FOR_REVIEW evidence=false
2026-08-16 17:35:47.058 [main] INFO  c.e.s.impl.ExamInvalidationHandler [] - Certification application marked TERMINATED after proctoring invalidation: sessionId=300 applicationId=400
2026-08-16 17:35:47.059 [main] INFO  c.e.s.impl.ViolationStrikeRecorder [] - AI proctoring violation recorded: sessionId=300 type=SOUND_DETECTED strike=3/3 action=EXAM_TERMINATED evidence=false
2026-08-16 17:35:47.131 [SpringApplicationShutdownHook] INFO  o.s.o.j.LocalContainerEntityManagerFactoryBean [] - Closing JPA EntityManagerFactory for persistence unit 'default'
2026-08-16 17:36:18.452 [background-preinit] INFO  o.h.validator.internal.util.Version [] - HV000001: Hibernate Validator 8.0.2.Final
2026-08-16 17:36:18.585 [main] INFO  c.e.r.ProctoringRepositoryQueryTest [] - Starting ProctoringRepositoryQueryTest using Java 21.0.12 with PID 35821 (started by vignesh in /Users/vignesh/ems/EMS_SERVICES)
2026-08-16 17:36:18.586 [main] DEBUG c.e.r.ProctoringRepositoryQueryTest [] - Running with Spring Boot v3.3.7, Spring v6.1.16
2026-08-16 17:36:18.587 [main] INFO  c.e.r.ProctoringRepositoryQueryTest [] - The following 1 profile is active: "dev"
2026-08-16 17:36:20.575 [main] INFO  o.s.d.r.c.RepositoryConfigurationDelegate [] - Bootstrapping Spring Data JPA repositories in DEFAULT mode.
2026-08-16 17:36:20.918 [main] INFO  o.s.d.r.c.RepositoryConfigurationDelegate [] - Finished Spring Data repository scanning in 329 ms. Found 17 JPA repository interfaces.
2026-08-16 17:36:21.079 [main] INFO  o.s.b.t.a.j.TestDatabaseAutoConfiguration$EmbeddedDataSourceBeanFactoryPostProcessor [] - Replacing 'dataSource' DataSource bean with embedded version
2026-08-16 17:36:21.560 [main] INFO  o.s.j.d.e.EmbeddedDatabaseFactory [] - Starting embedded database: url='jdbc:h2:mem:6bc08c1a-2be4-4dc1-9522-9391aec3e0c3;DB_CLOSE_DELAY=-1;DB_CLOSE_ON_EXIT=false', username='sa'
2026-08-16 17:36:22.354 [main] INFO  o.h.jpa.internal.util.LogHelper [] - HHH000204: Processing PersistenceUnitInfo [name: default]
2026-08-16 17:36:22.537 [main] INFO  org.hibernate.Version [] - HHH000412: Hibernate ORM core version 6.5.3.Final
2026-08-16 17:36:22.647 [main] INFO  o.h.c.i.RegionFactoryInitiator [] - HHH000026: Second-level cache disabled
2026-08-16 17:36:23.470 [main] INFO  o.s.o.j.p.SpringPersistenceUnitInfo [] - No LoadTimeWeaver setup: ignoring JPA class transformer
2026-08-16 17:36:23.619 [main] WARN  org.hibernate.orm.deprecation [] - HHH90000025: H2Dialect does not need to be specified explicitly using 'hibernate.dialect' (remove the property setting and it will be selected by default)
2026-08-16 17:36:27.463 [main] INFO  o.h.e.t.j.p.i.JtaPlatformInitiator [] - HHH000489: No JTA platform available (set 'hibernate.transaction.jta.platform' to enable JTA platform integration)
2026-08-16 17:36:27.799 [main] INFO  o.s.o.j.LocalContainerEntityManagerFactoryBean [] - Initialized JPA EntityManagerFactory for persistence unit 'default'
2026-08-16 17:36:28.970 [main] INFO  o.s.d.j.r.query.QueryEnhancerFactory [] - Hibernate is in classpath; If applicable, HQL parser will be used.
2026-08-16 17:36:32.301 [main] INFO  c.e.r.ProctoringRepositoryQueryTest [] - Started ProctoringRepositoryQueryTest in 14.988 seconds (process running for 18.601)
2026-08-16 17:36:36.583 [main] INFO  c.e.s.impl.ProctoringServiceImpl [] - Proctoring violation recorded: sessionId=301, violationType=WEBCAM_OFF, level=1, action=WARNING
2026-08-16 17:36:36.670 [main] INFO  c.e.s.impl.ExamInvalidationHandler [] - Certification application marked TERMINATED after proctoring invalidation: sessionId=300 applicationId=400
2026-08-16 17:36:36.670 [main] INFO  c.e.s.impl.ProctoringServiceImpl [] - Proctoring violation recorded: sessionId=300, violationType=TAB_SWITCH, level=3, action=EXAM_TERMINATED
2026-08-16 17:36:36.998 [main] WARN  c.e.s.impl.ExamInvalidationHandler [] - No certification application found to mark as terminated after exam invalidation: sessionId=300 examCode=EX-L1
2026-08-16 17:36:36.999 [main] INFO  c.e.s.impl.ViolationStrikeRecorder [] - AI proctoring violation recorded: sessionId=300 type=MULTIPLE_FACES strike=3/3 action=EXAM_TERMINATED evidence=false
2026-08-16 17:36:37.020 [main] WARN  c.e.s.impl.ViolationStrikeRecorder [] - Discarding malformed evidence frame for sessionId=300: Illegal base64 character 21
2026-08-16 17:36:37.021 [main] INFO  c.e.s.impl.ViolationStrikeRecorder [] - AI proctoring violation recorded: sessionId=300 type=PHONE_DETECTED strike=1/3 action=WARNING evidence=false
2026-08-16 17:36:37.047 [main] DEBUG c.e.s.impl.ViolationStrikeRecorder [] - Ignoring violation for non-active session: sessionId=300 status=INVALIDATED type=PHONE_DETECTED
2026-08-16 17:36:37.082 [main] INFO  c.e.s.impl.ViolationStrikeRecorder [] - AI proctoring violation recorded: sessionId=300 type=PHONE_DETECTED strike=1/3 action=WARNING evidence=false
2026-08-16 17:36:37.103 [main] INFO  c.e.s.impl.ViolationStrikeRecorder [] - AI proctoring violation recorded: sessionId=300 type=SOUND_DETECTED strike=2/3 action=WARNING evidence=false
2026-08-16 17:36:37.136 [main] INFO  c.e.s.impl.ViolationStrikeRecorder [] - AI proctoring violation recorded: sessionId=300 type=PHONE_DETECTED strike=1/3 action=WARNING evidence=true
2026-08-16 17:36:37.177 [main] WARN  c.e.s.impl.ViolationStrikeRecorder [] - Rejected proctoring violation: studentId mismatch. caller=candidate@example.com claimed=EMS-9999 owner=EMS-0007 sessionId=300
2026-08-16 17:36:37.202 [main] INFO  c.e.s.impl.ViolationStrikeRecorder [] - AI proctoring violation recorded: sessionId=300 type=PHONE_DETECTED strike=1/3 action=WARNING evidence=false
2026-08-16 17:36:37.233 [main] INFO  c.e.s.impl.ExamInvalidationHandler [] - Certification application marked TERMINATED after proctoring invalidation: sessionId=300 applicationId=400
2026-08-16 17:36:37.234 [main] INFO  c.e.s.impl.ViolationStrikeRecorder [] - AI proctoring violation recorded: sessionId=300 type=PHONE_DETECTED strike=3/3 action=EXAM_TERMINATED evidence=false
2026-08-16 17:36:37.259 [main] INFO  c.e.s.impl.ViolationStrikeRecorder [] - AI proctoring violation recorded: sessionId=300 type=PROCTOR_SETUP_INVALID strike=2/3 action=FLAGGED_FOR_REVIEW evidence=false
2026-08-16 17:36:37.271 [main] INFO  c.e.s.impl.ViolationStrikeRecorder [] - AI proctoring violation recorded: sessionId=300 type=EYES_OFF_SCREEN strike=0/3 action=FLAGGED_FOR_REVIEW evidence=true
2026-08-16 17:36:37.286 [main] INFO  c.e.s.impl.ViolationStrikeRecorder [] - AI proctoring violation recorded: sessionId=300 type=SOUND_DETECTED strike=1/3 action=LOGGED evidence=false
2026-08-16 17:36:37.310 [main] INFO  c.e.s.impl.ViolationStrikeRecorder [] - AI proctoring violation recorded: sessionId=300 type=VOICE_DETECTED strike=1/3 action=WARNING evidence=false
2026-08-16 17:36:37.319 [main] INFO  c.e.s.impl.ViolationStrikeRecorder [] - AI proctoring violation recorded: sessionId=300 type=SOUND_DETECTED strike=0/3 action=LOGGED evidence=false
2026-08-16 17:36:37.335 [main] INFO  c.e.s.impl.ViolationStrikeRecorder [] - AI proctoring violation recorded: sessionId=300 type=EYES_OFF_SCREEN strike=1/3 action=FLAGGED_FOR_REVIEW evidence=false
2026-08-16 17:36:37.355 [main] INFO  c.e.s.impl.ExamInvalidationHandler [] - Certification application marked TERMINATED after proctoring invalidation: sessionId=300 applicationId=400
2026-08-16 17:36:37.355 [main] INFO  c.e.s.impl.ViolationStrikeRecorder [] - AI proctoring violation recorded: sessionId=300 type=SOUND_DETECTED strike=3/3 action=EXAM_TERMINATED evidence=false
2026-08-16 17:36:37.430 [SpringApplicationShutdownHook] INFO  o.s.o.j.LocalContainerEntityManagerFactoryBean [] - Closing JPA EntityManagerFactory for persistence unit 'default'
2026-08-16 17:37:11.006 [background-preinit] INFO  o.h.validator.internal.util.Version [] - HV000001: Hibernate Validator 8.0.2.Final
2026-08-16 17:37:11.145 [main] INFO  c.e.r.ProctoringRepositoryQueryTest [] - Starting ProctoringRepositoryQueryTest using Java 21.0.12 with PID 35874 (started by vignesh in /Users/vignesh/ems/EMS_SERVICES)
2026-08-16 17:37:11.146 [main] DEBUG c.e.r.ProctoringRepositoryQueryTest [] - Running with Spring Boot v3.3.7, Spring v6.1.16
2026-08-16 17:37:11.148 [main] INFO  c.e.r.ProctoringRepositoryQueryTest [] - The following 1 profile is active: "dev"
2026-08-16 17:37:12.885 [main] INFO  o.s.d.r.c.RepositoryConfigurationDelegate [] - Bootstrapping Spring Data JPA repositories in DEFAULT mode.
2026-08-16 17:37:13.274 [main] INFO  o.s.d.r.c.RepositoryConfigurationDelegate [] - Finished Spring Data repository scanning in 369 ms. Found 17 JPA repository interfaces.
2026-08-16 17:37:13.458 [main] INFO  o.s.b.t.a.j.TestDatabaseAutoConfiguration$EmbeddedDataSourceBeanFactoryPostProcessor [] - Replacing 'dataSource' DataSource bean with embedded version
2026-08-16 17:37:13.935 [main] INFO  o.s.j.d.e.EmbeddedDatabaseFactory [] - Starting embedded database: url='jdbc:h2:mem:b6df512c-8c6e-4cb5-bd40-3dd8fbc58109;DB_CLOSE_DELAY=-1;DB_CLOSE_ON_EXIT=false', username='sa'
2026-08-16 17:37:14.712 [main] INFO  o.h.jpa.internal.util.LogHelper [] - HHH000204: Processing PersistenceUnitInfo [name: default]
2026-08-16 17:37:14.940 [main] INFO  org.hibernate.Version [] - HHH000412: Hibernate ORM core version 6.5.3.Final
2026-08-16 17:37:15.070 [main] INFO  o.h.c.i.RegionFactoryInitiator [] - HHH000026: Second-level cache disabled
2026-08-16 17:37:16.019 [main] INFO  o.s.o.j.p.SpringPersistenceUnitInfo [] - No LoadTimeWeaver setup: ignoring JPA class transformer
2026-08-16 17:37:16.173 [main] WARN  org.hibernate.orm.deprecation [] - HHH90000025: H2Dialect does not need to be specified explicitly using 'hibernate.dialect' (remove the property setting and it will be selected by default)
2026-08-16 17:37:19.888 [main] INFO  o.h.e.t.j.p.i.JtaPlatformInitiator [] - HHH000489: No JTA platform available (set 'hibernate.transaction.jta.platform' to enable JTA platform integration)
2026-08-16 17:37:20.224 [main] INFO  o.s.o.j.LocalContainerEntityManagerFactoryBean [] - Initialized JPA EntityManagerFactory for persistence unit 'default'
2026-08-16 17:37:21.202 [main] INFO  o.s.d.j.r.query.QueryEnhancerFactory [] - Hibernate is in classpath; If applicable, HQL parser will be used.
2026-08-16 17:37:25.151 [main] INFO  c.e.r.ProctoringRepositoryQueryTest [] - Started ProctoringRepositoryQueryTest in 15.535 seconds (process running for 19.065)
2026-08-16 17:37:30.099 [main] INFO  c.e.s.impl.ProctoringServiceImpl [] - Proctoring violation recorded: sessionId=301, violationType=WEBCAM_OFF, level=1, action=WARNING
2026-08-16 17:37:30.149 [main] INFO  c.e.s.impl.ExamInvalidationHandler [] - Certification application marked TERMINATED after proctoring invalidation: sessionId=300 applicationId=400
2026-08-16 17:37:30.150 [main] INFO  c.e.s.impl.ProctoringServiceImpl [] - Proctoring violation recorded: sessionId=300, violationType=TAB_SWITCH, level=3, action=EXAM_TERMINATED
2026-08-16 17:37:33.208 [main] WARN  c.e.s.impl.CertificateServiceImpl [] - Stored certificate file unusable or outdated, regenerating: certificateNumber=CERT-2026-L2-0A015D6F, path=/var/folders/gq/2kfys2fs5gl308m8p26jsn_c0000gn/T/junit6879106986779655983/CERT-2026-L2-0A015D6F.pdf
2026-08-16 17:37:33.821 [main] WARN  c.e.s.impl.CertificateServiceImpl [] - Stored certificate file unusable or outdated, regenerating: certificateNumber=CERT-2026-L2-0A015D6F, path=/var/folders/gq/2kfys2fs5gl308m8p26jsn_c0000gn/T/junit15007283318367119706/CERT-2026-L2-0A015D6F.pdf
2026-08-16 17:37:33.984 [main] WARN  c.e.s.impl.CertificateServiceImpl [] - Stored certificate file unusable or outdated, regenerating: certificateNumber=CERT-2026-L2-0A015D6F, path=/var/folders/gq/2kfys2fs5gl308m8p26jsn_c0000gn/T/junit7716154799247380814/CERT-2026-L2-0A015D6F.pdf
2026-08-16 17:37:34.098 [main] WARN  c.e.s.impl.CertificateServiceImpl [] - Stored certificate file unusable or outdated, regenerating: certificateNumber=CERT-2026-L2-0A015D6F, path=/var/folders/gq/2kfys2fs5gl308m8p26jsn_c0000gn/T/junit2601971438629588917/CERT-2026-L2-0A015D6F.pdf
2026-08-16 17:37:34.872 [main] WARN  c.e.s.i.PdfBoxCertificatePdfGeneratorService [] - Candidate name truncated on certificate: originalLength=210
2026-08-16 17:37:36.125 [main] INFO  c.e.s.impl.ExamWorkflowServiceImpl [] - Exam resume applicationId=30 sessionToken=f26e7fdb-5638-4fb2-bc9b-72a20854ccb6 questionCount=2 remainingSeconds=2700 answersRestored=2
2026-08-16 17:37:36.157 [main] INFO  c.e.s.impl.ExamWorkflowServiceImpl [] - Exam resume applicationId=30 sessionToken=010bf44d-a215-442f-a52a-a2c82b5d395f questionCount=1 remainingSeconds=3540 answersRestored=0
2026-08-16 17:37:36.303 [main] INFO  c.e.s.impl.ExamWorkflowServiceImpl [] - Exam started applicationId=30 sessionToken=d33adeb5-32cf-46c3-bb30-366320b0192c questionCount=30
2026-08-16 17:37:36.337 [main] DEBUG c.e.s.impl.ExamWorkflowServiceImpl [] - Exam progress saved sessionToken=6c06e883-bbb1-44c4-8597-4996e23c6010 answered=0 marked=0
2026-08-16 17:37:36.350 [main] INFO  c.e.s.impl.ExamWorkflowServiceImpl [] - Exam resume applicationId=30 sessionToken=d57192b3-f0ff-4efa-b5a5-98f81d5ca32c questionCount=1 remainingSeconds=3000 answersRestored=0
2026-08-16 17:37:36.426 [main] INFO  c.e.s.impl.ExamWorkflowServiceImpl [] - Exam resume applicationId=30 sessionToken=273042f1-24fc-4bd1-9db9-34683813953d questionCount=1 remainingSeconds=2700 answersRestored=0
2026-08-16 17:37:36.540 [main] DEBUG c.e.s.impl.ExamWorkflowServiceImpl [] - Exam progress saved sessionToken=0592a0b2-4d68-481f-9a0a-319f3a33b999 answered=1 marked=1
2026-08-16 17:37:36.742 [main] WARN  c.e.s.impl.ExamInvalidationHandler [] - No certification application found to mark as terminated after exam invalidation: sessionId=300 examCode=EX-L1
2026-08-16 17:37:36.743 [main] INFO  c.e.s.impl.ViolationStrikeRecorder [] - AI proctoring violation recorded: sessionId=300 type=MULTIPLE_FACES strike=3/3 action=EXAM_TERMINATED evidence=false
2026-08-16 17:37:36.766 [main] WARN  c.e.s.impl.ViolationStrikeRecorder [] - Discarding malformed evidence frame for sessionId=300: Illegal base64 character 21
2026-08-16 17:37:36.767 [main] INFO  c.e.s.impl.ViolationStrikeRecorder [] - AI proctoring violation recorded: sessionId=300 type=PHONE_DETECTED strike=1/3 action=WARNING evidence=false
2026-08-16 17:37:36.777 [main] DEBUG c.e.s.impl.ViolationStrikeRecorder [] - Ignoring violation for non-active session: sessionId=300 status=INVALIDATED type=PHONE_DETECTED
2026-08-16 17:37:36.790 [main] INFO  c.e.s.impl.ViolationStrikeRecorder [] - AI proctoring violation recorded: sessionId=300 type=PHONE_DETECTED strike=1/3 action=WARNING evidence=false
2026-08-16 17:37:36.802 [main] INFO  c.e.s.impl.ViolationStrikeRecorder [] - AI proctoring violation recorded: sessionId=300 type=SOUND_DETECTED strike=2/3 action=WARNING evidence=false
2026-08-16 17:37:36.816 [main] INFO  c.e.s.impl.ViolationStrikeRecorder [] - AI proctoring violation recorded: sessionId=300 type=PHONE_DETECTED strike=1/3 action=WARNING evidence=true
2026-08-16 17:37:36.842 [main] WARN  c.e.s.impl.ViolationStrikeRecorder [] - Rejected proctoring violation: studentId mismatch. caller=candidate@example.com claimed=EMS-9999 owner=EMS-0007 sessionId=300
2026-08-16 17:37:36.857 [main] INFO  c.e.s.impl.ViolationStrikeRecorder [] - AI proctoring violation recorded: sessionId=300 type=PHONE_DETECTED strike=1/3 action=WARNING evidence=false
2026-08-16 17:37:36.867 [main] INFO  c.e.s.impl.ExamInvalidationHandler [] - Certification application marked TERMINATED after proctoring invalidation: sessionId=300 applicationId=400
2026-08-16 17:37:36.868 [main] INFO  c.e.s.impl.ViolationStrikeRecorder [] - AI proctoring violation recorded: sessionId=300 type=PHONE_DETECTED strike=3/3 action=EXAM_TERMINATED evidence=false
2026-08-16 17:37:36.877 [main] INFO  c.e.s.impl.ViolationStrikeRecorder [] - AI proctoring violation recorded: sessionId=300 type=PROCTOR_SETUP_INVALID strike=2/3 action=FLAGGED_FOR_REVIEW evidence=false
2026-08-16 17:37:36.889 [main] INFO  c.e.s.impl.ViolationStrikeRecorder [] - AI proctoring violation recorded: sessionId=300 type=EYES_OFF_SCREEN strike=0/3 action=FLAGGED_FOR_REVIEW evidence=true
2026-08-16 17:37:36.894 [main] INFO  c.e.s.impl.ViolationStrikeRecorder [] - AI proctoring violation recorded: sessionId=300 type=SOUND_DETECTED strike=1/3 action=LOGGED evidence=false
2026-08-16 17:37:36.906 [main] INFO  c.e.s.impl.ViolationStrikeRecorder [] - AI proctoring violation recorded: sessionId=300 type=VOICE_DETECTED strike=1/3 action=WARNING evidence=false
2026-08-16 17:37:36.910 [main] INFO  c.e.s.impl.ViolationStrikeRecorder [] - AI proctoring violation recorded: sessionId=300 type=SOUND_DETECTED strike=0/3 action=LOGGED evidence=false
2026-08-16 17:37:36.920 [main] INFO  c.e.s.impl.ViolationStrikeRecorder [] - AI proctoring violation recorded: sessionId=300 type=EYES_OFF_SCREEN strike=1/3 action=FLAGGED_FOR_REVIEW evidence=false
2026-08-16 17:37:36.933 [main] INFO  c.e.s.impl.ExamInvalidationHandler [] - Certification application marked TERMINATED after proctoring invalidation: sessionId=300 applicationId=400
2026-08-16 17:37:36.933 [main] INFO  c.e.s.impl.ViolationStrikeRecorder [] - AI proctoring violation recorded: sessionId=300 type=SOUND_DETECTED strike=3/3 action=EXAM_TERMINATED evidence=false
2026-08-16 17:37:36.975 [SpringApplicationShutdownHook] INFO  o.s.o.j.LocalContainerEntityManagerFactoryBean [] - Closing JPA EntityManagerFactory for persistence unit 'default'
2026-08-16 17:44:00.279 [SpringApplicationShutdownHook] INFO  o.s.b.w.e.tomcat.GracefulShutdown [] - Commencing graceful shutdown. Waiting for active requests to complete
2026-08-16 17:44:00.304 [tomcat-shutdown] INFO  o.s.b.w.e.tomcat.GracefulShutdown [] - Graceful shutdown complete
2026-08-16 17:44:00.344 [SpringApplicationShutdownHook] INFO  o.s.o.j.LocalContainerEntityManagerFactoryBean [] - Closing JPA EntityManagerFactory for persistence unit 'default'
2026-08-16 17:44:00.360 [SpringApplicationShutdownHook] INFO  com.zaxxer.hikari.HikariDataSource [] - HikariPool-1 - Shutdown initiated...
2026-08-16 17:44:00.380 [SpringApplicationShutdownHook] INFO  com.zaxxer.hikari.HikariDataSource [] - HikariPool-1 - Shutdown completed.
2026-08-16 17:44:27.930 [background-preinit] INFO  o.h.validator.internal.util.Version [] - HV000001: Hibernate Validator 8.0.2.Final
2026-08-16 17:44:28.085 [main] INFO  com.ems.EmsBackendApplication [] - Starting EmsBackendApplication using Java 21.0.12 with PID 36402 (/Users/vignesh/ems/EMS_SERVICES/target/classes started by vignesh in /Users/vignesh/ems/EMS_SERVICES)
2026-08-16 17:44:28.088 [main] INFO  com.ems.EmsBackendApplication [] - The following 1 profile is active: "postgresql"
2026-08-16 17:44:34.601 [main] INFO  o.s.d.r.c.RepositoryConfigurationDelegate [] - Bootstrapping Spring Data JPA repositories in DEFAULT mode.
2026-08-16 17:44:35.065 [main] INFO  o.s.d.r.c.RepositoryConfigurationDelegate [] - Finished Spring Data repository scanning in 441 ms. Found 17 JPA repository interfaces.
2026-08-16 17:44:39.466 [main] INFO  o.s.b.w.e.tomcat.TomcatWebServer [] - Tomcat initialized with port 8080 (http)
2026-08-16 17:44:39.514 [main] INFO  o.a.coyote.http11.Http11NioProtocol [] - Initializing ProtocolHandler ["http-nio-8080"]
2026-08-16 17:44:39.521 [main] INFO  o.a.catalina.core.StandardService [] - Starting service [Tomcat]
2026-08-16 17:44:39.522 [main] INFO  o.a.catalina.core.StandardEngine [] - Starting Servlet engine: [Apache Tomcat/10.1.34]
2026-08-16 17:44:39.723 [main] INFO  o.a.c.c.C.[Tomcat].[localhost].[/] [] - Initializing Spring embedded WebApplicationContext
2026-08-16 17:44:39.724 [main] INFO  o.s.b.w.s.c.ServletWebServerApplicationContext [] - Root WebApplicationContext: initialization completed in 11504 ms
2026-08-16 17:44:42.489 [main] INFO  com.zaxxer.hikari.HikariDataSource [] - HikariPool-1 - Starting...
2026-08-16 17:44:45.754 [main] INFO  com.zaxxer.hikari.pool.HikariPool [] - HikariPool-1 - Added connection org.postgresql.jdbc.PgConnection@5213b887
2026-08-16 17:44:45.757 [main] INFO  com.zaxxer.hikari.HikariDataSource [] - HikariPool-1 - Start completed.
2026-08-16 17:44:45.983 [main] INFO  org.flywaydb.core.FlywayExecutor [] - Database: jdbc:postgresql://ep-shiny-dew-azddlrs7-pooler.c-3.ap-southeast-1.aws.neon.tech/neondb (PostgreSQL 18.4)
2026-08-16 17:44:46.440 [main] WARN  o.f.c.i.database.base.Database [] - Flyway upgrade recommended: PostgreSQL 18.4 is newer than this version of Flyway and support has not been tested. The latest supported version of PostgreSQL is 16.
2026-08-16 17:44:47.102 [main] INFO  o.f.core.internal.command.DbValidate [] - Successfully validated 25 migrations (execution time 00:00.552s)
2026-08-16 17:44:47.923 [main] INFO  o.f.core.internal.command.DbMigrate [] - Current version of schema "public": 25
2026-08-16 17:44:47.991 [main] INFO  o.f.core.internal.command.DbMigrate [] - Schema "public" is up to date. No migration necessary.
2026-08-16 17:44:48.630 [main] INFO  o.h.jpa.internal.util.LogHelper [] - HHH000204: Processing PersistenceUnitInfo [name: default]
2026-08-16 17:44:48.892 [main] INFO  org.hibernate.Version [] - HHH000412: Hibernate ORM core version 6.5.3.Final
2026-08-16 17:44:49.023 [main] INFO  o.h.c.i.RegionFactoryInitiator [] - HHH000026: Second-level cache disabled
2026-08-16 17:44:50.500 [main] INFO  o.s.o.j.p.SpringPersistenceUnitInfo [] - No LoadTimeWeaver setup: ignoring JPA class transformer
2026-08-16 17:44:50.971 [main] WARN  org.hibernate.orm.deprecation [] - HHH90000025: PostgreSQLDialect does not need to be specified explicitly using 'hibernate.dialect' (remove the property setting and it will be selected by default)
2026-08-16 17:44:56.765 [main] INFO  o.h.e.t.j.p.i.JtaPlatformInitiator [] - HHH000489: No JTA platform available (set 'hibernate.transaction.jta.platform' to enable JTA platform integration)
2026-08-16 17:45:02.325 [main] INFO  o.s.o.j.LocalContainerEntityManagerFactoryBean [] - Initialized JPA EntityManagerFactory for persistence unit 'default'
2026-08-16 17:45:03.237 [main] INFO  o.s.d.j.r.query.QueryEnhancerFactory [] - Hibernate is in classpath; If applicable, HQL parser will be used.
2026-08-16 17:45:08.652 [main] INFO  o.s.s.c.a.a.c.InitializeAuthenticationProviderBeanManagerConfigurer$InitializeAuthenticationProviderManagerConfigurer [] - Global AuthenticationManager configured with AuthenticationProvider bean with name authenticationProvider
2026-08-16 17:45:08.653 [main] WARN  o.s.s.c.a.a.c.InitializeUserDetailsBeanManagerConfigurer$InitializeUserDetailsManagerConfigurer [] - Global AuthenticationManager configured with an AuthenticationProvider bean. UserDetailsService beans will not be used for username/password login. Consider removing the AuthenticationProvider bean. Alternatively, consider using the UserDetailsService in a manually instantiated DaoAuthenticationProvider.
2026-08-16 17:45:13.571 [main] INFO  o.s.b.a.e.web.EndpointLinksResolver [] - Exposing 6 endpoints beneath base path '/actuator'
2026-08-16 17:45:16.878 [main] INFO  o.a.coyote.http11.Http11NioProtocol [] - Starting ProtocolHandler ["http-nio-8080"]
2026-08-16 17:45:16.944 [main] INFO  o.s.b.w.e.tomcat.TomcatWebServer [] - Tomcat started on port 8080 (http) with context path '/'
2026-08-16 17:45:16.992 [main] INFO  com.ems.EmsBackendApplication [] - Started EmsBackendApplication in 51.388 seconds (process running for 53.319)
2026-08-16 17:45:37.022 [http-nio-8080-exec-1] INFO  o.a.c.c.C.[Tomcat].[localhost].[/] [] - Initializing Spring DispatcherServlet 'dispatcherServlet'
2026-08-16 17:45:37.028 [http-nio-8080-exec-1] INFO  o.s.web.servlet.DispatcherServlet [] - Initializing Servlet 'dispatcherServlet'
2026-08-16 17:45:37.050 [http-nio-8080-exec-1] INFO  o.s.web.servlet.DispatcherServlet [] - Completed initialization in 14 ms
2026-08-16 17:45:37.437 [http-nio-8080-exec-1] INFO  c.e.config.RequestAuditLoggingFilter [59f74c5a-affd-4f64-8fa0-2994793cc23e] - http_request method=OPTIONS uri=/api/auth/login status=200 durationMs=322 remoteAddr=0:0:0:0:0:0:0:1
2026-08-16 17:45:44.133 [http-nio-8080-exec-2] INFO  c.e.s.impl.AuthenticationServiceImpl [6ccafa08-6df9-4bce-9a5a-9113d3328007] - Login success for userId=Aaru@123, email=aaru@gmail.com
2026-08-16 17:45:45.272 [http-nio-8080-exec-2] INFO  c.e.config.RequestAuditLoggingFilter [6ccafa08-6df9-4bce-9a5a-9113d3328007] - http_request method=POST uri=/api/auth/login status=200 durationMs=7797 remoteAddr=0:0:0:0:0:0:0:1
2026-08-16 17:45:45.977 [http-nio-8080-exec-3] INFO  c.e.config.RequestAuditLoggingFilter [1576e12f-3eb0-4438-ace2-5680b0892684] - http_request method=OPTIONS uri=/api/dashboard/me status=200 durationMs=6 remoteAddr=0:0:0:0:0:0:0:1
2026-08-16 17:45:45.982 [http-nio-8080-exec-4] INFO  c.e.config.RequestAuditLoggingFilter [39987179-a6f6-4e74-b555-0aa25083ce8c] - http_request method=OPTIONS uri=/api/users/me/photo status=200 durationMs=6 remoteAddr=0:0:0:0:0:0:0:1
2026-08-16 17:45:45.983 [http-nio-8080-exec-5] INFO  c.e.config.RequestAuditLoggingFilter [59eb04fd-7436-4e20-9b75-f58d71926d2c] - http_request method=OPTIONS uri=/api/dashboard/me status=200 durationMs=6 remoteAddr=0:0:0:0:0:0:0:1
2026-08-16 17:45:45.986 [http-nio-8080-exec-6] INFO  c.e.config.RequestAuditLoggingFilter [357464a9-51fc-4c29-b1a0-dc634a7f940f] - http_request method=OPTIONS uri=/api/users/me/photo status=200 durationMs=5 remoteAddr=0:0:0:0:0:0:0:1
2026-08-16 17:45:46.752 [http-nio-8080-exec-10] INFO  c.e.config.RequestAuditLoggingFilter [7465928e-6271-4650-a7d5-a46630eee586] - http_request method=GET uri=/api/users/me/photo status=200 durationMs=754 remoteAddr=0:0:0:0:0:0:0:1
2026-08-16 17:45:46.774 [http-nio-8080-exec-9] INFO  c.e.config.RequestAuditLoggingFilter [9e4053e7-2c4f-4298-a71d-fc88afe6c1ed] - http_request method=GET uri=/api/users/me/photo status=200 durationMs=778 remoteAddr=0:0:0:0:0:0:0:1
2026-08-16 17:45:50.072 [http-nio-8080-exec-7] INFO  c.e.config.RequestAuditLoggingFilter [8a2d1e73-b487-4d49-b7e1-5bd81ac1d52b] - http_request method=GET uri=/api/dashboard/me status=200 durationMs=4078 remoteAddr=0:0:0:0:0:0:0:1
2026-08-16 17:45:50.067 [http-nio-8080-exec-8] INFO  c.e.config.RequestAuditLoggingFilter [03cf3aa7-8e4e-4414-93fc-77793e07befd] - http_request method=GET uri=/api/dashboard/me status=200 durationMs=4074 remoteAddr=0:0:0:0:0:0:0:1
2026-08-16 17:46:04.131 [http-nio-8080-exec-11] INFO  c.e.config.RequestAuditLoggingFilter [84ffca2d-0b9e-4332-abe7-5c610efbc5d9] - http_request method=OPTIONS uri=/api/dashboard/me status=200 durationMs=5 remoteAddr=0:0:0:0:0:0:0:1
2026-08-16 17:46:04.132 [http-nio-8080-exec-12] INFO  c.e.config.RequestAuditLoggingFilter [4d9c0764-abcf-4cc9-99d9-d2c2d83c46d7] - http_request method=OPTIONS uri=/api/dashboard/me status=200 durationMs=2 remoteAddr=0:0:0:0:0:0:0:1
2026-08-16 17:46:04.355 [http-nio-8080-exec-14] INFO  c.e.config.RequestAuditLoggingFilter [a9805e27-a20c-4046-a7e3-6a21318a1ebf] - http_request method=GET uri=/api/dashboard/me status=200 durationMs=211 remoteAddr=0:0:0:0:0:0:0:1
2026-08-16 17:46:04.372 [http-nio-8080-exec-13] INFO  c.e.config.RequestAuditLoggingFilter [6907438a-4265-457a-9eb2-b6facbcf1cfc] - http_request method=GET uri=/api/dashboard/me status=200 durationMs=229 remoteAddr=0:0:0:0:0:0:0:1
2026-08-16 17:46:09.491 [http-nio-8080-exec-15] INFO  c.e.config.RequestAuditLoggingFilter [12241576-85a7-4f4a-9aec-9cf62f3358ef] - http_request method=OPTIONS uri=/api/dashboard/me status=200 durationMs=2 remoteAddr=0:0:0:0:0:0:0:1
2026-08-16 17:46:09.529 [http-nio-8080-exec-16] INFO  c.e.config.RequestAuditLoggingFilter [851acff1-19d7-4c3f-b86d-7cb9a7f27ed6] - http_request method=OPTIONS uri=/api/exam-workflow/re-applyable status=200 durationMs=4 remoteAddr=0:0:0:0:0:0:0:1
2026-08-16 17:46:09.540 [http-nio-8080-exec-17] INFO  c.e.config.RequestAuditLoggingFilter [6d58687b-7904-4361-8f21-999af7875ee0] - http_request method=OPTIONS uri=/api/dashboard/me status=200 durationMs=5 remoteAddr=0:0:0:0:0:0:0:1
2026-08-16 17:46:09.540 [http-nio-8080-exec-18] INFO  c.e.config.RequestAuditLoggingFilter [9e3bf475-6c65-489e-a446-6c631113071e] - http_request method=OPTIONS uri=/api/exam-workflow/re-applyable status=200 durationMs=5 remoteAddr=0:0:0:0:0:0:0:1
2026-08-16 17:46:10.685 [http-nio-8080-exec-15] INFO  c.e.config.RequestAuditLoggingFilter [74d80500-1c66-4730-b033-be069733f130] - http_request method=GET uri=/api/dashboard/me status=200 durationMs=1181 remoteAddr=0:0:0:0:0:0:0:1
2026-08-16 17:46:10.808 [http-nio-8080-exec-20] INFO  c.e.config.RequestAuditLoggingFilter [ff59815b-59e0-4360-b08d-123b21b5987d] - http_request method=GET uri=/api/dashboard/me status=200 durationMs=1250 remoteAddr=0:0:0:0:0:0:0:1
2026-08-16 17:46:11.427 [http-nio-8080-exec-18] INFO  c.e.config.RequestAuditLoggingFilter [ff8fcd80-22fe-4cb0-bf52-7ff7c710a8d3] - http_request method=GET uri=/api/exam-workflow/re-applyable status=200 durationMs=1872 remoteAddr=0:0:0:0:0:0:0:1
2026-08-16 17:46:11.429 [http-nio-8080-exec-19] INFO  c.e.config.RequestAuditLoggingFilter [e6dcef89-7c60-4e0d-9b6c-2f76ccb7cf62] - http_request method=GET uri=/api/exam-workflow/re-applyable status=200 durationMs=1884 remoteAddr=0:0:0:0:0:0:0:1
2026-08-16 17:46:21.236 [http-nio-8080-exec-2] INFO  c.e.config.RequestAuditLoggingFilter [a345449e-8070-439b-a716-59eece75836e] - http_request method=OPTIONS uri=/api/certificates/me status=200 durationMs=3 remoteAddr=0:0:0:0:0:0:0:1
2026-08-16 17:46:21.242 [http-nio-8080-exec-1] INFO  c.e.config.RequestAuditLoggingFilter [bff7e0de-7857-4f4c-9c61-a5b97caf80dd] - http_request method=OPTIONS uri=/api/certificates/me status=200 durationMs=12 remoteAddr=0:0:0:0:0:0:0:1
2026-08-16 17:46:22.010 [http-nio-8080-exec-4] INFO  c.e.config.RequestAuditLoggingFilter [f11ad6f6-23ac-49b0-b669-933eb9e1b6b5] - http_request method=GET uri=/api/certificates/me status=200 durationMs=757 remoteAddr=0:0:0:0:0:0:0:1
2026-08-16 17:46:22.012 [http-nio-8080-exec-3] INFO  c.e.config.RequestAuditLoggingFilter [4f7c54e0-b52b-4ff4-8f49-88342c9e4d5a] - http_request method=GET uri=/api/certificates/me status=200 durationMs=759 remoteAddr=0:0:0:0:0:0:0:1
2026-08-16 17:46:25.886 [http-nio-8080-exec-5] INFO  c.e.config.RequestAuditLoggingFilter [35232f9b-db32-4b64-9bb0-b14c0f52049a] - http_request method=OPTIONS uri=/api/certificates/CERT-2026-L2-0A015D6F/download status=200 durationMs=17 remoteAddr=0:0:0:0:0:0:0:1
2026-08-16 17:46:26.709 [http-nio-8080-exec-6] WARN  c.e.s.impl.CertificateServiceImpl [3edf8fdd-645a-47f2-bdf8-e0ce46104a6e] - Stored certificate file unusable or outdated, regenerating: certificateNumber=CERT-2026-L2-0A015D6F, path=/Users/vignesh/ems/EMS_SERVICES/storage/certificates/CERT-2026-L2-0A015D6F.pdf
2026-08-16 17:46:28.981 [http-nio-8080-exec-6] INFO  c.e.config.RequestAuditLoggingFilter [3edf8fdd-645a-47f2-bdf8-e0ce46104a6e] - http_request method=GET uri=/api/certificates/CERT-2026-L2-0A015D6F/download status=200 durationMs=2991 remoteAddr=0:0:0:0:0:0:0:1
2026-08-16 17:46:42.702 [http-nio-8080-exec-7] INFO  c.e.config.RequestAuditLoggingFilter [265adb3e-d408-4e56-bba1-723eb84e8c03] - http_request method=OPTIONS uri=/api/certificates/me status=200 durationMs=2 remoteAddr=0:0:0:0:0:0:0:1
2026-08-16 17:46:42.706 [http-nio-8080-exec-10] INFO  c.e.config.RequestAuditLoggingFilter [f4298e5f-bdb3-4a02-893a-b82240bcb13d] - http_request method=OPTIONS uri=/api/results/me status=200 durationMs=3 remoteAddr=0:0:0:0:0:0:0:1
2026-08-16 17:46:42.702 [http-nio-8080-exec-9] INFO  c.e.config.RequestAuditLoggingFilter [7a50b403-1d13-44b7-8bd6-710ea38b8bf0] - http_request method=OPTIONS uri=/api/results/me status=200 durationMs=2 remoteAddr=0:0:0:0:0:0:0:1
2026-08-16 17:46:42.713 [http-nio-8080-exec-8] INFO  c.e.config.RequestAuditLoggingFilter [2a4628a4-360a-44d6-8f66-94a2dbbebc30] - http_request method=OPTIONS uri=/api/certificates/me status=200 durationMs=9 remoteAddr=0:0:0:0:0:0:0:1
2026-08-16 17:46:43.584 [http-nio-8080-exec-13] INFO  c.e.config.RequestAuditLoggingFilter [5fab0d74-e309-4e78-9c3f-179714108b49] - http_request method=GET uri=/api/certificates/me status=200 durationMs=851 remoteAddr=0:0:0:0:0:0:0:1
2026-08-16 17:46:43.660 [http-nio-8080-exec-9] INFO  c.e.config.RequestAuditLoggingFilter [c2061462-b911-42c2-afc1-3408ab610494] - http_request method=GET uri=/api/certificates/me status=200 durationMs=940 remoteAddr=0:0:0:0:0:0:0:1
2026-08-16 17:46:44.326 [http-nio-8080-exec-8] INFO  c.e.config.RequestAuditLoggingFilter [481bb1f6-5e3d-4ed2-8342-97c54670ccd6] - http_request method=GET uri=/api/results/me status=200 durationMs=1601 remoteAddr=0:0:0:0:0:0:0:1
2026-08-16 17:46:44.502 [http-nio-8080-exec-12] INFO  c.e.config.RequestAuditLoggingFilter [192b6cba-f444-4b92-b220-21cc8b842de2] - http_request method=GET uri=/api/results/me status=200 durationMs=1779 remoteAddr=0:0:0:0:0:0:0:1
2026-08-16 17:46:49.595 [http-nio-8080-exec-16] INFO  c.e.config.RequestAuditLoggingFilter [49b5b8e7-9dc2-4cf7-b43c-dbea26666dbd] - http_request method=OPTIONS uri=/api/dashboard/me status=200 durationMs=2 remoteAddr=0:0:0:0:0:0:0:1
2026-08-16 17:46:49.611 [http-nio-8080-exec-20] INFO  c.e.config.RequestAuditLoggingFilter [6f4ecff1-2de6-4a60-8390-f1d3a0f99a36] - http_request method=OPTIONS uri=/api/exam-workflow/re-applyable status=200 durationMs=8 remoteAddr=0:0:0:0:0:0:0:1
2026-08-16 17:46:49.595 [http-nio-8080-exec-17] INFO  c.e.config.RequestAuditLoggingFilter [29602acf-de72-4196-a3f0-c2da6974574c] - http_request method=OPTIONS uri=/api/dashboard/me status=200 durationMs=1 remoteAddr=0:0:0:0:0:0:0:1
2026-08-16 17:46:49.599 [http-nio-8080-exec-15] INFO  c.e.config.RequestAuditLoggingFilter [42ae62d8-fda3-435a-a5ce-e8dd2637f211] - http_request method=OPTIONS uri=/api/exam-workflow/re-applyable status=200 durationMs=1 remoteAddr=0:0:0:0:0:0:0:1
2026-08-16 17:46:49.890 [http-nio-8080-exec-17] INFO  c.e.config.RequestAuditLoggingFilter [1d99a836-9139-4113-b13e-ae5641c53e17] - http_request method=GET uri=/api/dashboard/me status=200 durationMs=225 remoteAddr=0:0:0:0:0:0:0:1
2026-08-16 17:46:49.913 [http-nio-8080-exec-20] INFO  c.e.config.RequestAuditLoggingFilter [02db60ae-4140-441c-857f-039e4428fbac] - http_request method=GET uri=/api/dashboard/me status=200 durationMs=276 remoteAddr=0:0:0:0:0:0:0:1
2026-08-16 17:46:50.223 [http-nio-8080-exec-18] INFO  c.e.config.RequestAuditLoggingFilter [42a5686c-97ff-4d7c-b71d-63447b1cc2b6] - http_request method=GET uri=/api/exam-workflow/re-applyable status=200 durationMs=551 remoteAddr=0:0:0:0:0:0:0:1
2026-08-16 17:46:50.226 [http-nio-8080-exec-2] INFO  c.e.config.RequestAuditLoggingFilter [10c841c7-33d8-43ef-8331-2976912e94c1] - http_request method=GET uri=/api/exam-workflow/re-applyable status=200 durationMs=547 remoteAddr=0:0:0:0:0:0:0:1
2026-08-16 17:57:39.681 [http-nio-8080-exec-6] INFO  c.e.config.RequestAuditLoggingFilter [f0209697-2981-491d-9457-d7736fe6f061] - http_request method=OPTIONS uri=/api/auth/logout status=200 durationMs=16 remoteAddr=0:0:0:0:0:0:0:1
2026-08-16 17:57:39.804 [http-nio-8080-exec-7] WARN  com.zaxxer.hikari.pool.PoolBase [8d8bc1d2-0817-4916-880e-8f1420e2f4ce] - HikariPool-1 - Failed to validate connection org.postgresql.jdbc.PgConnection@5213b887 (This connection has been closed.). Possibly consider using a shorter maxLifetime value.
2026-08-16 17:57:39.806 [http-nio-8080-exec-7] WARN  com.zaxxer.hikari.pool.PoolBase [8d8bc1d2-0817-4916-880e-8f1420e2f4ce] - HikariPool-1 - Failed to validate connection org.postgresql.jdbc.PgConnection@6690904b (This connection has been closed.). Possibly consider using a shorter maxLifetime value.
2026-08-16 17:57:39.809 [http-nio-8080-exec-7] WARN  com.zaxxer.hikari.pool.PoolBase [8d8bc1d2-0817-4916-880e-8f1420e2f4ce] - HikariPool-1 - Failed to validate connection org.postgresql.jdbc.PgConnection@b1dd174 (This connection has been closed.). Possibly consider using a shorter maxLifetime value.
2026-08-16 17:57:39.815 [http-nio-8080-exec-7] WARN  com.zaxxer.hikari.pool.PoolBase [8d8bc1d2-0817-4916-880e-8f1420e2f4ce] - HikariPool-1 - Failed to validate connection org.postgresql.jdbc.PgConnection@352452b5 (This connection has been closed.). Possibly consider using a shorter maxLifetime value.
2026-08-16 17:57:39.816 [http-nio-8080-exec-7] WARN  com.zaxxer.hikari.pool.PoolBase [8d8bc1d2-0817-4916-880e-8f1420e2f4ce] - HikariPool-1 - Failed to validate connection org.postgresql.jdbc.PgConnection@f472301 (This connection has been closed.). Possibly consider using a shorter maxLifetime value.
2026-08-16 17:57:41.105 [http-nio-8080-exec-7] INFO  c.e.s.impl.AuthenticationServiceImpl [8d8bc1d2-0817-4916-880e-8f1420e2f4ce] - Refresh token revoked successfully during logout
2026-08-16 17:57:41.178 [http-nio-8080-exec-7] INFO  c.e.config.RequestAuditLoggingFilter [8d8bc1d2-0817-4916-880e-8f1420e2f4ce] - http_request method=POST uri=/api/auth/logout status=200 durationMs=1484 remoteAddr=0:0:0:0:0:0:0:1
2026-08-16 19:36:33.344 [HikariPool-1 housekeeper] WARN  com.zaxxer.hikari.pool.HikariPool [] - HikariPool-1 - Thread starvation or clock leap detected (housekeeper delta=53m46s571ms).
2026-08-16 20:21:59.747 [HikariPool-1 housekeeper] WARN  com.zaxxer.hikari.pool.HikariPool [] - HikariPool-1 - Thread starvation or clock leap detected (housekeeper delta=24m55s137ms).
2026-08-16 23:06:00.046 [HikariPool-1 housekeeper] WARN  com.zaxxer.hikari.pool.HikariPool [] - HikariPool-1 - Thread starvation or clock leap detected (housekeeper delta=1h12m57s43ms).
2026-08-16 23:12:58.572 [HikariPool-1 housekeeper] WARN  com.zaxxer.hikari.pool.HikariPool [] - HikariPool-1 - Thread starvation or clock leap detected (housekeeper delta=1m27s40ms).
2026-08-16 23:41:25.817 [http-nio-8080-exec-11] INFO  c.e.config.RequestAuditLoggingFilter [943635dc-1b86-461c-9b7b-8cdb4ffed9df] - http_request method=OPTIONS uri=/api/auth/login status=200 durationMs=83 remoteAddr=0:0:0:0:0:0:0:1
2026-08-16 23:41:26.202 [http-nio-8080-exec-11] WARN  com.zaxxer.hikari.pool.PoolBase [d1885bf1-8f9a-4b1d-86b2-fcde3609bdbe] - HikariPool-1 - Failed to validate connection org.postgresql.jdbc.PgConnection@7247f486 (This connection has been closed.). Possibly consider using a shorter maxLifetime value.
2026-08-16 23:41:26.247 [http-nio-8080-exec-11] WARN  com.zaxxer.hikari.pool.PoolBase [d1885bf1-8f9a-4b1d-86b2-fcde3609bdbe] - HikariPool-1 - Failed to validate connection org.postgresql.jdbc.PgConnection@43ff262a (This connection has been closed.). Possibly consider using a shorter maxLifetime value.
2026-08-16 23:41:26.255 [http-nio-8080-exec-11] WARN  com.zaxxer.hikari.pool.PoolBase [d1885bf1-8f9a-4b1d-86b2-fcde3609bdbe] - HikariPool-1 - Failed to validate connection org.postgresql.jdbc.PgConnection@5f463763 (This connection has been closed.). Possibly consider using a shorter maxLifetime value.
2026-08-16 23:41:26.259 [http-nio-8080-exec-11] WARN  com.zaxxer.hikari.pool.PoolBase [d1885bf1-8f9a-4b1d-86b2-fcde3609bdbe] - HikariPool-1 - Failed to validate connection org.postgresql.jdbc.PgConnection@12680bc9 (This connection has been closed.). Possibly consider using a shorter maxLifetime value.
2026-08-16 23:41:26.263 [http-nio-8080-exec-11] WARN  com.zaxxer.hikari.pool.PoolBase [d1885bf1-8f9a-4b1d-86b2-fcde3609bdbe] - HikariPool-1 - Failed to validate connection org.postgresql.jdbc.PgConnection@10256544 (This connection has been closed.). Possibly consider using a shorter maxLifetime value.
2026-08-16 23:41:29.436 [http-nio-8080-exec-11] INFO  c.e.s.impl.AuthenticationServiceImpl [d1885bf1-8f9a-4b1d-86b2-fcde3609bdbe] - Login success for userId=Aaru@123, email=aaru@gmail.com
2026-08-16 23:41:30.000 [http-nio-8080-exec-11] INFO  c.e.config.RequestAuditLoggingFilter [d1885bf1-8f9a-4b1d-86b2-fcde3609bdbe] - http_request method=POST uri=/api/auth/login status=200 durationMs=4147 remoteAddr=0:0:0:0:0:0:0:1
2026-08-16 23:41:30.769 [http-nio-8080-exec-14] INFO  c.e.config.RequestAuditLoggingFilter [7cd97624-63ca-4fe0-be97-3d8bc0e9ed81] - http_request method=OPTIONS uri=/api/dashboard/me status=200 durationMs=4 remoteAddr=0:0:0:0:0:0:0:1
2026-08-16 23:41:30.795 [http-nio-8080-exec-14] INFO  c.e.config.RequestAuditLoggingFilter [3286d109-da69-4b8a-8c65-f27ee55bde22] - http_request method=OPTIONS uri=/api/users/me/photo status=200 durationMs=16 remoteAddr=0:0:0:0:0:0:0:1
2026-08-16 23:41:30.828 [http-nio-8080-exec-13] INFO  c.e.config.RequestAuditLoggingFilter [9bdb0c49-dae4-42d4-8b0a-5aa80e6e2a97] - http_request method=OPTIONS uri=/api/users/me/photo status=200 durationMs=56 remoteAddr=0:0:0:0:0:0:0:1
2026-08-16 23:41:30.835 [http-nio-8080-exec-9] INFO  c.e.config.RequestAuditLoggingFilter [d427320a-172b-469e-a3b1-b9c61e7def82] - http_request method=OPTIONS uri=/api/dashboard/me status=200 durationMs=8 remoteAddr=0:0:0:0:0:0:0:1
2026-08-16 23:41:31.413 [http-nio-8080-exec-9] INFO  c.e.config.RequestAuditLoggingFilter [bda2ccae-2678-49a3-aaa4-e9fd24864495] - http_request method=GET uri=/api/users/me/photo status=200 durationMs=570 remoteAddr=0:0:0:0:0:0:0:1
2026-08-16 23:41:31.904 [http-nio-8080-exec-19] INFO  c.e.config.RequestAuditLoggingFilter [206491b4-5ee0-4c92-a785-6c2c792bddc6] - http_request method=GET uri=/api/users/me/photo status=200 durationMs=488 remoteAddr=0:0:0:0:0:0:0:1
2026-08-16 23:41:34.799 [http-nio-8080-exec-14] INFO  c.e.config.RequestAuditLoggingFilter [481d4dd7-79ce-4f08-9c0d-8e5c81518528] - http_request method=GET uri=/api/dashboard/me status=200 durationMs=4000 remoteAddr=0:0:0:0:0:0:0:1
2026-08-16 23:41:35.005 [http-nio-8080-exec-15] INFO  c.e.config.RequestAuditLoggingFilter [3dd2dcdb-3b76-446f-981b-95f09eae28f5] - http_request method=GET uri=/api/dashboard/me status=200 durationMs=206 remoteAddr=0:0:0:0:0:0:0:1
2026-08-16 23:41:39.482 [http-nio-8080-exec-17] INFO  c.e.config.RequestAuditLoggingFilter [6327b942-4eb6-4274-b637-da9ece6c0bf4] - http_request method=GET uri=/api/dashboard/me status=200 durationMs=215 remoteAddr=0:0:0:0:0:0:0:1
2026-08-16 23:41:39.678 [http-nio-8080-exec-20] INFO  c.e.config.RequestAuditLoggingFilter [ee92a9d6-57ea-428c-8bca-a258dff01cc1] - http_request method=GET uri=/api/dashboard/me status=200 durationMs=194 remoteAddr=0:0:0:0:0:0:0:1
2026-08-16 23:41:56.582 [http-nio-8080-exec-18] INFO  c.e.config.RequestAuditLoggingFilter [327c7405-3f41-460e-93b0-3c8dfb2eba14] - http_request method=OPTIONS uri=/api/exam-workflow/applications/40/schedule status=200 durationMs=6 remoteAddr=0:0:0:0:0:0:0:1
2026-08-16 23:41:58.585 [http-nio-8080-exec-2] INFO  c.e.config.RequestAuditLoggingFilter [85078672-d857-4316-99a4-86c359b54c00] - http_request method=POST uri=/api/exam-workflow/applications/40/schedule status=200 durationMs=1993 remoteAddr=0:0:0:0:0:0:0:1
2026-08-16 23:42:23.043 [http-nio-8080-exec-3] INFO  c.e.config.RequestAuditLoggingFilter [ab3adcc3-b9b6-4036-9483-59fea1528d2f] - http_request method=GET uri=/api/dashboard/me status=200 durationMs=3431 remoteAddr=0:0:0:0:0:0:0:1
2026-08-16 23:42:23.271 [http-nio-8080-exec-5] INFO  c.e.config.RequestAuditLoggingFilter [a82e4ce5-e747-4659-8c5c-2dabf9e18fae] - http_request method=GET uri=/api/dashboard/me status=200 durationMs=226 remoteAddr=0:0:0:0:0:0:0:1
2026-08-16 23:43:47.607 [http-nio-8080-exec-10] INFO  c.e.config.RequestAuditLoggingFilter [0b46c672-309a-4381-8e54-e7f345855d6d] - http_request method=GET uri=/api/dashboard/me status=200 durationMs=411 remoteAddr=0:0:0:0:0:0:0:1
2026-08-16 23:43:47.760 [http-nio-8080-exec-11] INFO  c.e.config.RequestAuditLoggingFilter [01967ab7-cbd8-42f3-8d03-3f15df14ca60] - http_request method=GET uri=/api/users/me/photo status=200 durationMs=564 remoteAddr=0:0:0:0:0:0:0:1
2026-08-16 23:43:47.763 [http-nio-8080-exec-13] INFO  c.e.config.RequestAuditLoggingFilter [c95082ff-b95a-4893-b21d-cea3f44b2749] - http_request method=GET uri=/api/dashboard/me status=200 durationMs=152 remoteAddr=0:0:0:0:0:0:0:1
2026-08-16 23:43:48.461 [http-nio-8080-exec-8] INFO  c.e.config.RequestAuditLoggingFilter [edb9a735-d7a9-441b-a87e-6f31c656fc8a] - http_request method=GET uri=/api/users/me/photo status=200 durationMs=700 remoteAddr=0:0:0:0:0:0:0:1
2026-08-16 23:43:50.663 [SpringApplicationShutdownHook] INFO  o.s.b.w.e.tomcat.GracefulShutdown [] - Commencing graceful shutdown. Waiting for active requests to complete
2026-08-16 23:43:50.738 [tomcat-shutdown] INFO  o.s.b.w.e.tomcat.GracefulShutdown [] - Graceful shutdown complete
2026-08-16 23:43:50.865 [SpringApplicationShutdownHook] INFO  o.s.o.j.LocalContainerEntityManagerFactoryBean [] - Closing JPA EntityManagerFactory for persistence unit 'default'
2026-08-16 23:43:50.879 [SpringApplicationShutdownHook] INFO  com.zaxxer.hikari.HikariDataSource [] - HikariPool-1 - Shutdown initiated...
2026-08-16 23:43:51.303 [SpringApplicationShutdownHook] INFO  com.zaxxer.hikari.HikariDataSource [] - HikariPool-1 - Shutdown completed.
